datetime,count
2011-01-20 00:00:00,5.256032466888428
2011-01-20 01:00:00,2.5979676246643066
2011-01-20 02:00:00,0.9856667518615723
2011-01-20 03:00:00,0.753441333770752
2011-01-20 04:00:00,0.4945104122161865
2011-01-20 05:00:00,3.3082714080810547
2011-01-20 06:00:00,20.544736862182617
2011-01-20 07:00:00,68.19990539550781
2011-01-20 08:00:00,122.9777603149414
2011-01-20 09:00:00,62.629493713378906
2011-01-20 10:00:00,31.843036651611328
2011-01-20 11:00:00,36.920833587646484
2011-01-20 12:00:00,59.61247634887695
2011-01-20 13:00:00,48.66575241088867
2011-01-20 14:00:00,43.168800354003906
2011-01-20 15:00:00,39.964900970458984
2011-01-20 16:00:00,69.01557922363281
2011-01-20 17:00:00,151.17630004882812
2011-01-20 18:00:00,125.80590057373047
2011-01-20 19:00:00,73.40190887451172
2011-01-20 20:00:00,55.75479507446289
2011-01-20 21:00:00,37.321136474609375
2011-01-20 22:00:00,30.459400177001953
2011-01-20 23:00:00,12.922139167785645
2011-01-21 00:00:00,8.156124114990234
2011-01-21 01:00:00,3.0744705200195312
2011-01-21 02:00:00,1.8700354099273682
2011-01-21 03:00:00,0.7971158027648926
2011-01-21 04:00:00,0.527637243270874
2011-01-21 05:00:00,2.902531385421753
2011-01-21 06:00:00,14.219813346862793
2011-01-21 07:00:00,41.2127685546875
2011-01-21 08:00:00,93.47876739501953
2011-01-21 09:00:00,65.02518463134766
2011-01-21 10:00:00,32.762638092041016
2011-01-21 11:00:00,38.69771957397461
2011-01-21 12:00:00,38.54057693481445
2011-01-21 13:00:00,44.433223724365234
2011-01-21 14:00:00,36.54920196533203
2011-01-21 15:00:00,31.259498596191406
2011-01-21 16:00:00,47.61131286621094
2011-01-21 17:00:00,71.69512939453125
2011-01-21 18:00:00,55.29822540283203
2011-01-21 19:00:00,32.694252014160156
2011-01-21 20:00:00,25.06832504272461
2011-01-21 21:00:00,17.561134338378906
2011-01-21 22:00:00,11.64102554321289
2011-01-21 23:00:00,9.638434410095215
2011-01-22 00:00:00,9.915092468261719
2011-01-22 01:00:00,6.442861080169678
2011-01-22 02:00:00,5.975507736206055
2011-01-22 03:00:00,2.39839768409729
2011-01-22 04:00:00,0.37066516280174255
2011-01-22 06:00:00,0.7149876356124878
2011-01-22 07:00:00,2.544142484664917
2011-01-22 08:00:00,8.682990074157715
2011-01-22 09:00:00,17.544639587402344
2011-01-22 10:00:00,27.566246032714844
2011-01-22 11:00:00,30.145429611206055
2011-01-22 12:00:00,42.95655059814453
2011-01-22 13:00:00,59.523292541503906
2011-01-22 14:00:00,55.86092758178711
2011-01-22 15:00:00,55.5730094909668
2011-01-22 16:00:00,45.52714538574219
2011-01-22 17:00:00,47.18648910522461
2011-01-22 18:00:00,30.08622932434082
2011-01-22 19:00:00,23.129783630371094
2011-01-22 20:00:00,15.469137191772461
2011-01-22 21:00:00,14.02091121673584
2011-01-22 22:00:00,13.404666900634766
2011-01-22 23:00:00,8.631267547607422
2011-01-23 00:00:00,8.461112976074219
2011-01-23 01:00:00,7.71022891998291
2011-01-23 02:00:00,5.464581489562988
2011-01-23 03:00:00,3.614771842956543
2011-01-23 05:00:00,0.0
2011-01-23 06:00:00,0.2586664855480194
2011-01-23 07:00:00,1.796485185623169
2011-01-23 08:00:00,6.619637489318848
2011-01-23 09:00:00,13.86117935180664
2011-01-23 10:00:00,32.35948181152344
2011-01-23 11:00:00,42.05569839477539
2011-01-23 12:00:00,44.64112091064453
2011-01-23 13:00:00,51.4682731628418
2011-01-23 14:00:00,46.39152908325195
2011-01-23 15:00:00,44.54497528076172
2011-01-23 16:00:00,52.13999938964844
2011-01-23 17:00:00,39.61320495605469
2011-01-23 18:00:00,30.919002532958984
2011-01-23 19:00:00,19.115100860595703
2011-01-23 20:00:00,15.451013565063477
2011-01-23 21:00:00,10.690412521362305
2011-01-23 22:00:00,6.563737869262695
2011-01-23 23:00:00,3.4023265838623047
2011-01-24 00:00:00,3.5644798278808594
2011-01-24 01:00:00,1.2417964935302734
2011-01-24 03:00:00,0.2554371953010559
2011-01-24 04:00:00,0.8757524490356445
2011-01-24 05:00:00,2.2149159908294678
2011-01-24 06:00:00,13.099376678466797
2011-01-24 07:00:00,39.63402557373047
2011-01-24 08:00:00,92.0588150024414
2011-01-24 09:00:00,47.81617736816406
2011-01-24 10:00:00,26.354923248291016
2011-01-24 11:00:00,25.8955135345459
2011-01-24 12:00:00,31.994056701660156
2011-01-24 13:00:00,35.0655403137207
2011-01-24 14:00:00,31.409496307373047
2011-01-24 15:00:00,33.84269332885742
2011-01-24 16:00:00,44.98938751220703
2011-01-24 17:00:00,112.41826629638672
2011-01-24 18:00:00,87.54682159423828
2011-01-24 19:00:00,53.94317626953125
2011-01-24 20:00:00,42.947811126708984
2011-01-24 21:00:00,24.28252601623535
2011-01-24 22:00:00,14.647828102111816
2011-01-24 23:00:00,7.955585479736328
2011-01-25 00:00:00,3.372709274291992
2011-01-25 01:00:00,0.9284489154815674
2011-01-25 02:00:00,0.2784523367881775
2011-01-25 04:00:00,0.2895081043243408
2011-01-25 05:00:00,2.0274736881256104
2011-01-25 06:00:00,16.605804443359375
2011-01-25 07:00:00,43.406314849853516
2011-01-25 08:00:00,102.81594848632812
2011-01-25 09:00:00,66.89191436767578
2011-01-25 10:00:00,32.01655960083008
2011-01-25 11:00:00,26.376291275024414
2011-01-25 12:00:00,39.23350143432617
2011-01-25 13:00:00,36.9879035949707
2011-01-25 14:00:00,44.921138763427734
2011-01-25 15:00:00,43.25555419921875
2011-01-25 16:00:00,79.19493865966797
2011-01-25 17:00:00,165.0743865966797
2011-01-25 18:00:00,130.03948974609375
2011-01-25 19:00:00,69.0826187133789
2011-01-25 20:00:00,42.869224548339844
2011-01-25 21:00:00,32.39262008666992
2011-01-25 22:00:00,20.95249366760254
2011-01-25 23:00:00,8.502375602722168
2011-01-26 00:00:00,4.7403788566589355
2011-01-26 01:00:00,2.248638868331909
2011-01-26 02:00:00,0.8326587677001953
2011-01-26 05:00:00,1.6376194953918457
2011-01-26 06:00:00,7.957527160644531
2011-01-26 07:00:00,20.93783950805664
2011-01-26 08:00:00,49.19887924194336
2011-01-26 09:00:00,24.938169479370117
2011-01-26 10:00:00,13.723432540893555
2011-01-26 11:00:00,11.246453285217285
2011-01-26 12:00:00,12.612907409667969
2011-01-26 13:00:00,12.89146614074707
2011-01-26 14:00:00,12.17282772064209
2011-01-26 15:00:00,12.906471252441406
2011-01-26 16:00:00,18.511993408203125
2011-01-26 17:00:00,41.5871696472168
2011-01-27 16:00:00,51.06385803222656
2011-01-27 17:00:00,113.52544403076172
2011-01-27 18:00:00,105.01473236083984
2011-01-27 19:00:00,69.44684600830078
2011-01-27 20:00:00,53.61220932006836
2011-01-27 21:00:00,34.00849151611328
2011-01-27 22:00:00,28.446022033691406
2011-01-27 23:00:00,13.7571382522583
2011-01-28 00:00:00,9.235310554504395
2011-01-28 01:00:00,3.9711837768554688
2011-01-28 02:00:00,1.6702241897583008
2011-01-28 03:00:00,0.8818635940551758
2011-01-28 05:00:00,4.313267230987549
2011-01-28 06:00:00,15.889732360839844
2011-01-28 07:00:00,53.793495178222656
2011-01-28 08:00:00,133.8292694091797
2011-01-28 09:00:00,41.00140380859375
2011-01-28 10:00:00,19.253637313842773
2011-01-28 11:00:00,19.391033172607422
2011-01-28 12:00:00,23.45586585998535
2011-01-28 13:00:00,23.644073486328125
2011-01-28 14:00:00,23.473236083984375
2011-01-28 15:00:00,32.3883056640625
2011-01-28 16:00:00,51.17874526977539
2011-01-28 17:00:00,124.56765747070312
2011-01-28 18:00:00,100.99508666992188
2011-01-28 19:00:00,65.22288513183594
2011-01-28 20:00:00,41.19804763793945
2011-01-28 21:00:00,31.61353302001953
2011-01-28 22:00:00,30.065839767456055
2011-01-28 23:00:00,20.956708908081055
2011-01-29 00:00:00,14.376191139221191
2011-01-29 01:00:00,15.913658142089844
2011-01-29 02:00:00,12.183673858642578
2011-01-29 03:00:00,5.798463821411133
2011-01-29 04:00:00,0.9585282802581787
2011-01-29 06:00:00,1.2815074920654297
2011-01-29 07:00:00,3.594836711883545
2011-01-29 08:00:00,12.997851371765137
2011-01-29 09:00:00,25.47600746154785
2011-01-29 10:00:00,43.80828094482422
2011-01-29 11:00:00,43.85371780395508
2011-01-29 12:00:00,55.1314697265625
2011-01-29 13:00:00,65.94253540039062
2011-01-29 14:00:00,63.6810302734375
2011-01-29 15:00:00,54.4369010925293
2011-01-29 16:00:00,60.39396286010742
2011-01-29 17:00:00,54.6282958984375
2011-01-29 18:00:00,44.88534927368164
2011-01-29 19:00:00,29.570934295654297
2011-01-29 20:00:00,22.037748336791992
2011-01-29 21:00:00,18.984861373901367
2011-01-29 22:00:00,15.414609909057617
2011-01-29 23:00:00,12.20885944366455
2011-01-30 00:00:00,16.439128875732422
2011-01-30 01:00:00,19.164697647094727
2011-01-30 02:00:00,14.032035827636719
2011-01-30 03:00:00,6.692937850952148
2011-01-30 04:00:00,1.3206796646118164
2011-01-30 05:00:00,0.8758786916732788
2011-01-30 07:00:00,2.9730849266052246
2011-01-30 08:00:00,9.119922637939453
2011-01-30 09:00:00,21.059009552001953
2011-01-30 10:00:00,46.03348922729492
2011-01-30 11:00:00,67.91874694824219
2011-01-30 12:00:00,119.98876190185547
2011-01-30 13:00:00,111.37187194824219
2011-01-30 14:00:00,93.02628326416016
2011-01-30 15:00:00,85.47662353515625
2011-01-30 16:00:00,83.54924011230469
2011-01-30 17:00:00,66.64319610595703
2011-01-30 18:00:00,46.23887634277344
2011-01-30 19:00:00,34.43000411987305
2011-01-30 20:00:00,25.406352996826172
2011-01-30 21:00:00,17.821304321289062
2011-01-30 22:00:00,14.671603202819824
2011-01-30 23:00:00,8.767507553100586
2011-01-31 00:00:00,5.996102809906006
2011-01-31 01:00:00,2.016601800918579
2011-01-31 02:00:00,1.227468490600586
2011-01-31 03:00:00,1.115091323852539
2011-01-31 04:00:00,1.4485735893249512
2011-01-31 05:00:00,3.644768238067627
2011-01-31 06:00:00,16.727689743041992
2011-01-31 07:00:00,41.85831832885742
2011-01-31 08:00:00,110.76678466796875
2011-01-31 09:00:00,51.545963287353516
2011-01-31 10:00:00,31.483158111572266
2011-01-31 11:00:00,26.616226196289062
2011-01-31 12:00:00,39.592620849609375
2011-01-31 13:00:00,34.983192443847656
2011-01-31 14:00:00,36.519203186035156
2011-01-31 15:00:00,32.72262954711914
2011-01-31 16:00:00,44.78913497924805
2011-01-31 17:00:00,107.82381439208984
2011-01-31 18:00:00,105.9798812866211
2011-01-31 19:00:00,79.58006286621094
2011-01-31 20:00:00,36.02880096435547
2011-01-31 21:00:00,21.097225189208984
2011-01-31 22:00:00,20.326757431030273
2011-01-31 23:00:00,10.728218078613281
2011-02-20 00:00:00,18.716062545776367
2011-02-20 01:00:00,14.105419158935547
2011-02-20 02:00:00,12.356088638305664
2011-02-20 03:00:00,5.734430313110352
2011-02-20 04:00:00,0.4290471076965332
2011-02-20 06:00:00,0.9121338129043579
2011-02-20 07:00:00,3.2124271392822266
2011-02-20 08:00:00,13.494298934936523
2011-02-20 09:00:00,27.558481216430664
2011-02-20 10:00:00,59.0348014831543
2011-02-20 11:00:00,65.56476593017578
2011-02-20 12:00:00,101.75579071044922
2011-02-20 13:00:00,97.93111419677734
2011-02-20 14:00:00,98.66777801513672
2011-02-20 15:00:00,86.3026123046875
2011-02-20 16:00:00,88.478515625
2011-02-20 17:00:00,72.16928100585938
2011-02-20 18:00:00,54.65196228027344
2011-02-20 19:00:00,40.66755294799805
2011-02-20 20:00:00,33.62010192871094
2011-02-20 21:00:00,24.741613388061523
2011-02-20 22:00:00,17.13182258605957
2011-02-20 23:00:00,10.972620010375977
2011-02-21 00:00:00,11.325030326843262
2011-02-21 01:00:00,8.100746154785156
2011-02-21 02:00:00,3.4114856719970703
2011-02-21 03:00:00,1.3724493980407715
2011-02-21 04:00:00,1.4979639053344727
2011-02-21 05:00:00,0.5603053569793701
2011-02-21 06:00:00,3.4138193130493164
2011-02-21 07:00:00,11.818436622619629
2011-02-21 08:00:00,30.849939346313477
2011-02-21 09:00:00,42.13029861450195
2011-02-21 10:00:00,43.75535583496094
2011-02-21 11:00:00,41.263824462890625
2011-02-21 12:00:00,57.23588562011719
2011-02-21 13:00:00,34.36796951293945
2011-02-21 14:00:00,49.09027862548828
2011-02-21 15:00:00,43.66898727416992
2011-02-21 16:00:00,32.59637451171875
2011-02-21 17:00:00,67.76964569091797
2011-02-21 18:00:00,53.72409439086914
2011-02-21 19:00:00,35.126869201660156
2011-02-21 20:00:00,22.870466232299805
2011-02-21 21:00:00,15.020727157592773
2011-02-21 22:00:00,9.60617733001709
2011-02-21 23:00:00,4.4380316734313965
2011-02-22 06:00:00,19.831298828125
2011-02-22 07:00:00,62.33384323120117
2011-02-22 08:00:00,145.80087280273438
2011-02-22 09:00:00,78.1324691772461
2011-02-22 10:00:00,42.75120544433594
2011-02-22 11:00:00,44.68473434448242
2011-02-22 12:00:00,42.77095413208008
2011-02-22 13:00:00,49.77501678466797
2011-02-22 14:00:00,40.1642951965332
2011-02-22 15:00:00,42.57617950439453
2011-02-22 16:00:00,66.73359680175781
2011-02-22 17:00:00,160.93544006347656
2011-02-22 18:00:00,142.74314880371094
2011-02-22 19:00:00,82.4908447265625
2011-02-22 20:00:00,56.655975341796875
2011-02-22 21:00:00,40.839881896972656
2011-02-22 22:00:00,26.355281829833984
2011-02-22 23:00:00,15.668476104736328
2011-02-23 00:00:00,4.99841833114624
2011-02-23 01:00:00,2.5166823863983154
2011-02-23 02:00:00,1.120954990386963
2011-02-23 03:00:00,0.6602218151092529
2011-02-23 05:00:00,2.6332757472991943
2011-02-23 06:00:00,17.323734283447266
2011-02-23 07:00:00,64.83696746826172
2011-02-23 08:00:00,135.647705078125
2011-02-23 09:00:00,68.08108520507812
2011-02-23 10:00:00,33.117149353027344
2011-02-23 11:00:00,34.32353591918945
2011-02-23 12:00:00,49.989192962646484
2011-02-23 13:00:00,45.84868240356445
2011-02-23 14:00:00,45.60849380493164
2011-02-23 15:00:00,42.2691764831543
2011-02-23 16:00:00,62.18019104003906
2011-02-23 17:00:00,128.797607421875
2011-02-23 18:00:00,129.02047729492188
2011-02-23 19:00:00,88.0770263671875
2011-02-23 20:00:00,55.77842712402344
2011-02-23 21:00:00,40.99721908569336
2011-02-23 22:00:00,33.82378387451172
2011-02-23 23:00:00,15.855133056640625
2011-02-24 00:00:00,10.263263702392578
2011-02-24 01:00:00,4.68082332611084
2011-02-24 02:00:00,2.0977485179901123
2011-02-24 03:00:00,1.1649260520935059
2011-02-24 05:00:00,3.8871374130249023
2011-02-24 06:00:00,24.186355590820312
2011-02-24 07:00:00,88.61869812011719
2011-02-24 08:00:00,195.5907440185547
2011-02-24 09:00:00,82.23306274414062
2011-02-24 10:00:00,37.18680953979492
2011-02-24 11:00:00,43.846778869628906
2011-02-24 12:00:00,56.96449661254883
2011-02-24 13:00:00,65.32647705078125
2011-02-24 14:00:00,53.868690490722656
2011-02-24 15:00:00,33.171871185302734
2011-02-24 16:00:00,50.03908157348633
2011-02-24 17:00:00,98.58724975585938
2011-02-24 18:00:00,129.73243713378906
2011-02-24 19:00:00,43.04213333129883
2011-02-24 20:00:00,52.52189636230469
2011-02-24 21:00:00,47.09589385986328
2011-02-24 22:00:00,19.87962532043457
2011-02-24 23:00:00,18.2807674407959
2011-02-25 00:00:00,11.041560173034668
2011-02-25 01:00:00,6.25875186920166
2011-02-25 02:00:00,2.6631996631622314
2011-02-25 03:00:00,1.3953278064727783
2011-02-25 05:00:00,6.124607563018799
2011-02-25 06:00:00,17.253862380981445
2011-02-25 07:00:00,46.65659713745117
2011-02-25 08:00:00,112.54190826416016
2011-02-25 09:00:00,58.07649230957031
2011-02-25 10:00:00,33.2507209777832
2011-02-25 11:00:00,75.5884017944336
2011-02-25 12:00:00,65.6007080078125
2011-02-25 13:00:00,77.00596618652344
2011-02-25 14:00:00,59.65167999267578
2011-02-25 15:00:00,54.61368179321289
2011-02-25 16:00:00,83.16232299804688
2011-02-25 17:00:00,116.18879699707031
2011-02-25 18:00:00,111.2984390258789
2011-02-25 19:00:00,72.04890441894531
2011-02-25 20:00:00,38.92184829711914
2011-02-25 21:00:00,35.97584915161133
2011-02-25 22:00:00,28.100086212158203
2011-02-25 23:00:00,22.64912223815918
2011-02-26 00:00:00,18.717782974243164
2011-02-26 01:00:00,16.702301025390625
2011-02-26 02:00:00,11.787237167358398
2011-02-26 03:00:00,6.427947044372559
2011-02-26 04:00:00,1.9564812183380127
2011-02-26 05:00:00,0.5394657850265503
2011-02-26 06:00:00,2.5143706798553467
2011-02-26 07:00:00,7.187297821044922
2011-02-26 08:00:00,19.464609146118164
2011-02-26 09:00:00,35.5049934387207
2011-02-26 10:00:00,62.30854034423828
2011-02-26 11:00:00,76.01321411132812
2011-02-26 12:00:00,91.48744201660156
2011-02-26 13:00:00,93.36265563964844
2011-02-26 14:00:00,85.10655212402344
2011-02-26 15:00:00,85.7262954711914
2011-02-26 16:00:00,91.2573471069336
2011-02-26 17:00:00,81.39747619628906
2011-02-26 18:00:00,72.14810180664062
2011-02-26 19:00:00,42.34225845336914
2011-02-26 20:00:00,34.03400802612305
2011-02-26 21:00:00,29.641305923461914
2011-02-26 22:00:00,27.586868286132812
2011-02-26 23:00:00,21.282625198364258
2011-02-27 00:00:00,16.047893524169922
2011-02-27 01:00:00,21.988723754882812
2011-02-27 02:00:00,13.909932136535645
2011-02-27 03:00:00,7.58296012878418
2011-02-27 04:00:00,1.4350078105926514
2011-02-27 06:00:00,0.8712077140808105
2011-02-27 07:00:00,3.4746313095092773
2011-02-27 08:00:00,10.406435012817383
2011-02-27 09:00:00,21.93738555908203
2011-02-27 10:00:00,49.23241424560547
2011-02-27 11:00:00,67.3587875366211
2011-02-27 12:00:00,99.46566772460938
2011-02-27 13:00:00,80.14192199707031
2011-02-27 14:00:00,89.28446960449219
2011-02-27 15:00:00,90.42179107666016
2011-02-27 16:00:00,85.18011474609375
2011-02-27 17:00:00,68.2340316772461
2011-02-27 18:00:00,60.86317825317383
2011-02-27 19:00:00,38.038856506347656
2011-02-27 20:00:00,30.99732208251953
2011-02-27 21:00:00,23.876081466674805
2011-02-27 22:00:00,14.774308204650879
2011-02-27 23:00:00,8.58487319946289
2011-02-28 00:00:00,8.07668685913086
2011-02-28 01:00:00,4.009533882141113
2011-02-28 03:00:00,0.6090694665908813
2011-02-28 05:00:00,5.051896095275879
2011-02-28 06:00:00,20.739728927612305
2011-02-28 07:00:00,67.28255462646484
2011-02-28 08:00:00,165.44366455078125
2011-02-28 09:00:00,93.66184997558594
2011-02-28 10:00:00,43.195980072021484
2011-02-28 11:00:00,54.62450408935547
2011-02-28 12:00:00,76.8649673461914
2011-02-28 13:00:00,36.02540969848633
2011-02-28 14:00:00,24.103395462036133
2011-02-28 15:00:00,23.797260284423828
2011-02-28 16:00:00,38.808685302734375
2011-02-28 17:00:00,71.08519744873047
2011-02-28 18:00:00,110.03278350830078
2011-02-28 19:00:00,39.06400680541992
2011-02-28 20:00:00,26.177959442138672
2011-02-28 21:00:00,46.59857177734375
2011-02-28 22:00:00,16.244300842285156
2011-02-28 23:00:00,17.71061897277832
2011-03-20 00:00:00,23.886980056762695
2011-03-20 01:00:00,19.18895721435547
2011-03-20 02:00:00,15.502790451049805
2011-03-20 03:00:00,8.000487327575684
2011-03-20 04:00:00,2.2652485370635986
2011-03-20 05:00:00,0.5361841917037964
2011-03-20 06:00:00,1.5303475856781006
2011-03-20 07:00:00,4.56588077545166
2011-03-20 08:00:00,16.86203956604004
2011-03-20 09:00:00,38.25253677368164
2011-03-20 10:00:00,76.21695709228516
2011-03-20 11:00:00,126.44043731689453
2011-03-20 12:00:00,148.915283203125
2011-03-20 13:00:00,141.55838012695312
2011-03-20 14:00:00,132.85467529296875
2011-03-20 15:00:00,122.48994445800781
2011-03-20 16:00:00,130.33775329589844
2011-03-20 17:00:00,111.96984100341797
2011-03-20 18:00:00,103.17849731445312
2011-03-20 19:00:00,52.100486755371094
2011-03-20 20:00:00,41.30168914794922
2011-03-20 21:00:00,25.81765365600586
2011-03-20 22:00:00,17.839204788208008
2011-03-20 23:00:00,7.483283042907715
2011-03-21 00:00:00,6.1352386474609375
2011-03-21 01:00:00,3.382302761077881
2011-03-21 02:00:00,2.378976821899414
2011-03-21 03:00:00,1.605909824371338
2011-03-21 05:00:00,6.202709197998047
2011-03-21 06:00:00,21.056407928466797
2011-03-21 07:00:00,43.25569152832031
2011-03-21 08:00:00,158.3449249267578
2011-03-21 09:00:00,90.38848876953125
2011-03-21 10:00:00,52.630409240722656
2011-03-21 11:00:00,59.480018615722656
2011-03-21 12:00:00,69.05525207519531
2011-03-21 13:00:00,92.91752624511719
2011-03-21 14:00:00,85.08889770507812
2011-03-21 15:00:00,93.22915649414062
2011-03-21 16:00:00,137.77880859375
2011-03-21 17:00:00,337.7192077636719
2011-03-21 18:00:00,263.9505310058594
2011-03-21 19:00:00,189.32652282714844
2011-03-21 20:00:00,155.53541564941406
2011-03-21 21:00:00,61.40486145019531
2011-03-21 22:00:00,45.27949142456055
2011-03-21 23:00:00,21.03371810913086
2011-03-22 00:00:00,10.894588470458984
2011-03-22 01:00:00,3.970458984375
2011-03-22 02:00:00,1.986260175704956
2011-03-22 03:00:00,1.7039709091186523
2011-03-22 04:00:00,1.8573698997497559
2011-03-22 05:00:00,9.206989288330078
2011-03-22 06:00:00,55.948951721191406
2011-03-22 07:00:00,193.00108337402344
2011-03-22 08:00:00,292.3782653808594
2011-03-22 09:00:00,141.9558563232422
2011-03-22 10:00:00,79.95868682861328
2011-03-22 11:00:00,97.32818603515625
2011-03-22 12:00:00,127.02850341796875
2011-03-22 13:00:00,122.46650695800781
2011-03-22 14:00:00,107.20893096923828
2011-03-22 15:00:00,107.44328308105469
2011-03-22 16:00:00,177.4402313232422
2011-03-22 17:00:00,372.63763427734375
2011-03-22 18:00:00,340.90411376953125
2011-03-22 19:00:00,219.68927001953125
2011-03-22 20:00:00,127.51666259765625
2011-03-22 21:00:00,91.19740295410156
2011-03-22 22:00:00,62.365623474121094
2011-03-22 23:00:00,29.68598175048828
2011-03-23 00:00:00,5.879762172698975
2011-03-23 01:00:00,2.2360219955444336
2011-03-23 02:00:00,1.6205031871795654
2011-03-23 03:00:00,1.4191350936889648
2011-03-23 05:00:00,3.780539035797119
2011-03-23 06:00:00,30.63656234741211
2011-03-23 07:00:00,101.46007537841797
2011-03-23 08:00:00,183.90884399414062
2011-03-23 09:00:00,87.84486389160156
2011-03-23 10:00:00,43.80613327026367
2011-03-23 11:00:00,44.23396301269531
2011-03-23 12:00:00,41.620689392089844
2011-03-23 13:00:00,24.115339279174805
2011-03-23 14:00:00,42.73934555053711
2011-03-23 15:00:00,43.119293212890625
2011-03-23 16:00:00,82.78984832763672
2011-03-23 17:00:00,205.12005615234375
2011-03-23 18:00:00,93.49092864990234
2011-03-23 19:00:00,60.263885498046875
2011-03-23 20:00:00,16.476110458374023
2011-03-23 21:00:00,12.942597389221191
2011-03-23 22:00:00,32.451839447021484
2011-03-23 23:00:00,10.993061065673828
2011-03-24 00:00:00,10.75866985321045
2011-03-24 01:00:00,3.262519359588623
2011-03-24 02:00:00,2.9960126876831055
2011-03-24 03:00:00,1.575995683670044
2011-03-24 04:00:00,0.7677260637283325
2011-03-24 05:00:00,6.233274459838867
2011-03-24 06:00:00,31.642295837402344
2011-03-24 07:00:00,51.61659240722656
2011-03-24 08:00:00,83.86412811279297
2011-03-24 09:00:00,78.61807250976562
2011-03-24 10:00:00,34.461585998535156
2011-03-24 11:00:00,53.48049545288086
2011-03-24 12:00:00,51.57126235961914
2011-03-24 13:00:00,73.3779296875
2011-03-24 14:00:00,65.07835388183594
2011-03-24 15:00:00,50.65172576904297
2011-03-24 16:00:00,94.64005279541016
2011-03-24 17:00:00,185.29237365722656
2011-03-24 18:00:00,167.7193603515625
2011-03-24 19:00:00,116.27544403076172
2011-03-24 20:00:00,87.13997650146484
2011-03-24 21:00:00,69.1067123413086
2011-03-24 22:00:00,48.660888671875
2011-03-24 23:00:00,22.836593627929688
2011-03-25 00:00:00,16.172588348388672
2011-03-25 01:00:00,7.045623779296875
2011-03-25 02:00:00,3.280454158782959
2011-03-25 03:00:00,1.8433144092559814
2011-03-25 04:00:00,0.8533344268798828
2011-03-25 05:00:00,6.250211238861084
2011-03-25 06:00:00,31.642013549804688
2011-03-25 07:00:00,93.50382232666016
2011-03-25 08:00:00,178.21978759765625
2011-03-25 09:00:00,126.46018981933594
2011-03-25 10:00:00,63.60975646972656
2011-03-25 11:00:00,84.49457550048828
2011-03-25 12:00:00,95.50450134277344
2011-03-25 13:00:00,98.8571548461914
2011-03-25 14:00:00,87.5711898803711
2011-03-25 15:00:00,78.25950622558594
2011-03-25 16:00:00,144.7490692138672
2011-03-25 17:00:00,230.22093200683594
2011-03-25 18:00:00,176.42625427246094
2011-03-25 19:00:00,114.4837417602539
2011-03-25 20:00:00,72.48115539550781
2011-03-25 21:00:00,54.87406921386719
2011-03-25 22:00:00,40.309852600097656
2011-03-25 23:00:00,25.01873779296875
2011-03-26 00:00:00,31.03277587890625
2011-03-26 01:00:00,30.55124855041504
2011-03-26 02:00:00,18.66010093688965
2011-03-26 03:00:00,9.218629837036133
2011-03-26 04:00:00,2.9824390411376953
2011-03-26 05:00:00,1.944896936416626
2011-03-26 06:00:00,6.306817531585693
2011-03-26 07:00:00,18.176773071289062
2011-03-26 08:00:00,43.45683288574219
2011-03-26 09:00:00,68.74058532714844
2011-03-26 10:00:00,103.15088653564453
2011-03-26 11:00:00,129.83782958984375
2011-03-26 12:00:00,175.12644958496094
2011-03-26 13:00:00,159.3113555908203
2011-03-26 14:00:00,175.19540405273438
2011-03-26 15:00:00,159.588623046875
2011-03-26 16:00:00,140.5135498046875
2011-03-26 17:00:00,119.38089752197266
2011-03-26 18:00:00,105.20285034179688
2011-03-26 19:00:00,71.81224822998047
2011-03-26 20:00:00,52.74905776977539
2011-03-26 21:00:00,45.86180877685547
2011-03-26 22:00:00,39.03444290161133
2011-03-26 23:00:00,31.996013641357422
2011-03-27 00:00:00,23.556917190551758
2011-03-27 01:00:00,20.84407615661621
2011-03-27 02:00:00,19.584562301635742
2011-03-27 03:00:00,7.323359489440918
2011-03-27 04:00:00,2.7341835498809814
2011-03-27 06:00:00,2.5251667499542236
2011-03-27 07:00:00,5.32471227645874
2011-03-27 08:00:00,28.074918746948242
2011-03-27 09:00:00,45.92853546142578
2011-03-27 10:00:00,72.9764404296875
2011-03-27 11:00:00,78.76634979248047
2011-03-27 12:00:00,112.86087036132812
2011-03-27 13:00:00,141.63201904296875
2011-03-27 14:00:00,142.69662475585938
2011-03-27 15:00:00,147.51666259765625
2011-03-27 16:00:00,113.8067626953125
2011-03-27 17:00:00,123.72065734863281
2011-03-27 18:00:00,97.84392547607422
2011-03-27 19:00:00,72.96515655517578
2011-03-27 20:00:00,55.14145278930664
2011-03-27 21:00:00,36.645545959472656
2011-03-27 22:00:00,28.83086395263672
2011-03-27 23:00:00,16.115053176879883
2011-03-28 00:00:00,9.754364013671875
2011-03-28 01:00:00,4.820855140686035
2011-03-28 02:00:00,2.5124123096466064
2011-03-28 03:00:00,2.0727012157440186
2011-03-28 05:00:00,8.229209899902344
2011-03-28 06:00:00,42.282859802246094
2011-03-28 07:00:00,136.48440551757812
2011-03-28 08:00:00,209.15243530273438
2011-03-28 09:00:00,100.56194305419922
2011-03-28 10:00:00,57.7598991394043
2011-03-28 11:00:00,60.60574722290039
2011-03-28 12:00:00,83.40727996826172
2011-03-28 13:00:00,84.99920654296875
2011-03-28 14:00:00,68.2491226196289
2011-03-28 15:00:00,79.47650146484375
2011-03-28 16:00:00,118.15828704833984
2011-03-28 17:00:00,238.86090087890625
2011-03-28 18:00:00,199.58116149902344
2011-03-28 19:00:00,128.2099151611328
2011-03-28 20:00:00,88.64810180664062
2011-03-28 21:00:00,64.82372283935547
2011-03-28 22:00:00,39.44111633300781
2011-03-28 23:00:00,22.31730842590332
2011-03-29 00:00:00,10.77398681640625
2011-03-29 01:00:00,3.9423069953918457
2011-03-29 02:00:00,2.1512277126312256
2011-03-29 03:00:00,1.5522456169128418
2011-03-29 04:00:00,1.5386056900024414
2011-03-29 05:00:00,8.385107040405273
2011-03-29 06:00:00,48.195106506347656
2011-03-29 07:00:00,139.13763427734375
2011-03-29 08:00:00,212.14462280273438
2011-03-29 09:00:00,139.87730407714844
2011-03-29 10:00:00,68.29328155517578
2011-03-29 11:00:00,76.93231201171875
2011-03-29 12:00:00,112.23760986328125
2011-03-29 13:00:00,91.78047943115234
2011-03-29 14:00:00,80.42179107666016
2011-03-29 15:00:00,98.80126953125
2011-03-29 16:00:00,159.31716918945312
2011-03-29 17:00:00,306.1349792480469
2011-03-29 18:00:00,276.2676696777344
2011-03-29 19:00:00,192.42257690429688
2011-03-29 20:00:00,123.74528503417969
2011-03-29 21:00:00,111.82594299316406
2011-03-29 22:00:00,66.70718383789062
2011-03-29 23:00:00,30.766109466552734
2011-03-30 00:00:00,15.323905944824219
2011-03-30 01:00:00,8.508520126342773
2011-03-30 02:00:00,3.047112464904785
2011-03-30 03:00:00,2.8418996334075928
2011-03-30 04:00:00,2.052286148071289
2011-03-30 05:00:00,12.085201263427734
2011-03-30 06:00:00,64.6855697631836
2011-03-30 07:00:00,221.562744140625
2011-03-30 08:00:00,313.4637451171875
2011-03-30 09:00:00,166.744384765625
2011-03-30 10:00:00,92.37716674804688
2011-03-30 11:00:00,91.96492767333984
2011-03-30 12:00:00,117.91182708740234
2011-03-30 13:00:00,118.24723815917969
2011-03-30 14:00:00,96.43081665039062
2011-03-30 15:00:00,31.854846954345703
2011-03-30 16:00:00,42.338382720947266
2011-03-30 17:00:00,94.04232025146484
2011-03-30 18:00:00,168.22373962402344
2011-03-30 19:00:00,114.10918426513672
2011-03-30 20:00:00,34.416683197021484
2011-03-30 21:00:00,60.33415222167969
2011-03-30 22:00:00,21.01270866394043
2011-03-30 23:00:00,11.58494758605957
2011-03-31 00:00:00,7.123561859130859
2011-03-31 01:00:00,3.2241244316101074
2011-03-31 02:00:00,3.359065055847168
2011-03-31 03:00:00,1.4090664386749268
2011-03-31 04:00:00,1.0663909912109375
2011-03-31 05:00:00,4.892363548278809
2011-03-31 06:00:00,22.405628204345703
2011-03-31 07:00:00,69.076904296875
2011-03-31 08:00:00,167.54415893554688
2011-03-31 09:00:00,60.993995666503906
2011-03-31 10:00:00,32.79610061645508
2011-03-31 11:00:00,33.9586296081543
2011-03-31 12:00:00,36.42123031616211
2011-03-31 13:00:00,45.45153045654297
2011-03-31 14:00:00,34.566932678222656
2011-03-31 15:00:00,33.45491409301758
2011-03-31 16:00:00,89.53865814208984
2011-03-31 17:00:00,187.01222229003906
2011-03-31 18:00:00,186.01498413085938
2011-03-31 19:00:00,141.537109375
2011-03-31 20:00:00,48.35029220581055
2011-03-31 21:00:00,63.14744567871094
2011-03-31 22:00:00,27.123533248901367
2011-03-31 23:00:00,15.128170013427734
2011-04-20 00:00:00,8.288182258605957
2011-04-20 01:00:00,2.002979040145874
2011-04-20 02:00:00,2.0026495456695557
2011-04-20 03:00:00,1.5192711353302002
2011-04-20 04:00:00,0.8602975606918335
2011-04-20 05:00:00,6.662542343139648
2011-04-20 06:00:00,32.25587463378906
2011-04-20 07:00:00,120.45187377929688
2011-04-20 08:00:00,233.0586395263672
2011-04-20 09:00:00,115.20594024658203
2011-04-20 10:00:00,66.16014099121094
2011-04-20 11:00:00,77.3268051147461
2011-04-20 12:00:00,109.99165344238281
2011-04-20 13:00:00,105.0088119506836
2011-04-20 14:00:00,108.1057357788086
2011-04-20 15:00:00,118.0938720703125
2011-04-20 16:00:00,209.27342224121094
2011-04-20 17:00:00,359.23236083984375
2011-04-20 18:00:00,379.8914489746094
2011-04-20 19:00:00,228.52879333496094
2011-04-20 20:00:00,180.06427001953125
2011-04-20 21:00:00,116.90631103515625
2011-04-20 22:00:00,85.5881118774414
2011-04-20 23:00:00,34.87545394897461
2011-04-21 00:00:00,16.546953201293945
2011-04-21 01:00:00,6.943591594696045
2011-04-21 02:00:00,4.807579517364502
2011-04-21 03:00:00,1.934823989868164
2011-04-21 04:00:00,0.5692740678787231
2011-04-21 05:00:00,6.725651264190674
2011-04-21 06:00:00,33.313568115234375
2011-04-21 07:00:00,119.81356811523438
2011-04-21 08:00:00,220.99400329589844
2011-04-21 09:00:00,104.46383666992188
2011-04-21 10:00:00,60.626522064208984
2011-04-21 11:00:00,68.02359771728516
2011-04-21 12:00:00,91.64131164550781
2011-04-21 13:00:00,77.51535034179688
2011-04-21 14:00:00,78.88697814941406
2011-04-21 15:00:00,87.18928527832031
2011-04-21 16:00:00,127.14289855957031
2011-04-21 17:00:00,218.98910522460938
2011-04-21 18:00:00,230.11907958984375
2011-04-21 19:00:00,135.85447692871094
2011-04-21 20:00:00,99.69583129882812
2011-04-21 21:00:00,72.1622314453125
2011-04-21 22:00:00,50.55890655517578
2011-04-21 23:00:00,30.565229415893555
2011-04-22 00:00:00,21.693876266479492
2011-04-22 01:00:00,7.139859199523926
2011-04-22 02:00:00,4.869704723358154
2011-04-22 03:00:00,2.93631911277771
2011-04-22 04:00:00,1.2033278942108154
2011-04-22 05:00:00,9.17013931274414
2011-04-22 06:00:00,43.35481643676758
2011-04-22 07:00:00,123.92719268798828
2011-04-22 08:00:00,279.71893310546875
2011-04-22 09:00:00,136.512939453125
2011-04-22 10:00:00,79.19310760498047
2011-04-22 11:00:00,67.33909606933594
2011-04-22 12:00:00,69.20650482177734
2011-04-22 13:00:00,51.9312744140625
2011-04-22 14:00:00,39.48025131225586
2011-04-22 15:00:00,47.258609771728516
2011-04-22 16:00:00,83.74701690673828
2011-04-22 17:00:00,119.21586608886719
2011-04-22 18:00:00,93.15697479248047
2011-04-22 19:00:00,70.66908264160156
2011-04-22 20:00:00,57.01130676269531
2011-04-22 21:00:00,44.06529235839844
2011-04-22 22:00:00,32.25157165527344
2011-04-22 23:00:00,25.369384765625
2011-04-23 00:00:00,17.44246482849121
2011-04-23 01:00:00,11.314791679382324
2011-04-23 02:00:00,12.883973121643066
2011-04-23 03:00:00,4.233733654022217
2011-04-23 04:00:00,1.7334132194519043
2011-04-23 05:00:00,1.1304876804351807
2011-04-23 06:00:00,4.616058349609375
2011-04-23 07:00:00,7.752809524536133
2011-04-23 08:00:00,23.468801498413086
2011-04-23 09:00:00,31.353271484375
2011-04-23 10:00:00,58.65962219238281
2011-04-23 11:00:00,85.7315444946289
2011-04-23 12:00:00,91.70879364013672
2011-04-23 13:00:00,99.3510971069336
2011-04-23 14:00:00,139.88482666015625
2011-04-23 15:00:00,161.4578094482422
2011-04-23 16:00:00,162.69467163085938
2011-04-23 17:00:00,160.27857971191406
2011-04-23 18:00:00,107.24742889404297
2011-04-23 19:00:00,82.12126159667969
2011-04-23 20:00:00,53.905540466308594
2011-04-23 21:00:00,44.449920654296875
2011-04-23 22:00:00,58.79205322265625
2011-04-23 23:00:00,30.78335952758789
2011-04-24 00:00:00,51.750579833984375
2011-04-24 01:00:00,33.58858108520508
2011-04-24 02:00:00,40.466888427734375
2011-04-24 03:00:00,17.06600570678711
2011-04-24 04:00:00,5.1649017333984375
2011-04-24 05:00:00,4.160905838012695
2011-04-24 06:00:00,4.718203544616699
2011-04-24 07:00:00,12.405303955078125
2011-04-24 08:00:00,39.11390686035156
2011-04-24 09:00:00,79.23805236816406
2011-04-24 10:00:00,150.79580688476562
2011-04-24 11:00:00,255.22555541992188
2011-04-24 12:00:00,250.16754150390625
2011-04-24 13:00:00,288.22760009765625
2011-04-24 14:00:00,328.4048156738281
2011-04-24 15:00:00,263.3091125488281
2011-04-24 16:00:00,361.8424072265625
2011-04-24 17:00:00,264.614501953125
2011-04-24 18:00:00,217.3170166015625
2011-04-24 19:00:00,95.77393341064453
2011-04-24 20:00:00,63.701202392578125
2011-04-24 21:00:00,43.40367889404297
2011-04-24 22:00:00,32.74273681640625
2011-04-24 23:00:00,20.48386001586914
2011-04-25 00:00:00,6.543493747711182
2011-04-25 01:00:00,3.8809967041015625
2011-04-25 02:00:00,2.6246089935302734
2011-04-25 03:00:00,1.64381742477417
2011-04-25 04:00:00,1.9657483100891113
2011-04-25 05:00:00,6.346002101898193
2011-04-25 06:00:00,27.524995803833008
2011-04-25 07:00:00,77.80535888671875
2011-04-25 08:00:00,201.49644470214844
2011-04-25 09:00:00,112.13587188720703
2011-04-25 10:00:00,77.25035095214844
2011-04-25 11:00:00,94.37422943115234
2011-04-25 12:00:00,98.72505950927734
2011-04-25 13:00:00,106.1420669555664
2011-04-25 14:00:00,109.19488525390625
2011-04-25 15:00:00,122.18582916259766
2011-04-25 16:00:00,187.25802612304688
2011-04-25 17:00:00,362.02862548828125
2011-04-25 18:00:00,319.575927734375
2011-04-25 19:00:00,209.36578369140625
2011-04-25 20:00:00,151.25294494628906
2011-04-25 21:00:00,115.06367492675781
2011-04-25 22:00:00,67.25953674316406
2011-04-25 23:00:00,25.307079315185547
2011-04-26 00:00:00,12.999019622802734
2011-04-26 01:00:00,5.62352991104126
2011-04-26 02:00:00,2.614286422729492
2011-04-26 03:00:00,1.3571834564208984
2011-04-26 04:00:00,1.7211012840270996
2011-04-26 05:00:00,7.644126892089844
2011-04-26 06:00:00,48.49862289428711
2011-04-26 07:00:00,122.88055419921875
2011-04-26 08:00:00,203.4218292236328
2011-04-26 09:00:00,107.2646713256836
2011-04-26 10:00:00,77.98213195800781
2011-04-26 11:00:00,95.46598815917969
2011-04-26 12:00:00,104.95655822753906
2011-04-26 13:00:00,126.12258911132812
2011-04-26 14:00:00,116.67753601074219
2011-04-26 15:00:00,107.11727905273438
2011-04-26 16:00:00,190.51136779785156
2011-04-26 17:00:00,322.7095642089844
2011-04-26 18:00:00,299.94793701171875
2011-04-26 19:00:00,152.2967071533203
2011-04-26 20:00:00,132.1808319091797
2011-04-26 21:00:00,86.13533782958984
2011-04-26 22:00:00,49.54814147949219
2011-04-26 23:00:00,26.930261611938477
2011-04-27 00:00:00,9.174312591552734
2011-04-27 01:00:00,3.7860608100891113
2011-04-27 02:00:00,2.8645718097686768
2011-04-27 03:00:00,2.0308539867401123
2011-04-27 04:00:00,1.6176908016204834
2011-04-27 05:00:00,6.183340072631836
2011-04-27 06:00:00,37.414127349853516
2011-04-27 07:00:00,82.6745376586914
2011-04-27 08:00:00,147.3966064453125
2011-04-27 09:00:00,51.96147155761719
2011-04-27 10:00:00,44.1255989074707
2011-04-27 11:00:00,54.63917541503906
2011-04-27 12:00:00,62.82793045043945
2011-04-27 13:00:00,57.563758850097656
2011-04-27 14:00:00,58.39487838745117
2011-04-27 15:00:00,77.48723602294922
2011-04-27 16:00:00,112.62943267822266
2011-04-27 17:00:00,101.49413299560547
2011-04-27 18:00:00,106.07909393310547
2011-04-27 19:00:00,134.46791076660156
2011-04-27 20:00:00,99.19249725341797
2011-04-27 21:00:00,67.27418518066406
2011-04-27 22:00:00,35.678253173828125
2011-04-27 23:00:00,15.732860565185547
2011-04-28 00:00:00,17.527311325073242
2011-04-28 01:00:00,4.565688610076904
2011-04-28 02:00:00,4.081116676330566
2011-04-28 03:00:00,2.571194887161255
2011-04-28 04:00:00,1.5971102714538574
2011-04-28 05:00:00,10.019630432128906
2011-04-28 06:00:00,57.24729919433594
2011-04-28 07:00:00,158.1249542236328
2011-04-28 08:00:00,273.9317321777344
2011-04-28 09:00:00,63.74095153808594
2011-04-28 10:00:00,47.852840423583984
2011-04-28 11:00:00,67.08903503417969
2011-04-28 12:00:00,81.55447387695312
2011-04-28 13:00:00,62.591915130615234
2011-04-28 14:00:00,60.111175537109375
2011-04-28 15:00:00,102.07029724121094
2011-04-28 16:00:00,136.82107543945312
2011-04-28 17:00:00,330.3258972167969
2011-04-28 18:00:00,328.34295654296875
2011-04-28 19:00:00,218.9946746826172
2011-04-28 20:00:00,141.96511840820312
2011-04-28 21:00:00,107.01242065429688
2011-04-28 22:00:00,79.21192169189453
2011-04-28 23:00:00,42.86726760864258
2011-04-29 00:00:00,32.872703552246094
2011-04-29 01:00:00,15.061641693115234
2011-04-29 02:00:00,9.892117500305176
2011-04-29 03:00:00,5.494495391845703
2011-04-29 04:00:00,2.629729747772217
2011-04-29 05:00:00,13.469659805297852
2011-04-29 06:00:00,61.715789794921875
2011-04-29 07:00:00,186.46533203125
2011-04-29 08:00:00,378.61712646484375
2011-04-29 09:00:00,199.84178161621094
2011-04-29 10:00:00,128.62435913085938
2011-04-29 11:00:00,156.63229370117188
2011-04-29 12:00:00,184.71949768066406
2011-04-29 13:00:00,185.9645233154297
2011-04-29 14:00:00,186.63131713867188
2011-04-29 15:00:00,185.25364685058594
2011-04-29 16:00:00,290.793212890625
2011-04-29 17:00:00,396.45062255859375
2011-04-29 18:00:00,384.51800537109375
2011-04-29 19:00:00,212.9713897705078
2011-04-29 20:00:00,148.43788146972656
2011-04-29 21:00:00,122.20896911621094
2011-04-29 22:00:00,93.86654663085938
2011-04-29 23:00:00,66.91950225830078
2011-04-30 00:00:00,65.19437408447266
2011-04-30 01:00:00,42.04265213012695
2011-04-30 02:00:00,44.20458221435547
2011-04-30 03:00:00,19.807031631469727
2011-04-30 04:00:00,3.961024761199951
2011-04-30 05:00:00,4.182193279266357
2011-04-30 06:00:00,9.499329566955566
2011-04-30 07:00:00,27.039844512939453
2011-04-30 08:00:00,61.605712890625
2011-04-30 09:00:00,102.51658630371094
2011-04-30 10:00:00,191.5323944091797
2011-04-30 11:00:00,238.52235412597656
2011-04-30 12:00:00,262.6613464355469
2011-04-30 13:00:00,268.3597717285156
2011-04-30 14:00:00,288.3193359375
2011-04-30 15:00:00,280.1285705566406
2011-04-30 16:00:00,293.0140686035156
2011-04-30 17:00:00,244.6499786376953
2011-04-30 18:00:00,232.16502380371094
2011-04-30 19:00:00,164.95912170410156
2011-04-30 20:00:00,101.64350128173828
2011-04-30 21:00:00,82.77989959716797
2011-04-30 22:00:00,76.87603759765625
2011-04-30 23:00:00,55.944740295410156
2011-05-20 00:00:00,32.777381896972656
2011-05-20 01:00:00,13.319879531860352
2011-05-20 02:00:00,6.6402082443237305
2011-05-20 03:00:00,3.9397506713867188
2011-05-20 04:00:00,2.1059234142303467
2011-05-20 05:00:00,13.412471771240234
2011-05-20 06:00:00,64.03849029541016
2011-05-20 07:00:00,227.9136505126953
2011-05-20 08:00:00,310.1840515136719
2011-05-20 09:00:00,163.43301391601562
2011-05-20 10:00:00,105.35295104980469
2011-05-20 11:00:00,127.927978515625
2011-05-20 12:00:00,183.13174438476562
2011-05-20 13:00:00,168.30735778808594
2011-05-20 14:00:00,169.92027282714844
2011-05-20 15:00:00,153.60110473632812
2011-05-20 16:00:00,259.2264099121094
2011-05-20 17:00:00,390.0585632324219
2011-05-20 18:00:00,362.011474609375
2011-05-20 19:00:00,232.6024932861328
2011-05-20 20:00:00,170.92691040039062
2011-05-20 21:00:00,135.56439208984375
2011-05-20 22:00:00,127.18824768066406
2011-05-20 23:00:00,82.04214477539062
2011-05-21 00:00:00,71.00281524658203
2011-05-21 01:00:00,55.116722106933594
2011-05-21 02:00:00,39.093849182128906
2011-05-21 03:00:00,17.20877456665039
2011-05-21 04:00:00,4.946528434753418
2011-05-21 05:00:00,4.626811981201172
2011-05-21 06:00:00,15.274496078491211
2011-05-21 07:00:00,33.640926361083984
2011-05-21 08:00:00,84.02400207519531
2011-05-21 09:00:00,150.3856658935547
2011-05-21 10:00:00,199.36732482910156
2011-05-21 11:00:00,293.8719177246094
2011-05-21 12:00:00,316.75616455078125
2011-05-21 13:00:00,286.4583435058594
2011-05-21 14:00:00,327.0018615722656
2011-05-21 15:00:00,355.3458251953125
2011-05-21 16:00:00,381.52008056640625
2011-05-21 17:00:00,297.2479248046875
2011-05-21 18:00:00,260.8432922363281
2011-05-21 19:00:00,233.05874633789062
2011-05-21 20:00:00,160.39483642578125
2011-05-21 21:00:00,121.88321685791016
2011-05-21 22:00:00,132.8111572265625
2011-05-21 23:00:00,96.84205627441406
2011-05-22 00:00:00,78.50342559814453
2011-05-22 01:00:00,71.18051147460938
2011-05-22 02:00:00,47.41642761230469
2011-05-22 03:00:00,22.116310119628906
2011-05-22 04:00:00,6.980582237243652
2011-05-22 05:00:00,5.549502372741699
2011-05-22 06:00:00,11.362753868103027
2011-05-22 07:00:00,28.54216957092285
2011-05-22 08:00:00,77.3027572631836
2011-05-22 09:00:00,140.85972595214844
2011-05-22 10:00:00,230.24508666992188
2011-05-22 11:00:00,292.9886779785156
2011-05-22 12:00:00,369.32537841796875
2011-05-22 13:00:00,365.7793273925781
2011-05-22 14:00:00,309.4384460449219
2011-05-22 15:00:00,314.0136413574219
2011-05-22 16:00:00,372.82904052734375
2011-05-22 17:00:00,357.4578857421875
2011-05-22 18:00:00,290.14862060546875
2011-05-22 19:00:00,248.9422149658203
2011-05-22 20:00:00,167.97314453125
2011-05-22 21:00:00,126.20948791503906
2011-05-22 22:00:00,113.00553894042969
2011-05-22 23:00:00,50.999263763427734
2011-05-23 00:00:00,15.182174682617188
2011-05-23 01:00:00,10.560842514038086
2011-05-23 02:00:00,5.716100692749023
2011-05-23 03:00:00,2.417297840118408
2011-05-23 04:00:00,1.9421122074127197
2011-05-23 05:00:00,9.855798721313477
2011-05-23 06:00:00,34.3100471496582
2011-05-23 07:00:00,117.48026275634766
2011-05-23 08:00:00,197.18893432617188
2011-05-23 09:00:00,105.14315795898438
2011-05-23 10:00:00,72.04740142822266
2011-05-23 11:00:00,77.46392059326172
2011-05-23 12:00:00,98.42393493652344
2011-05-23 13:00:00,110.27972412109375
2011-05-23 14:00:00,100.0719223022461
2011-05-23 15:00:00,101.3276596069336
2011-05-23 16:00:00,160.9549102783203
2011-05-23 17:00:00,302.9327392578125
2011-05-23 18:00:00,276.1784362792969
2011-05-23 19:00:00,196.0235595703125
2011-05-23 20:00:00,152.98948669433594
2011-05-23 21:00:00,95.93506622314453
2011-05-23 22:00:00,64.74893188476562
2011-05-23 23:00:00,34.754329681396484
2011-05-24 00:00:00,15.559913635253906
2011-05-24 01:00:00,7.364743232727051
2011-05-24 02:00:00,4.040785789489746
2011-05-24 03:00:00,2.0015406608581543
2011-05-24 04:00:00,2.916914463043213
2011-05-24 05:00:00,10.90405559539795
2011-05-24 06:00:00,60.93791198730469
2011-05-24 07:00:00,146.76809692382812
2011-05-24 08:00:00,223.7962646484375
2011-05-24 09:00:00,147.42108154296875
2011-05-24 10:00:00,99.38785552978516
2011-05-24 11:00:00,119.86663818359375
2011-05-24 12:00:00,155.89186096191406
2011-05-24 13:00:00,154.93777465820312
2011-05-24 14:00:00,136.96823120117188
2011-05-24 15:00:00,109.14371490478516
2011-05-24 16:00:00,188.58062744140625
2011-05-24 17:00:00,417.42156982421875
2011-05-24 18:00:00,387.9079284667969
2011-05-24 19:00:00,253.2984161376953
2011-05-24 20:00:00,176.78160095214844
2011-05-24 21:00:00,129.75357055664062
2011-05-24 22:00:00,59.99818801879883
2011-05-24 23:00:00,42.454593658447266
2011-05-25 00:00:00,20.58477783203125
2011-05-25 01:00:00,12.560449600219727
2011-05-25 02:00:00,3.556203842163086
2011-05-25 03:00:00,3.2277398109436035
2011-05-25 04:00:00,2.018296480178833
2011-05-25 05:00:00,14.405311584472656
2011-05-25 06:00:00,59.372718811035156
2011-05-25 07:00:00,197.71612548828125
2011-05-25 08:00:00,299.8097839355469
2011-05-25 09:00:00,131.26010131835938
2011-05-25 10:00:00,86.58686065673828
2011-05-25 11:00:00,112.77429962158203
2011-05-25 12:00:00,145.66563415527344
2011-05-25 13:00:00,135.29837036132812
2011-05-25 14:00:00,132.40252685546875
2011-05-25 15:00:00,125.3981704711914
2011-05-25 16:00:00,211.6414031982422
2011-05-25 17:00:00,366.25567626953125
2011-05-25 18:00:00,374.2554626464844
2011-05-25 19:00:00,269.44378662109375
2011-05-25 20:00:00,193.80775451660156
2011-05-25 21:00:00,128.25303649902344
2011-05-25 22:00:00,117.66724395751953
2011-05-25 23:00:00,54.50522232055664
2011-05-26 00:00:00,34.033145904541016
2011-05-26 01:00:00,15.773773193359375
2011-05-26 02:00:00,6.597415924072266
2011-05-26 03:00:00,3.2400269508361816
2011-05-26 04:00:00,2.8996071815490723
2011-05-26 05:00:00,15.255773544311523
2011-05-26 06:00:00,44.92655563354492
2011-05-26 07:00:00,132.13563537597656
2011-05-26 08:00:00,287.71295166015625
2011-05-26 09:00:00,136.08816528320312
2011-05-26 10:00:00,93.00704956054688
2011-05-26 11:00:00,110.86355590820312
2011-05-26 12:00:00,142.53993225097656
2011-05-26 13:00:00,141.1982879638672
2011-05-26 14:00:00,135.0684356689453
2011-05-26 15:00:00,132.53497314453125
2011-05-26 16:00:00,229.43714904785156
2011-05-26 17:00:00,372.54180908203125
2011-05-26 18:00:00,345.24859619140625
2011-05-26 19:00:00,255.90933227539062
2011-05-26 20:00:00,182.29052734375
2011-05-26 21:00:00,134.2278289794922
2011-05-26 22:00:00,123.64800262451172
2011-05-26 23:00:00,70.81412506103516
2011-05-27 00:00:00,40.70135498046875
2011-05-27 01:00:00,17.22115707397461
2011-05-27 02:00:00,9.351828575134277
2011-05-27 03:00:00,4.005990028381348
2011-05-27 04:00:00,3.2709898948669434
2011-05-27 05:00:00,10.609211921691895
2011-05-27 06:00:00,48.21519088745117
2011-05-27 07:00:00,164.6986541748047
2011-05-27 08:00:00,239.16635131835938
2011-05-27 09:00:00,115.01011657714844
2011-05-27 10:00:00,90.36522674560547
2011-05-27 11:00:00,104.38360595703125
2011-05-27 12:00:00,135.69508361816406
2011-05-27 13:00:00,134.9354248046875
2011-05-27 14:00:00,127.18873596191406
2011-05-27 15:00:00,124.10418701171875
2011-05-27 16:00:00,215.9517364501953
2011-05-27 17:00:00,333.12872314453125
2011-05-27 18:00:00,270.11572265625
2011-05-27 19:00:00,142.3453369140625
2011-05-27 20:00:00,139.32058715820312
2011-05-27 21:00:00,83.4405746459961
2011-05-27 22:00:00,102.63764190673828
2011-05-27 23:00:00,63.53016662597656
2011-05-28 00:00:00,71.22726440429688
2011-05-28 01:00:00,59.19868469238281
2011-05-28 02:00:00,38.15895080566406
2011-05-28 03:00:00,12.39415454864502
2011-05-28 04:00:00,4.643855571746826
2011-05-28 05:00:00,5.101709365844727
2011-05-28 06:00:00,19.0709228515625
2011-05-28 07:00:00,41.34939956665039
2011-05-28 08:00:00,89.10546875
2011-05-28 09:00:00,127.41914367675781
2011-05-28 10:00:00,191.47943115234375
2011-05-28 11:00:00,224.43194580078125
2011-05-28 12:00:00,290.9988098144531
2011-05-28 13:00:00,294.209716796875
2011-05-28 14:00:00,334.464599609375
2011-05-28 15:00:00,289.87274169921875
2011-05-28 16:00:00,336.47509765625
2011-05-28 17:00:00,312.4814758300781
2011-05-28 18:00:00,250.32460021972656
2011-05-28 19:00:00,211.783203125
2011-05-28 20:00:00,168.60714721679688
2011-05-28 21:00:00,110.25139617919922
2011-05-28 22:00:00,128.2852783203125
2011-05-28 23:00:00,83.2885513305664
2011-05-29 00:00:00,94.95506286621094
2011-05-29 01:00:00,78.99923706054688
2011-05-29 02:00:00,61.250850677490234
2011-05-29 03:00:00,27.486637115478516
2011-05-29 04:00:00,7.232789993286133
2011-05-29 05:00:00,6.150864124298096
2011-05-29 06:00:00,9.397103309631348
2011-05-29 07:00:00,23.125680923461914
2011-05-29 08:00:00,57.362483978271484
2011-05-29 09:00:00,90.3211898803711
2011-05-29 10:00:00,174.9657745361328
2011-05-29 11:00:00,192.51141357421875
2011-05-29 12:00:00,272.75738525390625
2011-05-29 13:00:00,351.28985595703125
2011-05-29 14:00:00,390.20849609375
2011-05-29 15:00:00,358.35260009765625
2011-05-29 16:00:00,378.1294250488281
2011-05-29 17:00:00,358.68878173828125
2011-05-29 18:00:00,283.1752014160156
2011-05-29 19:00:00,255.60595703125
2011-05-29 20:00:00,194.42449951171875
2011-05-29 21:00:00,140.059326171875
2011-05-29 22:00:00,114.5226821899414
2011-05-29 23:00:00,65.07434844970703
2011-05-30 00:00:00,48.48946762084961
2011-05-30 01:00:00,38.0013542175293
2011-05-30 02:00:00,26.47224998474121
2011-05-30 03:00:00,9.134803771972656
2011-05-30 04:00:00,4.849586486816406
2011-05-30 05:00:00,6.79236364364624
2011-05-30 06:00:00,16.555606842041016
2011-05-30 07:00:00,44.13276290893555
2011-05-30 08:00:00,114.9178237915039
2011-05-30 09:00:00,165.7541961669922
2011-05-30 10:00:00,241.96746826171875
2011-05-30 11:00:00,231.8268280029297
2011-05-30 12:00:00,328.5999755859375
2011-05-30 13:00:00,307.5700378417969
2011-05-30 14:00:00,324.7559814453125
2011-05-30 15:00:00,334.4114990234375
2011-05-30 16:00:00,408.2066345214844
2011-05-30 17:00:00,574.8289184570312
2011-05-30 18:00:00,405.1427917480469
2011-05-30 19:00:00,323.18115234375
2011-05-30 20:00:00,278.6761169433594
2011-05-30 21:00:00,177.60520935058594
2011-05-30 22:00:00,161.072021484375
2011-05-30 23:00:00,103.460693359375
2011-05-31 00:00:00,24.52276611328125
2011-05-31 01:00:00,10.780559539794922
2011-05-31 02:00:00,4.321650981903076
2011-05-31 03:00:00,2.3943440914154053
2011-05-31 04:00:00,3.3868355751037598
2011-05-31 05:00:00,13.639812469482422
2011-05-31 06:00:00,85.0042495727539
2011-05-31 07:00:00,218.09707641601562
2011-05-31 08:00:00,322.0694580078125
2011-05-31 09:00:00,125.23897552490234
2011-05-31 10:00:00,97.74490356445312
2011-05-31 11:00:00,103.89830017089844
2011-05-31 12:00:00,134.2216339111328
2011-05-31 13:00:00,127.024169921875
2011-05-31 14:00:00,125.42475128173828
2011-05-31 15:00:00,115.96917724609375
2011-05-31 16:00:00,191.0614471435547
2011-05-31 17:00:00,378.5954284667969
2011-05-31 18:00:00,368.38006591796875
2011-05-31 19:00:00,260.5378112792969
2011-05-31 20:00:00,217.45498657226562
2011-05-31 21:00:00,152.18775939941406
2011-05-31 22:00:00,123.59107971191406
2011-05-31 23:00:00,57.93196105957031
2011-06-20 00:00:00,20.634532928466797
2011-06-20 01:00:00,7.9389142990112305
2011-06-20 02:00:00,4.631394386291504
2011-06-20 03:00:00,3.932283878326416
2011-06-20 04:00:00,5.875495433807373
2011-06-20 05:00:00,15.102180480957031
2011-06-20 06:00:00,58.0516242980957
2011-06-20 07:00:00,99.68061065673828
2011-06-20 08:00:00,180.21214294433594
2011-06-20 09:00:00,116.25878143310547
2011-06-20 10:00:00,77.5575180053711
2011-06-20 11:00:00,90.83047485351562
2011-06-20 12:00:00,123.54415130615234
2011-06-20 13:00:00,126.12889862060547
2011-06-20 14:00:00,122.99969482421875
2011-06-20 15:00:00,130.69302368164062
2011-06-20 16:00:00,208.9716339111328
2011-06-20 17:00:00,359.5478820800781
2011-06-20 18:00:00,463.7964782714844
2011-06-20 19:00:00,278.8450012207031
2011-06-20 20:00:00,209.99356079101562
2011-06-20 21:00:00,165.8743133544922
2011-06-20 22:00:00,87.83482360839844
2011-06-20 23:00:00,50.007164001464844
2011-06-21 00:00:00,21.434276580810547
2011-06-21 01:00:00,8.528183937072754
2011-06-21 02:00:00,4.2069926261901855
2011-06-21 03:00:00,2.8518192768096924
2011-06-21 04:00:00,3.5482449531555176
2011-06-21 05:00:00,15.33428955078125
2011-06-21 06:00:00,77.96206665039062
2011-06-21 07:00:00,142.73294067382812
2011-06-21 08:00:00,267.2743225097656
2011-06-21 09:00:00,115.2219009399414
2011-06-21 10:00:00,70.86239624023438
2011-06-21 11:00:00,91.39752197265625
2011-06-21 12:00:00,111.50537872314453
2011-06-21 13:00:00,115.68106079101562
2011-06-21 14:00:00,133.44894409179688
2011-06-21 15:00:00,134.7705535888672
2011-06-21 16:00:00,211.93109130859375
2011-06-21 17:00:00,380.17108154296875
2011-06-21 18:00:00,385.44525146484375
2011-06-21 19:00:00,240.293701171875
2011-06-21 20:00:00,177.66848754882812
2011-06-21 21:00:00,145.05099487304688
2011-06-21 22:00:00,97.25933074951172
2011-06-21 23:00:00,66.94839477539062
2011-06-22 00:00:00,33.85327911376953
2011-06-22 01:00:00,12.991985321044922
2011-06-22 02:00:00,5.313288688659668
2011-06-22 03:00:00,5.488414764404297
2011-06-22 04:00:00,4.9279890060424805
2011-06-22 05:00:00,28.889291763305664
2011-06-22 06:00:00,113.47112274169922
2011-06-22 07:00:00,297.1917419433594
2011-06-22 08:00:00,410.2493896484375
2011-06-22 09:00:00,207.2365264892578
2011-06-22 10:00:00,134.76849365234375
2011-06-22 11:00:00,151.71282958984375
2011-06-22 12:00:00,153.39202880859375
2011-06-22 13:00:00,152.48365783691406
2011-06-22 14:00:00,153.07945251464844
2011-06-22 15:00:00,161.191162109375
2011-06-22 16:00:00,298.7979736328125
2011-06-22 17:00:00,551.9911499023438
2011-06-22 18:00:00,503.4851379394531
2011-06-22 19:00:00,339.5154724121094
2011-06-22 20:00:00,295.9707336425781
2011-06-22 21:00:00,208.1291961669922
2011-06-22 22:00:00,145.81060791015625
2011-06-22 23:00:00,81.09428405761719
2011-06-23 00:00:00,30.708715438842773
2011-06-23 01:00:00,11.627084732055664
2011-06-23 02:00:00,6.1367011070251465
2011-06-23 03:00:00,3.44110107421875
2011-06-23 04:00:00,3.5311055183410645
2011-06-23 05:00:00,20.939376831054688
2011-06-23 06:00:00,90.10120391845703
2011-06-23 07:00:00,229.11135864257812
2011-06-23 08:00:00,306.2123107910156
2011-06-23 09:00:00,123.7408218383789
2011-06-23 10:00:00,65.40106201171875
2011-06-23 11:00:00,90.93001556396484
2011-06-23 12:00:00,107.10001373291016
2011-06-23 13:00:00,107.10506439208984
2011-06-23 14:00:00,99.72051239013672
2011-06-23 15:00:00,123.8662109375
2011-06-23 16:00:00,201.8485107421875
2011-06-23 17:00:00,369.27398681640625
2011-06-23 18:00:00,362.6015319824219
2011-06-23 19:00:00,260.8216857910156
2011-06-23 20:00:00,215.9022979736328
2011-06-23 21:00:00,170.3658447265625
2011-06-23 22:00:00,121.60894775390625
2011-06-23 23:00:00,75.44585418701172
2011-06-24 00:00:00,64.17207336425781
2011-06-24 01:00:00,25.571096420288086
2011-06-24 02:00:00,15.194404602050781
2011-06-24 03:00:00,6.180691719055176
2011-06-24 04:00:00,6.658275604248047
2011-06-24 05:00:00,25.27445411682129
2011-06-24 06:00:00,89.50822448730469
2011-06-24 07:00:00,259.62701416015625
2011-06-24 08:00:00,407.3258056640625
2011-06-24 09:00:00,188.81797790527344
2011-06-24 10:00:00,146.8863067626953
2011-06-24 11:00:00,192.10031127929688
2011-06-24 12:00:00,228.91163635253906
2011-06-24 13:00:00,231.05552673339844
2011-06-24 14:00:00,215.08676147460938
2011-06-24 15:00:00,222.86488342285156
2011-06-24 16:00:00,334.5118103027344
2011-06-24 17:00:00,512.5519409179688
2011-06-24 18:00:00,460.5241394042969
2011-06-24 19:00:00,310.0554504394531
2011-06-24 20:00:00,229.16973876953125
2011-06-24 21:00:00,173.26901245117188
2011-06-24 22:00:00,142.71334838867188
2011-06-24 23:00:00,121.44027709960938
2011-06-25 00:00:00,94.08633422851562
2011-06-25 01:00:00,71.80409240722656
2011-06-25 02:00:00,49.94200897216797
2011-06-25 03:00:00,19.748258590698242
2011-06-25 04:00:00,6.272218227386475
2011-06-25 05:00:00,6.1384382247924805
2011-06-25 06:00:00,16.38873863220215
2011-06-25 07:00:00,40.35033416748047
2011-06-25 08:00:00,90.83130645751953
2011-06-25 09:00:00,135.177734375
2011-06-25 10:00:00,222.54637145996094
2011-06-25 11:00:00,261.652099609375
2011-06-25 12:00:00,360.1289367675781
2011-06-25 13:00:00,346.7223205566406
2011-06-25 14:00:00,380.4276123046875
2011-06-25 15:00:00,290.7076721191406
2011-06-25 16:00:00,362.3171081542969
2011-06-25 17:00:00,301.86981201171875
2011-06-25 18:00:00,294.919189453125
2011-06-25 19:00:00,230.58074951171875
2011-06-25 20:00:00,189.1180877685547
2011-06-25 21:00:00,149.21688842773438
2011-06-25 22:00:00,141.30599975585938
2011-06-25 23:00:00,104.56486511230469
2011-06-26 00:00:00,66.69869232177734
2011-06-26 01:00:00,55.911190032958984
2011-06-26 02:00:00,44.94881057739258
2011-06-26 03:00:00,20.96531105041504
2011-06-26 04:00:00,4.996997356414795
2011-06-26 05:00:00,3.2422451972961426
2011-06-26 06:00:00,7.994416236877441
2011-06-26 07:00:00,21.15967559814453
2011-06-26 08:00:00,52.0577507019043
2011-06-26 09:00:00,82.98965454101562
2011-06-26 10:00:00,141.1410675048828
2011-06-26 11:00:00,198.64337158203125
2011-06-26 12:00:00,273.95989990234375
2011-06-26 13:00:00,240.31015014648438
2011-06-26 14:00:00,240.78273010253906
2011-06-26 15:00:00,200.05075073242188
2011-06-26 16:00:00,249.61398315429688
2011-06-26 17:00:00,209.85708618164062
2011-06-26 18:00:00,214.41229248046875
2011-06-26 19:00:00,139.6741180419922
2011-06-26 20:00:00,126.4283447265625
2011-06-26 21:00:00,92.7808609008789
2011-06-26 22:00:00,77.57856750488281
2011-06-26 23:00:00,49.623085021972656
2011-06-27 00:00:00,15.839750289916992
2011-06-27 01:00:00,5.338046550750732
2011-06-27 02:00:00,3.5395379066467285
2011-06-27 03:00:00,2.7195775508880615
2011-06-27 04:00:00,3.6410117149353027
2011-06-27 05:00:00,13.502031326293945
2011-06-27 06:00:00,57.59115982055664
2011-06-27 07:00:00,158.22195434570312
2011-06-27 08:00:00,242.08694458007812
2011-06-27 09:00:00,99.0012435913086
2011-06-27 10:00:00,64.82252502441406
2011-06-27 11:00:00,65.0748519897461
2011-06-27 12:00:00,96.22045135498047
2011-06-27 13:00:00,94.32389831542969
2011-06-27 14:00:00,90.43931579589844
2011-06-27 15:00:00,95.84992218017578
2011-06-27 16:00:00,163.58770751953125
2011-06-27 17:00:00,323.1610412597656
2011-06-27 18:00:00,312.1498107910156
2011-06-27 19:00:00,224.96176147460938
2011-06-27 20:00:00,179.29722595214844
2011-06-27 21:00:00,114.12191772460938
2011-06-27 22:00:00,79.95274353027344
2011-06-27 23:00:00,52.488346099853516
2011-06-28 00:00:00,21.769105911254883
2011-06-28 01:00:00,7.512738227844238
2011-06-28 02:00:00,2.8976078033447266
2011-06-28 03:00:00,2.74104642868042
2011-06-28 04:00:00,3.4297165870666504
2011-06-28 05:00:00,18.47301483154297
2011-06-28 06:00:00,91.59127044677734
2011-06-28 07:00:00,262.840576171875
2011-06-28 08:00:00,356.3581237792969
2011-06-28 09:00:00,118.80709838867188
2011-06-28 10:00:00,82.87015533447266
2011-06-28 11:00:00,88.8460693359375
2011-06-28 12:00:00,137.9930419921875
2011-06-28 13:00:00,108.33619689941406
2011-06-28 14:00:00,127.34757995605469
2011-06-28 15:00:00,104.99946594238281
2011-06-28 16:00:00,248.57635498046875
2011-06-28 17:00:00,436.8831481933594
2011-06-28 18:00:00,487.5279541015625
2011-06-28 19:00:00,318.26202392578125
2011-06-28 20:00:00,195.17721557617188
2011-06-28 21:00:00,171.80462646484375
2011-06-28 22:00:00,129.8513641357422
2011-06-28 23:00:00,73.43852996826172
2011-06-29 00:00:00,36.538726806640625
2011-06-29 01:00:00,15.370527267456055
2011-06-29 02:00:00,7.669244766235352
2011-06-29 03:00:00,5.042107105255127
2011-06-29 04:00:00,6.1679253578186035
2011-06-29 05:00:00,38.06610870361328
2011-06-29 06:00:00,140.35256958007812
2011-06-29 07:00:00,331.8890686035156
2011-06-29 08:00:00,490.78045654296875
2011-06-29 09:00:00,267.295166015625
2011-06-29 10:00:00,130.81483459472656
2011-06-29 11:00:00,165.0935516357422
2011-06-29 12:00:00,212.00582885742188
2011-06-29 13:00:00,201.3863983154297
2011-06-29 14:00:00,170.84060668945312
2011-06-29 15:00:00,168.18759155273438
2011-06-29 16:00:00,355.46563720703125
2011-06-29 17:00:00,667.3106689453125
2011-06-29 18:00:00,581.8255615234375
2011-06-29 19:00:00,477.8097229003906
2011-06-29 20:00:00,346.66510009765625
2011-06-29 21:00:00,225.7299041748047
2011-06-29 22:00:00,168.59048461914062
2011-06-29 23:00:00,100.98886108398438
2011-06-30 00:00:00,52.97771072387695
2011-06-30 01:00:00,19.014062881469727
2011-06-30 02:00:00,11.297011375427246
2011-06-30 03:00:00,6.823182582855225
2011-06-30 04:00:00,5.6327104568481445
2011-06-30 05:00:00,37.71344757080078
2011-06-30 06:00:00,137.9870147705078
2011-06-30 07:00:00,421.3982238769531
2011-06-30 08:00:00,480.7307434082031
2011-06-30 09:00:00,236.695556640625
2011-06-30 10:00:00,138.03819274902344
2011-06-30 11:00:00,161.6620635986328
2011-06-30 12:00:00,213.83938598632812
2011-06-30 13:00:00,207.2546844482422
2011-06-30 14:00:00,186.64035034179688
2011-06-30 15:00:00,202.58311462402344
2011-06-30 16:00:00,295.37530517578125
2011-06-30 17:00:00,660.5748901367188
2011-06-30 18:00:00,573.8607788085938
2011-06-30 19:00:00,377.05133056640625
2011-06-30 20:00:00,317.84442138671875
2011-06-30 21:00:00,198.302001953125
2011-06-30 22:00:00,189.87875366210938
2011-06-30 23:00:00,115.33656311035156
2011-07-20 00:00:00,21.19168472290039
2011-07-20 01:00:00,7.690164566040039
2011-07-20 02:00:00,3.737389087677002
2011-07-20 03:00:00,2.9572103023529053
2011-07-20 04:00:00,2.4944963455200195
2011-07-20 05:00:00,15.493900299072266
2011-07-20 06:00:00,73.24497985839844
2011-07-20 07:00:00,222.65939331054688
2011-07-20 08:00:00,287.2955627441406
2011-07-20 09:00:00,133.61207580566406
2011-07-20 10:00:00,71.2870101928711
2011-07-20 11:00:00,92.82706451416016
2011-07-20 12:00:00,107.59231567382812
2011-07-20 13:00:00,109.46029663085938
2011-07-20 14:00:00,105.6551742553711
2011-07-20 15:00:00,98.81777954101562
2011-07-20 16:00:00,158.6667938232422
2011-07-20 17:00:00,361.27484130859375
2011-07-20 18:00:00,332.0176696777344
2011-07-20 19:00:00,248.54910278320312
2011-07-20 20:00:00,195.5696563720703
2011-07-20 21:00:00,131.39361572265625
2011-07-20 22:00:00,114.17066955566406
2011-07-20 23:00:00,63.945762634277344
2011-07-21 00:00:00,32.42860794067383
2011-07-21 01:00:00,9.291434288024902
2011-07-21 02:00:00,5.916008949279785
2011-07-21 03:00:00,3.717987537384033
2011-07-21 04:00:00,3.5481677055358887
2011-07-21 05:00:00,17.578388214111328
2011-07-21 06:00:00,87.73126983642578
2011-07-21 07:00:00,231.55865478515625
2011-07-21 08:00:00,314.4618835449219
2011-07-21 09:00:00,125.16032409667969
2011-07-21 10:00:00,82.8955078125
2011-07-21 11:00:00,108.21186828613281
2011-07-21 12:00:00,134.07154846191406
2011-07-21 13:00:00,126.86360168457031
2011-07-21 14:00:00,131.12904357910156
2011-07-21 15:00:00,117.22647857666016
2011-07-21 16:00:00,192.86737060546875
2011-07-21 17:00:00,410.7201232910156
2011-07-21 18:00:00,319.7748718261719
2011-07-21 19:00:00,237.94900512695312
2011-07-21 20:00:00,204.0859375
2011-07-21 21:00:00,146.70849609375
2011-07-21 22:00:00,142.63880920410156
2011-07-21 23:00:00,84.9321060180664
2011-07-22 00:00:00,62.38435745239258
2011-07-22 01:00:00,25.712909698486328
2011-07-22 02:00:00,13.196864128112793
2011-07-22 03:00:00,6.738550186157227
2011-07-22 04:00:00,5.6180572509765625
2011-07-22 05:00:00,21.051359176635742
2011-07-22 06:00:00,90.49470520019531
2011-07-22 07:00:00,226.3142547607422
2011-07-22 08:00:00,375.6471252441406
2011-07-22 09:00:00,149.99298095703125
2011-07-22 10:00:00,120.20784759521484
2011-07-22 11:00:00,150.8955078125
2011-07-22 12:00:00,185.8760986328125
2011-07-22 13:00:00,208.06927490234375
2011-07-22 14:00:00,196.7001953125
2011-07-22 15:00:00,184.07591247558594
2011-07-22 16:00:00,257.2586975097656
2011-07-22 17:00:00,422.8812255859375
2011-07-22 18:00:00,326.8909912109375
2011-07-22 19:00:00,289.6369323730469
2011-07-22 20:00:00,223.27464294433594
2011-07-22 21:00:00,164.70941162109375
2011-07-22 22:00:00,177.25619506835938
2011-07-22 23:00:00,130.8776397705078
2011-07-23 00:00:00,54.52415084838867
2011-07-23 01:00:00,42.580562591552734
2011-07-23 02:00:00,30.063188552856445
2011-07-23 03:00:00,14.787740707397461
2011-07-23 04:00:00,3.8014283180236816
2011-07-23 05:00:00,4.119009971618652
2011-07-23 06:00:00,12.474610328674316
2011-07-23 07:00:00,32.719791412353516
2011-07-23 08:00:00,81.57966613769531
2011-07-23 09:00:00,95.46842956542969
2011-07-23 10:00:00,146.97885131835938
2011-07-23 11:00:00,182.43829345703125
2011-07-23 12:00:00,189.01820373535156
2011-07-23 13:00:00,200.59939575195312
2011-07-23 14:00:00,185.56527709960938
2011-07-23 15:00:00,172.7741241455078
2011-07-23 16:00:00,198.7000274658203
2011-07-23 17:00:00,207.57997131347656
2011-07-23 18:00:00,178.27679443359375
2011-07-23 19:00:00,193.2138671875
2011-07-23 20:00:00,152.04998779296875
2011-07-23 21:00:00,122.5808334350586
2011-07-23 22:00:00,114.3923110961914
2011-07-23 23:00:00,80.33595275878906
2011-07-24 00:00:00,112.1619873046875
2011-07-24 01:00:00,77.63501739501953
2011-07-24 02:00:00,60.83524703979492
2011-07-24 03:00:00,25.370214462280273
2011-07-24 04:00:00,8.0120267868042
2011-07-24 05:00:00,6.205726623535156
2011-07-24 06:00:00,15.039388656616211
2011-07-24 07:00:00,32.51067352294922
2011-07-24 08:00:00,82.73584747314453
2011-07-24 09:00:00,122.7868423461914
2011-07-24 10:00:00,232.07998657226562
2011-07-24 11:00:00,287.9789123535156
2011-07-24 12:00:00,329.7752990722656
2011-07-24 13:00:00,346.7440185546875
2011-07-24 14:00:00,340.61614990234375
2011-07-24 15:00:00,254.76817321777344
2011-07-24 16:00:00,323.155029296875
2011-07-24 17:00:00,283.9395446777344
2011-07-24 18:00:00,247.38970947265625
2011-07-24 19:00:00,218.4996795654297
2011-07-24 20:00:00,191.7109375
2011-07-24 21:00:00,155.07704162597656
2011-07-24 22:00:00,125.87696838378906
2011-07-24 23:00:00,77.66967010498047
2011-07-25 00:00:00,25.99458885192871
2011-07-25 01:00:00,10.959142684936523
2011-07-25 02:00:00,5.959713935852051
2011-07-25 03:00:00,3.0509448051452637
2011-07-25 04:00:00,3.499770164489746
2011-07-25 05:00:00,14.51909065246582
2011-07-25 06:00:00,59.35797882080078
2011-07-25 07:00:00,171.83734130859375
2011-07-25 08:00:00,256.5062561035156
2011-07-25 09:00:00,103.597412109375
2011-07-25 10:00:00,72.1035385131836
2011-07-25 11:00:00,111.34728240966797
2011-07-25 12:00:00,120.1431884765625
2011-07-25 13:00:00,105.44432830810547
2011-07-25 14:00:00,93.10311889648438
2011-07-25 15:00:00,91.03913879394531
2011-07-25 16:00:00,172.03904724121094
2011-07-25 17:00:00,339.3627014160156
2011-07-25 18:00:00,354.1257019042969
2011-07-25 19:00:00,262.6232604980469
2011-07-25 20:00:00,198.17868041992188
2011-07-25 21:00:00,142.09552001953125
2011-07-25 22:00:00,88.56969451904297
2011-07-25 23:00:00,52.32148361206055
2011-07-26 00:00:00,21.07175636291504
2011-07-26 01:00:00,9.289962768554688
2011-07-26 02:00:00,3.7275562286376953
2011-07-26 03:00:00,2.5505168437957764
2011-07-26 04:00:00,3.823413372039795
2011-07-26 05:00:00,15.191471099853516
2011-07-26 06:00:00,89.3003158569336
2011-07-26 07:00:00,250.59042358398438
2011-07-26 08:00:00,355.60504150390625
2011-07-26 09:00:00,142.01844787597656
2011-07-26 10:00:00,86.4705810546875
2011-07-26 11:00:00,88.49114227294922
2011-07-26 12:00:00,112.53795623779297
2011-07-26 13:00:00,121.51018524169922
2011-07-26 14:00:00,123.31104278564453
2011-07-26 15:00:00,130.87777709960938
2011-07-26 16:00:00,204.80665588378906
2011-07-26 17:00:00,426.2762451171875
2011-07-26 18:00:00,381.7947082519531
2011-07-26 19:00:00,257.16497802734375
2011-07-26 20:00:00,198.44679260253906
2011-07-26 21:00:00,153.47450256347656
2011-07-26 22:00:00,102.85516357421875
2011-07-26 23:00:00,62.573509216308594
2011-07-27 00:00:00,20.883922576904297
2011-07-27 01:00:00,9.646642684936523
2011-07-27 02:00:00,5.266729831695557
2011-07-27 03:00:00,2.5311992168426514
2011-07-27 04:00:00,2.566821575164795
2011-07-27 05:00:00,14.68736743927002
2011-07-27 06:00:00,67.51555633544922
2011-07-27 07:00:00,180.53152465820312
2011-07-27 08:00:00,245.12425231933594
2011-07-27 09:00:00,129.71548461914062
2011-07-27 10:00:00,64.9786376953125
2011-07-27 11:00:00,76.47657012939453
2011-07-27 12:00:00,112.20268249511719
2011-07-27 13:00:00,113.52588653564453
2011-07-27 14:00:00,94.27350616455078
2011-07-27 15:00:00,95.782470703125
2011-07-27 16:00:00,167.59872436523438
2011-07-27 17:00:00,291.50091552734375
2011-07-27 18:00:00,270.0155334472656
2011-07-27 19:00:00,215.2703399658203
2011-07-27 20:00:00,193.80868530273438
2011-07-27 21:00:00,120.94804382324219
2011-07-27 22:00:00,89.64816284179688
2011-07-27 23:00:00,54.137969970703125
2011-07-28 00:00:00,34.469058990478516
2011-07-28 01:00:00,13.487272262573242
2011-07-28 02:00:00,7.4106855392456055
2011-07-28 03:00:00,3.3939614295959473
2011-07-28 04:00:00,3.700784206390381
2011-07-28 05:00:00,18.054222106933594
2011-07-28 06:00:00,94.36713409423828
2011-07-28 07:00:00,266.9833068847656
2011-07-28 08:00:00,353.154541015625
2011-07-28 09:00:00,142.15428161621094
2011-07-28 10:00:00,92.99947357177734
2011-07-28 11:00:00,108.69087219238281
2011-07-28 12:00:00,132.43287658691406
2011-07-28 13:00:00,126.34215545654297
2011-07-28 14:00:00,135.76718139648438
2011-07-28 15:00:00,111.77586364746094
2011-07-28 16:00:00,199.99794006347656
2011-07-28 17:00:00,403.17144775390625
2011-07-28 18:00:00,324.21075439453125
2011-07-28 19:00:00,255.63531494140625
2011-07-28 20:00:00,225.3905792236328
2011-07-28 21:00:00,160.02377319335938
2011-07-28 22:00:00,163.56903076171875
2011-07-28 23:00:00,81.20976257324219
2011-07-29 00:00:00,66.28932189941406
2011-07-29 01:00:00,28.698041915893555
2011-07-29 02:00:00,13.304776191711426
2011-07-29 03:00:00,6.72628116607666
2011-07-29 04:00:00,7.099872589111328
2011-07-29 05:00:00,20.240650177001953
2011-07-29 06:00:00,71.4283676147461
2011-07-29 07:00:00,230.45578002929688
2011-07-29 08:00:00,341.0212097167969
2011-07-29 09:00:00,171.75222778320312
2011-07-29 10:00:00,148.71104431152344
2011-07-29 11:00:00,185.26866149902344
2011-07-29 12:00:00,223.46624755859375
2011-07-29 13:00:00,208.943603515625
2011-07-29 14:00:00,217.2388458251953
2011-07-29 15:00:00,213.8762664794922
2011-07-29 16:00:00,333.3679504394531
2011-07-29 17:00:00,452.4937438964844
2011-07-29 18:00:00,398.1372985839844
2011-07-29 19:00:00,280.4354248046875
2011-07-29 20:00:00,262.4846496582031
2011-07-29 21:00:00,167.6844482421875
2011-07-29 22:00:00,188.87646484375
2011-07-29 23:00:00,149.07098388671875
2011-07-30 00:00:00,110.00779724121094
2011-07-30 01:00:00,81.70935821533203
2011-07-30 02:00:00,60.40807342529297
2011-07-30 03:00:00,26.382173538208008
2011-07-30 04:00:00,6.744729518890381
2011-07-30 05:00:00,9.04322338104248
2011-07-30 06:00:00,25.721546173095703
2011-07-30 07:00:00,61.969085693359375
2011-07-30 08:00:00,130.04986572265625
2011-07-30 09:00:00,181.7123260498047
2011-07-30 10:00:00,283.2547607421875
2011-07-30 11:00:00,326.6751403808594
2011-07-30 12:00:00,391.02789306640625
2011-07-30 13:00:00,339.4217834472656
2011-07-30 14:00:00,313.4465026855469
2011-07-30 15:00:00,316.32177734375
2011-07-30 16:00:00,366.470458984375
2011-07-30 17:00:00,363.7624206542969
2011-07-30 18:00:00,310.7546691894531
2011-07-30 19:00:00,284.39886474609375
2011-07-30 20:00:00,234.38323974609375
2011-07-30 21:00:00,189.78256225585938
2011-07-30 22:00:00,173.81065368652344
2011-07-30 23:00:00,152.7923126220703
2011-07-31 00:00:00,104.24811553955078
2011-07-31 01:00:00,76.46593475341797
2011-07-31 02:00:00,57.268856048583984
2011-07-31 03:00:00,23.436124801635742
2011-07-31 04:00:00,5.451372146606445
2011-07-31 05:00:00,5.623574256896973
2011-07-31 06:00:00,10.654343605041504
2011-07-31 07:00:00,29.157217025756836
2011-07-31 08:00:00,70.10968780517578
2011-07-31 09:00:00,108.72937774658203
2011-07-31 10:00:00,199.01918029785156
2011-07-31 11:00:00,218.47926330566406
2011-07-31 12:00:00,269.68182373046875
2011-07-31 13:00:00,282.4242858886719
2011-07-31 14:00:00,271.45745849609375
2011-07-31 15:00:00,219.29237365722656
2011-07-31 16:00:00,265.3987731933594
2011-07-31 17:00:00,267.51953125
2011-07-31 18:00:00,241.2748260498047
2011-07-31 19:00:00,208.08792114257812
2011-07-31 20:00:00,169.225830078125
2011-07-31 21:00:00,128.76876831054688
2011-07-31 22:00:00,105.5799331665039
2011-07-31 23:00:00,64.99336242675781
2011-08-20 00:00:00,89.40754699707031
2011-08-20 01:00:00,58.13680648803711
2011-08-20 02:00:00,37.02396774291992
2011-08-20 03:00:00,19.78291130065918
2011-08-20 04:00:00,6.522650718688965
2011-08-20 05:00:00,4.232469081878662
2011-08-20 06:00:00,11.080085754394531
2011-08-20 07:00:00,28.450395584106445
2011-08-20 08:00:00,78.69522094726562
2011-08-20 09:00:00,117.60179138183594
2011-08-20 10:00:00,200.7574005126953
2011-08-20 11:00:00,248.89752197265625
2011-08-20 12:00:00,340.4619445800781
2011-08-20 13:00:00,308.22418212890625
2011-08-20 14:00:00,313.3538513183594
2011-08-20 15:00:00,262.4581298828125
2011-08-20 16:00:00,293.332763671875
2011-08-20 17:00:00,284.63153076171875
2011-08-20 18:00:00,256.91741943359375
2011-08-20 19:00:00,217.2099151611328
2011-08-20 20:00:00,184.8971405029297
2011-08-20 21:00:00,154.02520751953125
2011-08-20 22:00:00,146.84315490722656
2011-08-20 23:00:00,110.15393829345703
2011-08-21 00:00:00,85.0971908569336
2011-08-21 01:00:00,66.12734985351562
2011-08-21 02:00:00,56.664581298828125
2011-08-21 03:00:00,27.87140464782715
2011-08-21 04:00:00,7.476491928100586
2011-08-21 05:00:00,5.028770446777344
2011-08-21 06:00:00,8.247037887573242
2011-08-21 07:00:00,22.082374572753906
2011-08-21 08:00:00,55.37363052368164
2011-08-21 09:00:00,113.68474578857422
2011-08-21 10:00:00,199.71023559570312
2011-08-21 11:00:00,270.1667785644531
2011-08-21 12:00:00,305.99688720703125
2011-08-21 13:00:00,328.4521179199219
2011-08-21 14:00:00,189.3833465576172
2011-08-21 15:00:00,227.2644500732422
2011-08-21 16:00:00,259.7237243652344
2011-08-21 17:00:00,195.3079376220703
2011-08-21 18:00:00,163.22817993164062
2011-08-21 19:00:00,169.45277404785156
2011-08-21 20:00:00,116.37480163574219
2011-08-21 21:00:00,98.41104125976562
2011-08-21 22:00:00,65.44711303710938
2011-08-21 23:00:00,44.746795654296875
2011-08-22 00:00:00,23.044204711914062
2011-08-22 01:00:00,10.418109893798828
2011-08-22 02:00:00,4.795721054077148
2011-08-22 03:00:00,4.000523567199707
2011-08-22 04:00:00,4.456470012664795
2011-08-22 05:00:00,20.99507713317871
2011-08-22 06:00:00,97.48462677001953
2011-08-22 07:00:00,243.031494140625
2011-08-22 08:00:00,354.751953125
2011-08-22 09:00:00,179.86985778808594
2011-08-22 10:00:00,112.95890808105469
2011-08-22 11:00:00,136.02464294433594
2011-08-22 12:00:00,175.74185180664062
2011-08-22 13:00:00,177.49349975585938
2011-08-22 14:00:00,156.21995544433594
2011-08-22 15:00:00,156.5940399169922
2011-08-22 16:00:00,281.36737060546875
2011-08-22 17:00:00,553.64111328125
2011-08-22 18:00:00,508.32781982421875
2011-08-22 19:00:00,345.284423828125
2011-08-22 20:00:00,245.56192016601562
2011-08-22 21:00:00,160.55975341796875
2011-08-22 22:00:00,109.83563232421875
2011-08-22 23:00:00,61.67100524902344
2011-08-23 00:00:00,18.1455020904541
2011-08-23 01:00:00,6.910649299621582
2011-08-23 02:00:00,3.186690330505371
2011-08-23 03:00:00,2.2587690353393555
2011-08-23 04:00:00,2.7945196628570557
2011-08-23 05:00:00,13.440407752990723
2011-08-23 06:00:00,63.34172821044922
2011-08-23 07:00:00,184.73402404785156
2011-08-23 08:00:00,253.3016815185547
2011-08-23 09:00:00,116.06715393066406
2011-08-23 10:00:00,77.85734558105469
2011-08-23 11:00:00,83.92869567871094
2011-08-23 12:00:00,114.90583038330078
2011-08-23 13:00:00,110.62681579589844
2011-08-23 14:00:00,105.87464904785156
2011-08-23 15:00:00,103.93416595458984
2011-08-23 16:00:00,188.17030334472656
2011-08-23 17:00:00,383.1113586425781
2011-08-23 18:00:00,375.21417236328125
2011-08-23 19:00:00,246.8623809814453
2011-08-23 20:00:00,179.12623596191406
2011-08-23 21:00:00,122.51138305664062
2011-08-23 22:00:00,73.62557983398438
2011-08-23 23:00:00,46.021873474121094
2011-08-24 00:00:00,25.589588165283203
2011-08-24 01:00:00,10.86392593383789
2011-08-24 02:00:00,4.201077938079834
2011-08-24 03:00:00,3.3333792686462402
2011-08-24 04:00:00,3.292421817779541
2011-08-24 05:00:00,15.226970672607422
2011-08-24 06:00:00,68.87100219726562
2011-08-24 07:00:00,225.64817810058594
2011-08-24 08:00:00,319.7189025878906
2011-08-24 09:00:00,178.67723083496094
2011-08-24 10:00:00,93.38249969482422
2011-08-24 11:00:00,125.3800277709961
2011-08-24 12:00:00,143.45162963867188
2011-08-24 13:00:00,147.3175048828125
2011-08-24 14:00:00,138.10928344726562
2011-08-24 15:00:00,138.41481018066406
2011-08-24 16:00:00,235.6280059814453
2011-08-24 17:00:00,442.38482666015625
2011-08-24 18:00:00,433.9107971191406
2011-08-24 19:00:00,278.993408203125
2011-08-24 20:00:00,210.15721130371094
2011-08-24 21:00:00,148.96238708496094
2011-08-24 22:00:00,108.4228286743164
2011-08-24 23:00:00,59.28860092163086
2011-08-25 00:00:00,29.991580963134766
2011-08-25 01:00:00,13.74787712097168
2011-08-25 02:00:00,6.977861404418945
2011-08-25 03:00:00,3.739624500274658
2011-08-25 04:00:00,2.730926513671875
2011-08-25 05:00:00,20.18875503540039
2011-08-25 06:00:00,85.42620849609375
2011-08-25 07:00:00,199.4188232421875
2011-08-25 08:00:00,291.8133544921875
2011-08-25 09:00:00,146.2320098876953
2011-08-25 10:00:00,83.19945526123047
2011-08-25 11:00:00,94.52975463867188
2011-08-25 12:00:00,112.37970733642578
2011-08-25 13:00:00,106.85411071777344
2011-08-25 14:00:00,105.84876251220703
2011-08-25 15:00:00,108.94673156738281
2011-08-25 16:00:00,174.31234741210938
2011-08-25 17:00:00,335.4021911621094
2011-08-25 18:00:00,282.2462158203125
2011-08-25 19:00:00,233.4371795654297
2011-08-25 20:00:00,195.52569580078125
2011-08-25 21:00:00,141.83824157714844
2011-08-25 22:00:00,101.7399673461914
2011-08-25 23:00:00,59.551727294921875
2011-08-26 00:00:00,37.723262786865234
2011-08-26 01:00:00,17.033527374267578
2011-08-26 02:00:00,8.764974594116211
2011-08-26 03:00:00,4.923908710479736
2011-08-26 04:00:00,4.835224151611328
2011-08-26 05:00:00,14.144566535949707
2011-08-26 06:00:00,63.788230895996094
2011-08-26 07:00:00,199.56968688964844
2011-08-26 08:00:00,299.9841003417969
2011-08-26 09:00:00,154.5697784423828
2011-08-26 10:00:00,104.0522689819336
2011-08-26 11:00:00,118.46983337402344
2011-08-26 12:00:00,159.2584686279297
2011-08-26 13:00:00,175.73629760742188
2011-08-26 14:00:00,135.96121215820312
2011-08-26 15:00:00,154.04412841796875
2011-08-26 16:00:00,231.3323211669922
2011-08-26 17:00:00,421.1747131347656
2011-08-26 18:00:00,317.9108581542969
2011-08-26 19:00:00,194.76417541503906
2011-08-26 20:00:00,170.0249481201172
2011-08-26 21:00:00,133.45272827148438
2011-08-26 22:00:00,122.92007446289062
2011-08-26 23:00:00,95.43568420410156
2011-08-27 00:00:00,50.653926849365234
2011-08-27 01:00:00,43.29997634887695
2011-08-27 02:00:00,35.355445861816406
2011-08-27 03:00:00,14.120184898376465
2011-08-27 04:00:00,3.481710433959961
2011-08-27 05:00:00,4.463879108428955
2011-08-27 06:00:00,11.634628295898438
2011-08-27 07:00:00,26.313444137573242
2011-08-27 08:00:00,54.33817672729492
2011-08-27 09:00:00,82.04376983642578
2011-08-27 10:00:00,153.6680450439453
2011-08-27 11:00:00,131.90025329589844
2011-08-27 12:00:00,151.36376953125
2011-08-27 13:00:00,137.66622924804688
2011-08-27 14:00:00,117.12459564208984
2011-08-27 15:00:00,108.47532653808594
2011-08-27 16:00:00,121.4190902709961
2011-08-27 17:00:00,81.48014831542969
2011-08-28 07:00:00,14.48392105102539
2011-08-28 08:00:00,38.8775749206543
2011-08-28 09:00:00,113.6764907836914
2011-08-28 10:00:00,232.08631896972656
2011-08-28 11:00:00,247.9448699951172
2011-08-28 12:00:00,304.25384521484375
2011-08-28 13:00:00,297.9969177246094
2011-08-28 14:00:00,294.2710876464844
2011-08-28 15:00:00,240.71194458007812
2011-08-28 16:00:00,269.2127990722656
2011-08-28 17:00:00,269.2948913574219
2011-08-28 18:00:00,206.1584014892578
2011-08-28 19:00:00,158.04522705078125
2011-08-28 20:00:00,129.33326721191406
2011-08-28 21:00:00,90.33616638183594
2011-08-28 22:00:00,63.19744873046875
2011-08-28 23:00:00,39.413124084472656
2011-08-29 00:00:00,25.874048233032227
2011-08-29 01:00:00,14.203191757202148
2011-08-29 02:00:00,7.497420310974121
2011-08-29 03:00:00,4.137596607208252
2011-08-29 04:00:00,5.351358890533447
2011-08-29 05:00:00,22.5517578125
2011-08-29 06:00:00,85.14979553222656
2011-08-29 07:00:00,242.79202270507812
2011-08-29 08:00:00,368.9570007324219
2011-08-29 09:00:00,203.2989501953125
2011-08-29 10:00:00,120.31747436523438
2011-08-29 11:00:00,152.9273681640625
2011-08-29 12:00:00,192.04212951660156
2011-08-29 13:00:00,147.60853576660156
2011-08-29 14:00:00,165.79690551757812
2011-08-29 15:00:00,175.45437622070312
2011-08-29 16:00:00,289.2132873535156
2011-08-29 17:00:00,461.1180419921875
2011-08-29 18:00:00,542.2057495117188
2011-08-29 19:00:00,390.7160339355469
2011-08-29 20:00:00,252.39602661132812
2011-08-29 21:00:00,206.84397888183594
2011-08-29 22:00:00,111.10047912597656
2011-08-29 23:00:00,66.61775207519531
2011-08-30 00:00:00,27.395292282104492
2011-08-30 01:00:00,12.068914413452148
2011-08-30 02:00:00,4.623400688171387
2011-08-30 03:00:00,3.8069114685058594
2011-08-30 04:00:00,4.833725452423096
2011-08-30 05:00:00,18.392427444458008
2011-08-30 06:00:00,86.4414291381836
2011-08-30 07:00:00,269.7689514160156
2011-08-30 08:00:00,419.16900634765625
2011-08-30 09:00:00,248.090087890625
2011-08-30 10:00:00,155.15907287597656
2011-08-30 11:00:00,184.93118286132812
2011-08-30 12:00:00,223.55392456054688
2011-08-30 13:00:00,213.10643005371094
2011-08-30 14:00:00,199.87692260742188
2011-08-30 15:00:00,218.3712921142578
2011-08-30 16:00:00,375.8147277832031
2011-08-30 17:00:00,610.98193359375
2011-08-30 18:00:00,666.0025024414062
2011-08-30 19:00:00,378.5025634765625
2011-08-30 20:00:00,277.0357971191406
2011-08-30 21:00:00,179.91876220703125
2011-08-30 22:00:00,112.24441528320312
2011-08-30 23:00:00,68.36194610595703
2011-08-31 00:00:00,23.077390670776367
2011-08-31 01:00:00,10.402799606323242
2011-08-31 02:00:00,3.637007713317871
2011-08-31 03:00:00,3.791407585144043
2011-08-31 04:00:00,3.5883126258850098
2011-08-31 05:00:00,18.94080352783203
2011-08-31 06:00:00,85.01983642578125
2011-08-31 07:00:00,243.2451171875
2011-08-31 08:00:00,329.87530517578125
2011-08-31 09:00:00,161.70449829101562
2011-08-31 10:00:00,90.5083236694336
2011-08-31 11:00:00,117.90298461914062
2011-08-31 12:00:00,149.98434448242188
2011-08-31 13:00:00,136.36331176757812
2011-08-31 14:00:00,136.96763610839844
2011-08-31 15:00:00,132.89694213867188
2011-08-31 16:00:00,229.7991485595703
2011-08-31 17:00:00,416.20867919921875
2011-08-31 18:00:00,418.6376037597656
2011-08-31 19:00:00,303.8363952636719
2011-08-31 20:00:00,209.5537567138672
2011-08-31 21:00:00,149.24024963378906
2011-08-31 22:00:00,100.67106628417969
2011-08-31 23:00:00,55.2923469543457
2011-09-20 00:00:00,16.037511825561523
2011-09-20 01:00:00,2.419811487197876
2011-09-20 02:00:00,1.8337929248809814
2011-09-20 03:00:00,2.017422676086426
2011-09-20 04:00:00,2.222393035888672
2011-09-20 05:00:00,11.149754524230957
2011-09-20 06:00:00,57.85619354248047
2011-09-20 07:00:00,168.66262817382812
2011-09-20 08:00:00,134.7832489013672
2011-09-20 09:00:00,62.696250915527344
2011-09-20 10:00:00,41.70268249511719
2011-09-20 11:00:00,48.45589828491211
2011-09-20 12:00:00,46.73123550415039
2011-09-20 13:00:00,42.974571228027344
2011-09-20 14:00:00,59.19171142578125
2011-09-20 15:00:00,71.63040924072266
2011-09-20 16:00:00,120.57059478759766
2011-09-20 17:00:00,280.7855224609375
2011-09-20 18:00:00,294.34600830078125
2011-09-20 19:00:00,172.22866821289062
2011-09-20 20:00:00,121.69058990478516
2011-09-20 21:00:00,89.7586669921875
2011-09-20 22:00:00,65.48318481445312
2011-09-20 23:00:00,36.01838302612305
2011-09-21 00:00:00,11.205260276794434
2011-09-21 01:00:00,3.9656410217285156
2011-09-21 02:00:00,1.9355168342590332
2011-09-21 03:00:00,2.0526416301727295
2011-09-21 04:00:00,1.700754165649414
2011-09-21 05:00:00,8.452249526977539
2011-09-21 06:00:00,42.463680267333984
2011-09-21 07:00:00,107.12882995605469
2011-09-21 08:00:00,180.7276153564453
2011-09-21 09:00:00,67.83270263671875
2011-09-21 10:00:00,44.8773078918457
2011-09-21 11:00:00,59.230613708496094
2011-09-21 12:00:00,71.98807525634766
2011-09-21 13:00:00,64.13851928710938
2011-09-21 14:00:00,69.60530853271484
2011-09-21 15:00:00,72.81636047363281
2011-09-21 16:00:00,109.95111846923828
2011-09-21 17:00:00,184.8103790283203
2011-09-21 18:00:00,131.4871368408203
2011-09-21 19:00:00,69.60830688476562
2011-09-21 20:00:00,54.79690933227539
2011-09-21 21:00:00,54.329864501953125
2011-09-21 22:00:00,53.29096603393555
2011-09-21 23:00:00,35.20445251464844
2011-09-22 00:00:00,33.8564453125
2011-09-22 01:00:00,9.377476692199707
2011-09-22 02:00:00,5.066792011260986
2011-09-22 03:00:00,5.348259925842285
2011-09-22 04:00:00,3.6457676887512207
2011-09-22 05:00:00,21.31447982788086
2011-09-22 06:00:00,90.01553344726562
2011-09-22 07:00:00,222.93812561035156
2011-09-22 08:00:00,335.0565185546875
2011-09-22 09:00:00,170.94764709472656
2011-09-22 10:00:00,100.2467269897461
2011-09-22 11:00:00,120.09854125976562
2011-09-22 12:00:00,139.73240661621094
2011-09-22 13:00:00,129.9918212890625
2011-09-22 14:00:00,119.66053771972656
2011-09-22 15:00:00,140.31375122070312
2011-09-22 16:00:00,237.980224609375
2011-09-22 17:00:00,406.13848876953125
2011-09-22 18:00:00,391.8482666015625
2011-09-22 19:00:00,281.6881408691406
2011-09-22 20:00:00,183.2290496826172
2011-09-22 21:00:00,145.49465942382812
2011-09-22 22:00:00,117.80052185058594
2011-09-22 23:00:00,66.34186553955078
2011-09-23 00:00:00,19.32691192626953
2011-09-23 01:00:00,5.133270263671875
2011-09-23 02:00:00,2.8641304969787598
2011-09-23 03:00:00,2.1975014209747314
2011-09-23 04:00:00,2.0098161697387695
2011-09-23 05:00:00,9.78947639465332
2011-09-23 06:00:00,34.48222732543945
2011-09-23 07:00:00,69.68247985839844
2011-09-23 08:00:00,115.15624237060547
2011-09-23 09:00:00,56.29924011230469
2011-09-23 10:00:00,28.83115577697754
2011-09-23 11:00:00,36.747840881347656
2011-09-23 12:00:00,47.62550354003906
2011-09-23 13:00:00,34.82416915893555
2011-09-23 14:00:00,29.683443069458008
2011-09-23 15:00:00,41.16997528076172
2011-09-23 16:00:00,68.95410919189453
2011-09-23 17:00:00,124.87039184570312
2011-09-23 18:00:00,126.28939819335938
2011-09-23 19:00:00,115.34976196289062
2011-09-23 20:00:00,81.84613037109375
2011-09-23 21:00:00,65.91429138183594
2011-09-23 22:00:00,71.74191284179688
2011-09-23 23:00:00,30.311477661132812
2011-09-24 00:00:00,51.785892486572266
2011-09-24 01:00:00,29.4141845703125
2011-09-24 02:00:00,25.475780487060547
2011-09-24 03:00:00,16.940956115722656
2011-09-24 04:00:00,4.378607273101807
2011-09-24 05:00:00,2.326658010482788
2011-09-24 06:00:00,5.888185024261475
2011-09-24 07:00:00,15.026844024658203
2011-09-24 08:00:00,42.9576301574707
2011-09-24 09:00:00,72.60340118408203
2011-09-24 10:00:00,124.92088317871094
2011-09-24 11:00:00,193.62261962890625
2011-09-24 12:00:00,187.0549774169922
2011-09-24 13:00:00,206.2346649169922
2011-09-24 14:00:00,219.79727172851562
2011-09-24 15:00:00,215.28756713867188
2011-09-24 16:00:00,193.75843811035156
2011-09-24 17:00:00,189.8863983154297
2011-09-24 18:00:00,168.57229614257812
2011-09-24 19:00:00,115.57467651367188
2011-09-24 20:00:00,106.71549224853516
2011-09-24 21:00:00,82.19239807128906
2011-09-24 22:00:00,70.58806610107422
2011-09-24 23:00:00,43.45145034790039
2011-09-25 00:00:00,59.98480987548828
2011-09-25 01:00:00,35.39491271972656
2011-09-25 02:00:00,29.981319427490234
2011-09-25 03:00:00,15.357858657836914
2011-09-25 04:00:00,3.9279890060424805
2011-09-25 05:00:00,3.207456111907959
2011-09-25 06:00:00,3.9596290588378906
2011-09-25 07:00:00,8.821551322937012
2011-09-25 08:00:00,36.02644348144531
2011-09-25 09:00:00,60.57423782348633
2011-09-25 10:00:00,118.3539047241211
2011-09-25 11:00:00,180.8738555908203
2011-09-25 12:00:00,211.39212036132812
2011-09-25 13:00:00,201.22665405273438
2011-09-25 14:00:00,167.3851776123047
2011-09-25 15:00:00,159.44044494628906
2011-09-25 16:00:00,242.23153686523438
2011-09-25 17:00:00,149.3484649658203
2011-09-25 18:00:00,140.92759704589844
2011-09-25 19:00:00,97.93526458740234
2011-09-25 20:00:00,78.43730163574219
2011-09-25 21:00:00,49.560096740722656
2011-09-25 22:00:00,46.165714263916016
2011-09-25 23:00:00,21.61372947692871
2011-09-26 00:00:00,10.284910202026367
2011-09-26 01:00:00,4.572847843170166
2011-09-26 02:00:00,1.546647310256958
2011-09-26 03:00:00,1.6879055500030518
2011-09-26 04:00:00,2.224590301513672
2011-09-26 05:00:00,10.656113624572754
2011-09-26 06:00:00,48.626739501953125
2011-09-26 07:00:00,113.1820297241211
2011-09-26 08:00:00,183.174072265625
2011-09-26 09:00:00,72.63446807861328
2011-09-26 10:00:00,43.20304870605469
2011-09-26 11:00:00,80.13468170166016
2011-09-26 12:00:00,74.44481658935547
2011-09-26 13:00:00,69.65185546875
2011-09-26 14:00:00,83.82771301269531
2011-09-26 15:00:00,98.8248291015625
2011-09-26 16:00:00,159.94248962402344
2011-09-26 17:00:00,285.8758544921875
2011-09-26 18:00:00,220.07760620117188
2011-09-26 19:00:00,153.9629669189453
2011-09-26 20:00:00,114.04722595214844
2011-09-26 21:00:00,82.58190155029297
2011-09-26 22:00:00,49.359596252441406
2011-09-26 23:00:00,29.19661521911621
2011-09-27 00:00:00,7.400513648986816
2011-09-27 01:00:00,2.4972617626190186
2011-09-27 02:00:00,1.1723148822784424
2011-09-27 03:00:00,1.0358023643493652
2011-09-27 04:00:00,1.7629485130310059
2011-09-27 05:00:00,6.691977024078369
2011-09-27 06:00:00,42.03802490234375
2011-09-27 07:00:00,107.96099090576172
2011-09-27 08:00:00,165.71652221679688
2011-09-27 09:00:00,55.336708068847656
2011-09-27 10:00:00,31.28534698486328
2011-09-27 11:00:00,40.312747955322266
2011-09-27 12:00:00,42.10893630981445
2011-09-27 13:00:00,53.8306884765625
2011-09-27 14:00:00,44.848388671875
2011-09-27 15:00:00,44.60042190551758
2011-09-27 16:00:00,77.8154296875
2011-09-27 17:00:00,136.95059204101562
2011-09-27 18:00:00,148.10610961914062
2011-09-27 19:00:00,114.38835144042969
2011-09-27 20:00:00,105.61479949951172
2011-09-27 21:00:00,66.0469970703125
2011-09-27 22:00:00,49.53396987915039
2011-09-27 23:00:00,25.41815948486328
2011-09-28 00:00:00,11.396256446838379
2011-09-28 01:00:00,4.25783634185791
2011-09-28 02:00:00,2.43746018409729
2011-09-28 03:00:00,2.253796100616455
2011-09-28 04:00:00,1.493985652923584
2011-09-28 05:00:00,11.370328903198242
2011-09-28 06:00:00,32.28773880004883
2011-09-28 07:00:00,67.06108093261719
2011-09-28 08:00:00,121.17788696289062
2011-09-28 09:00:00,57.791961669921875
2011-09-28 10:00:00,35.627620697021484
2011-09-28 11:00:00,56.52973175048828
2011-09-28 12:00:00,66.62467956542969
2011-09-28 13:00:00,76.90898132324219
2011-09-28 14:00:00,77.64694213867188
2011-09-28 15:00:00,79.2765121459961
2011-09-28 16:00:00,135.3934326171875
2011-09-28 17:00:00,258.3565368652344
2011-09-28 18:00:00,138.26113891601562
2011-09-28 19:00:00,98.80203247070312
2011-09-28 20:00:00,68.11354064941406
2011-09-28 21:00:00,45.16300964355469
2011-09-28 22:00:00,53.873111724853516
2011-09-28 23:00:00,27.202510833740234
2011-09-29 00:00:00,21.688261032104492
2011-09-29 01:00:00,4.140838146209717
2011-09-29 02:00:00,3.2184486389160156
2011-09-29 03:00:00,2.8265979290008545
2011-09-29 04:00:00,2.838064432144165
2011-09-29 05:00:00,14.589112281799316
2011-09-29 06:00:00,62.879905700683594
2011-09-29 07:00:00,205.55433654785156
2011-09-29 08:00:00,288.024658203125
2011-09-29 09:00:00,120.19050598144531
2011-09-29 10:00:00,83.85810089111328
2011-09-29 11:00:00,107.77333068847656
2011-09-29 12:00:00,121.09349822998047
2011-09-29 13:00:00,111.13983154296875
2011-09-29 14:00:00,111.0118408203125
2011-09-29 15:00:00,126.05714416503906
2011-09-29 16:00:00,207.72801208496094
2011-09-29 17:00:00,335.2535095214844
2011-09-29 18:00:00,334.674560546875
2011-09-29 19:00:00,210.95880126953125
2011-09-29 20:00:00,177.7553253173828
2011-09-29 21:00:00,117.540283203125
2011-09-29 22:00:00,93.50607299804688
2011-09-29 23:00:00,53.80583190917969
2011-09-30 00:00:00,33.34419250488281
2011-09-30 01:00:00,15.807540893554688
2011-09-30 02:00:00,7.038686752319336
2011-09-30 03:00:00,5.231420993804932
2011-09-30 04:00:00,3.361558437347412
2011-09-30 05:00:00,14.038825035095215
2011-09-30 06:00:00,50.977413177490234
2011-09-30 07:00:00,184.68673706054688
2011-09-30 08:00:00,287.12103271484375
2011-09-30 09:00:00,178.54046630859375
2011-09-30 10:00:00,107.98318481445312
2011-09-30 11:00:00,154.308349609375
2011-09-30 12:00:00,154.699951171875
2011-09-30 13:00:00,159.43731689453125
2011-09-30 14:00:00,145.49180603027344
2011-09-30 15:00:00,180.41073608398438
2011-09-30 16:00:00,261.8946838378906
2011-09-30 17:00:00,404.9189758300781
2011-09-30 18:00:00,406.0662536621094
2011-09-30 19:00:00,235.76321411132812
2011-09-30 20:00:00,169.75711059570312
2011-09-30 21:00:00,118.55394744873047
2011-09-30 22:00:00,113.60291290283203
2011-09-30 23:00:00,79.78654479980469
2011-10-20 00:00:00,20.048559188842773
2011-10-20 01:00:00,6.557785511016846
2011-10-20 02:00:00,4.782044410705566
2011-10-20 03:00:00,2.6448934078216553
2011-10-20 04:00:00,3.033571243286133
2011-10-20 05:00:00,14.675833702087402
2011-10-20 06:00:00,75.03421783447266
2011-10-20 07:00:00,204.34927368164062
2011-10-20 08:00:00,292.5012512207031
2011-10-20 09:00:00,120.93083190917969
2011-10-20 10:00:00,91.13478088378906
2011-10-20 11:00:00,106.38809204101562
2011-10-20 12:00:00,125.87787628173828
2011-10-20 13:00:00,112.00593566894531
2011-10-20 14:00:00,90.72093963623047
2011-10-20 15:00:00,87.05864715576172
2011-10-20 16:00:00,157.91331481933594
2011-10-20 17:00:00,284.6156005859375
2011-10-20 18:00:00,251.6549835205078
2011-10-20 19:00:00,201.03244018554688
2011-10-20 20:00:00,130.40353393554688
2011-10-20 21:00:00,103.09835052490234
2011-10-20 22:00:00,78.48079681396484
2011-10-20 23:00:00,43.885128021240234
2011-10-21 00:00:00,25.972349166870117
2011-10-21 01:00:00,12.6943998336792
2011-10-21 02:00:00,6.63360071182251
2011-10-21 03:00:00,3.376509666442871
2011-10-21 04:00:00,2.5479912757873535
2011-10-21 05:00:00,10.05653190612793
2011-10-21 06:00:00,49.27848434448242
2011-10-21 07:00:00,136.13040161132812
2011-10-21 08:00:00,253.0438995361328
2011-10-21 09:00:00,124.69615936279297
2011-10-21 10:00:00,85.56916809082031
2011-10-21 11:00:00,107.03338623046875
2011-10-21 12:00:00,135.45542907714844
2011-10-21 13:00:00,133.7445068359375
2011-10-21 14:00:00,129.6036376953125
2011-10-21 15:00:00,132.21595764160156
2011-10-21 16:00:00,186.3290557861328
2011-10-21 17:00:00,242.47695922851562
2011-10-21 18:00:00,207.5731964111328
2011-10-21 19:00:00,129.2832489013672
2011-10-21 20:00:00,86.47020721435547
2011-10-21 21:00:00,72.9155502319336
2011-10-21 22:00:00,66.6683578491211
2011-10-21 23:00:00,57.193443298339844
2011-10-22 00:00:00,62.16323471069336
2011-10-22 01:00:00,50.1650390625
2011-10-22 02:00:00,36.28147888183594
2011-10-22 03:00:00,18.042787551879883
2011-10-22 04:00:00,5.103018283843994
2011-10-22 05:00:00,4.563944339752197
2011-10-22 06:00:00,14.247282028198242
2011-10-22 07:00:00,32.44192886352539
2011-10-22 08:00:00,69.87113952636719
2011-10-22 09:00:00,120.77894592285156
2011-10-22 10:00:00,169.3355255126953
2011-10-22 11:00:00,205.0730743408203
2011-10-22 12:00:00,272.37921142578125
2011-10-22 13:00:00,261.89080810546875
2011-10-22 14:00:00,264.15020751953125
2011-10-22 15:00:00,257.6037292480469
2011-10-22 16:00:00,296.8011169433594
2011-10-22 17:00:00,208.1961212158203
2011-10-22 18:00:00,192.90452575683594
2011-10-22 19:00:00,137.8459930419922
2011-10-22 20:00:00,110.68569946289062
2011-10-22 21:00:00,73.84320831298828
2011-10-22 22:00:00,85.722900390625
2011-10-22 23:00:00,66.0958023071289
2011-10-23 00:00:00,41.86220169067383
2011-10-23 01:00:00,36.37016677856445
2011-10-23 02:00:00,26.2224063873291
2011-10-23 03:00:00,19.320133209228516
2011-10-23 04:00:00,4.691661834716797
2011-10-23 05:00:00,4.414951324462891
2011-10-23 06:00:00,7.458647727966309
2011-10-23 07:00:00,17.561874389648438
2011-10-23 08:00:00,35.78520202636719
2011-10-23 09:00:00,85.2396011352539
2011-10-23 10:00:00,142.63784790039062
2011-10-23 11:00:00,187.32400512695312
2011-10-23 12:00:00,237.22930908203125
2011-10-23 13:00:00,233.0975799560547
2011-10-23 14:00:00,248.44810485839844
2011-10-23 15:00:00,227.43637084960938
2011-10-23 16:00:00,229.3658447265625
2011-10-23 17:00:00,188.46640014648438
2011-10-23 18:00:00,173.60997009277344
2011-10-23 19:00:00,113.67878723144531
2011-10-23 20:00:00,94.22195434570312
2011-10-23 21:00:00,73.90897369384766
2011-10-23 22:00:00,57.0816650390625
2011-10-23 23:00:00,25.65430450439453
2011-10-24 00:00:00,16.11635971069336
2011-10-24 01:00:00,7.000925064086914
2011-10-24 02:00:00,3.026068687438965
2011-10-24 03:00:00,2.6285400390625
2011-10-24 04:00:00,3.248964786529541
2011-10-24 05:00:00,12.463865280151367
2011-10-24 06:00:00,74.5397720336914
2011-10-24 07:00:00,144.993408203125
2011-10-24 08:00:00,246.7572021484375
2011-10-24 09:00:00,113.68671417236328
2011-10-24 10:00:00,57.80729675292969
2011-10-24 11:00:00,78.02165222167969
2011-10-24 12:00:00,99.7641372680664
2011-10-24 13:00:00,101.18021392822266
2011-10-24 14:00:00,97.91290283203125
2011-10-24 15:00:00,123.72695922851562
2011-10-24 16:00:00,183.40817260742188
2011-10-24 17:00:00,353.62176513671875
2011-10-24 18:00:00,321.2958068847656
2011-10-24 19:00:00,176.78854370117188
2011-10-24 20:00:00,146.73744201660156
2011-10-24 21:00:00,95.76885986328125
2011-10-24 22:00:00,63.71709442138672
2011-10-24 23:00:00,37.36636734008789
2011-10-25 00:00:00,13.956355094909668
2011-10-25 01:00:00,7.606452941894531
2011-10-25 02:00:00,2.359672784805298
2011-10-25 03:00:00,1.717015027999878
2011-10-25 04:00:00,2.536046028137207
2011-10-25 05:00:00,11.025017738342285
2011-10-25 06:00:00,69.97730255126953
2011-10-25 07:00:00,159.8936004638672
2011-10-25 08:00:00,224.07266235351562
2011-10-25 09:00:00,144.71514892578125
2011-10-25 10:00:00,86.71161651611328
2011-10-25 11:00:00,108.66712951660156
2011-10-25 12:00:00,144.77186584472656
2011-10-25 13:00:00,130.0346221923828
2011-10-25 14:00:00,126.01546478271484
2011-10-25 15:00:00,134.3582000732422
2011-10-25 16:00:00,217.0496368408203
2011-10-25 17:00:00,333.3840637207031
2011-10-25 18:00:00,286.09576416015625
2011-10-25 19:00:00,195.31214904785156
2011-10-25 20:00:00,128.50833129882812
2011-10-25 21:00:00,92.50772094726562
2011-10-25 22:00:00,71.97383880615234
2011-10-25 23:00:00,38.02861785888672
2011-10-26 00:00:00,18.996057510375977
2011-10-26 01:00:00,8.41229248046875
2011-10-26 02:00:00,3.553990364074707
2011-10-26 03:00:00,3.0850868225097656
2011-10-26 04:00:00,3.373335361480713
2011-10-26 05:00:00,14.821147918701172
2011-10-26 06:00:00,78.68396759033203
2011-10-26 07:00:00,215.81521606445312
2011-10-26 08:00:00,296.079345703125
2011-10-26 09:00:00,141.3058624267578
2011-10-26 10:00:00,90.95184326171875
2011-10-26 11:00:00,118.02404022216797
2011-10-26 12:00:00,130.5644073486328
2011-10-26 13:00:00,94.73377227783203
2011-10-26 14:00:00,72.87805938720703
2011-10-26 15:00:00,86.63795471191406
2011-10-26 16:00:00,130.02182006835938
2011-10-26 17:00:00,285.3821716308594
2011-10-26 18:00:00,326.2774353027344
2011-10-26 19:00:00,192.3860626220703
2011-10-26 20:00:00,149.44735717773438
2011-10-26 21:00:00,93.76057434082031
2011-10-26 22:00:00,61.46389389038086
2011-10-26 23:00:00,35.10212326049805
2011-10-27 00:00:00,14.949170112609863
2011-10-27 01:00:00,7.693055152893066
2011-10-27 02:00:00,2.3042306900024414
2011-10-27 03:00:00,2.006828546524048
2011-10-27 04:00:00,2.834855318069458
2011-10-27 05:00:00,8.054875373840332
2011-10-27 06:00:00,47.96945571899414
2011-10-27 07:00:00,122.08084869384766
2011-10-27 08:00:00,122.99857330322266
2011-10-27 09:00:00,104.84647369384766
2011-10-27 10:00:00,49.21406936645508
2011-10-27 11:00:00,56.34562683105469
2011-10-27 12:00:00,60.80406188964844
2011-10-27 13:00:00,60.53120803833008
2011-10-27 14:00:00,58.10244369506836
2011-10-27 15:00:00,67.16767883300781
2011-10-27 16:00:00,125.17362213134766
2011-10-27 17:00:00,233.5392608642578
2011-10-27 18:00:00,202.21766662597656
2011-10-27 19:00:00,137.68836975097656
2011-10-27 20:00:00,116.32545471191406
2011-10-27 21:00:00,71.95387268066406
2011-10-27 22:00:00,51.931400299072266
2011-10-27 23:00:00,28.605924606323242
2011-10-28 00:00:00,24.01942253112793
2011-10-28 01:00:00,10.532445907592773
2011-10-28 02:00:00,5.488711833953857
2011-10-28 03:00:00,3.4236907958984375
2011-10-28 04:00:00,2.3163106441497803
2011-10-28 05:00:00,8.422760009765625
2011-10-28 06:00:00,42.82990646362305
2011-10-28 07:00:00,136.72850036621094
2011-10-28 08:00:00,222.79647827148438
2011-10-28 09:00:00,144.171630859375
2011-10-28 10:00:00,79.61192321777344
2011-10-28 11:00:00,97.39070892333984
2011-10-28 12:00:00,113.33103942871094
2011-10-28 13:00:00,117.20556640625
2011-10-28 14:00:00,92.86460876464844
2011-10-28 15:00:00,92.88072204589844
2011-10-28 16:00:00,153.4926300048828
2011-10-28 17:00:00,247.73544311523438
2011-10-28 18:00:00,205.15975952148438
2011-10-28 19:00:00,141.96041870117188
2011-10-28 20:00:00,75.53221893310547
2011-10-28 21:00:00,60.629547119140625
2011-10-28 22:00:00,46.6837043762207
2011-10-28 23:00:00,32.17457580566406
2011-10-29 00:00:00,29.887056350708008
2011-10-29 01:00:00,29.08512306213379
2011-10-29 02:00:00,37.83222579956055
2011-10-29 03:00:00,10.230148315429688
2011-10-29 04:00:00,3.9116501808166504
2011-10-29 05:00:00,2.704791784286499
2011-10-29 06:00:00,8.712554931640625
2011-10-29 07:00:00,14.292804718017578
2011-10-29 08:00:00,33.55254364013672
2011-10-29 09:00:00,48.68407440185547
2011-10-29 10:00:00,57.65520095825195
2011-10-29 11:00:00,79.30802154541016
2011-10-29 12:00:00,76.23456573486328
2011-10-29 13:00:00,66.48458862304688
2011-10-29 14:00:00,63.61034393310547
2011-10-29 15:00:00,66.11909484863281
2011-10-29 16:00:00,65.50068664550781
2011-10-29 17:00:00,57.42972946166992
2011-10-29 18:00:00,54.5704231262207
2011-10-29 19:00:00,68.28092956542969
2011-10-29 20:00:00,52.17612075805664
2011-10-29 21:00:00,40.298431396484375
2011-10-29 22:00:00,44.02702713012695
2011-10-29 23:00:00,39.039188385009766
2011-10-30 00:00:00,34.99071502685547
2011-10-30 01:00:00,31.693565368652344
2011-10-30 02:00:00,30.332895278930664
2011-10-30 03:00:00,15.144243240356445
2011-10-30 04:00:00,3.5878348350524902
2011-10-30 05:00:00,4.4399333000183105
2011-10-30 06:00:00,9.593703269958496
2011-10-30 07:00:00,24.23452377319336
2011-10-30 08:00:00,49.032833099365234
2011-10-30 09:00:00,96.91817474365234
2011-10-30 10:00:00,186.81239318847656
2011-10-30 11:00:00,234.5104522705078
2011-10-30 12:00:00,320.2389831542969
2011-10-30 13:00:00,316.5859069824219
2011-10-30 14:00:00,312.151611328125
2011-10-30 15:00:00,304.40789794921875
2011-10-30 16:00:00,304.7716064453125
2011-10-30 17:00:00,272.5879821777344
2011-10-30 18:00:00,202.6254425048828
2011-10-30 19:00:00,220.56845092773438
2011-10-30 20:00:00,124.44898223876953
2011-10-30 21:00:00,85.87512969970703
2011-10-30 22:00:00,70.77814483642578
2011-10-30 23:00:00,33.1889533996582
2011-10-31 00:00:00,12.139911651611328
2011-10-31 01:00:00,5.840059280395508
2011-10-31 02:00:00,1.7247495651245117
2011-10-31 03:00:00,2.2854912281036377
2011-10-31 04:00:00,2.8473026752471924
2011-10-31 05:00:00,10.827882766723633
2011-10-31 06:00:00,62.615055084228516
2011-10-31 07:00:00,174.5505828857422
2011-10-31 08:00:00,270.80474853515625
2011-10-31 09:00:00,128.97640991210938
2011-10-31 10:00:00,84.8062744140625
2011-10-31 11:00:00,97.77178955078125
2011-10-31 12:00:00,137.8790283203125
2011-10-31 13:00:00,109.9095458984375
2011-10-31 14:00:00,118.360107421875
2011-10-31 15:00:00,126.96625518798828
2011-10-31 16:00:00,175.04039001464844
2011-10-31 17:00:00,368.057373046875
2011-10-31 18:00:00,338.139892578125
2011-10-31 19:00:00,215.3060302734375
2011-10-31 20:00:00,165.46096801757812
2011-10-31 21:00:00,89.62024688720703
2011-10-31 22:00:00,63.26936340332031
2011-10-31 23:00:00,31.391387939453125
2011-11-20 00:00:00,68.84272003173828
2011-11-20 01:00:00,50.567447662353516
2011-11-20 02:00:00,38.64381790161133
2011-11-20 03:00:00,20.41653823852539
2011-11-20 04:00:00,5.274920463562012
2011-11-20 05:00:00,3.2771215438842773
2011-11-20 06:00:00,7.449180603027344
2011-11-20 07:00:00,24.068185806274414
2011-11-20 08:00:00,47.14091110229492
2011-11-20 09:00:00,95.20369720458984
2011-11-20 10:00:00,147.1647491455078
2011-11-20 11:00:00,249.55795288085938
2011-11-20 12:00:00,276.1530456542969
2011-11-20 13:00:00,267.5301513671875
2011-11-20 14:00:00,280.1817932128906
2011-11-20 15:00:00,238.0518035888672
2011-11-20 16:00:00,292.5670471191406
2011-11-20 17:00:00,195.76565551757812
2011-11-20 18:00:00,200.18069458007812
2011-11-20 19:00:00,123.61638641357422
2011-11-20 20:00:00,97.07579040527344
2011-11-20 21:00:00,66.53938293457031
2011-11-20 22:00:00,38.60890579223633
2011-11-20 23:00:00,26.94924545288086
2011-11-21 00:00:00,10.043922424316406
2011-11-21 01:00:00,4.292440414428711
2011-11-21 02:00:00,2.638007640838623
2011-11-21 03:00:00,1.6854405403137207
2011-11-21 04:00:00,2.774892807006836
2011-11-21 05:00:00,8.272503852844238
2011-11-21 06:00:00,36.17448806762695
2011-11-21 07:00:00,131.02613830566406
2011-11-21 08:00:00,221.0790252685547
2011-11-21 09:00:00,97.25980377197266
2011-11-21 10:00:00,54.28606033325195
2011-11-21 11:00:00,65.67719268798828
2011-11-21 12:00:00,89.06199645996094
2011-11-21 13:00:00,73.4193344116211
2011-11-21 14:00:00,61.24357604980469
2011-11-21 15:00:00,41.8831672668457
2011-11-21 16:00:00,66.7083511352539
2011-11-21 17:00:00,136.02032470703125
2011-11-21 18:00:00,126.8775634765625
2011-11-21 19:00:00,66.48889923095703
2011-11-21 20:00:00,58.8381462097168
2011-11-21 21:00:00,49.267757415771484
2011-11-21 22:00:00,32.3151969909668
2011-11-21 23:00:00,22.3190975189209
2011-11-22 00:00:00,11.529369354248047
2011-11-22 01:00:00,6.41384220123291
2011-11-22 02:00:00,3.5310120582580566
2011-11-22 03:00:00,3.2392287254333496
2011-11-22 04:00:00,4.737588882446289
2011-11-22 05:00:00,13.156702995300293
2011-11-22 06:00:00,81.8387451171875
2011-11-22 07:00:00,127.38357543945312
2011-11-22 08:00:00,215.96983337402344
2011-11-22 09:00:00,125.62614440917969
2011-11-22 10:00:00,54.65586471557617
2011-11-22 11:00:00,69.05281829833984
2011-11-22 12:00:00,56.257755279541016
2011-11-22 13:00:00,54.94122314453125
2011-11-22 14:00:00,46.79560089111328
2011-11-22 15:00:00,62.19230651855469
2011-11-22 16:00:00,101.39057159423828
2011-11-22 17:00:00,191.53726196289062
2011-11-22 18:00:00,179.1724395751953
2011-11-22 19:00:00,146.63392639160156
2011-11-22 20:00:00,136.14439392089844
2011-11-22 21:00:00,83.87610626220703
2011-11-22 22:00:00,81.88837432861328
2011-11-22 23:00:00,48.326045989990234
2011-11-23 00:00:00,14.710124015808105
2011-11-23 01:00:00,5.294295310974121
2011-11-23 02:00:00,3.16317081451416
2011-11-23 03:00:00,2.1192920207977295
2011-11-23 04:00:00,3.844273567199707
2011-11-23 05:00:00,15.916694641113281
2011-11-23 06:00:00,57.48046112060547
2011-11-23 07:00:00,184.16285705566406
2011-11-23 08:00:00,291.0304260253906
2011-11-23 09:00:00,114.36876678466797
2011-11-23 10:00:00,63.32489013671875
2011-11-23 11:00:00,92.1973648071289
2011-11-23 12:00:00,117.98460388183594
2011-11-23 13:00:00,100.36836242675781
2011-11-23 14:00:00,90.89740753173828
2011-11-23 15:00:00,88.63583374023438
2011-11-23 16:00:00,130.56341552734375
2011-11-23 17:00:00,174.92063903808594
2011-11-23 18:00:00,271.0330810546875
2011-11-23 19:00:00,159.95323181152344
2011-11-23 20:00:00,106.64432525634766
2011-11-23 21:00:00,79.95281982421875
2011-11-23 22:00:00,53.83270263671875
2011-11-23 23:00:00,27.515230178833008
2011-11-24 00:00:00,28.82750129699707
2011-11-24 01:00:00,13.89899730682373
2011-11-24 02:00:00,9.233383178710938
2011-11-24 03:00:00,4.847955226898193
2011-11-24 04:00:00,4.302864074707031
2011-11-24 05:00:00,6.4349045753479
2011-11-24 06:00:00,18.533525466918945
2011-11-24 07:00:00,54.02056884765625
2011-11-24 08:00:00,117.2891845703125
2011-11-24 09:00:00,111.59102630615234
2011-11-24 10:00:00,117.46698760986328
2011-11-24 11:00:00,140.7764129638672
2011-11-24 12:00:00,198.83824157714844
2011-11-24 13:00:00,210.4439697265625
2011-11-24 14:00:00,198.8948516845703
2011-11-24 15:00:00,178.7943115234375
2011-11-24 16:00:00,248.10791015625
2011-11-24 17:00:00,277.7545166015625
2011-11-24 18:00:00,219.447265625
2011-11-24 19:00:00,150.0601806640625
2011-11-24 20:00:00,92.07830047607422
2011-11-24 21:00:00,78.13549041748047
2011-11-24 22:00:00,64.34091186523438
2011-11-24 23:00:00,39.825103759765625
2011-11-25 00:00:00,24.385868072509766
2011-11-25 01:00:00,12.722765922546387
2011-11-25 02:00:00,4.227499008178711
2011-11-25 03:00:00,2.969400644302368
2011-11-25 04:00:00,3.118104934692383
2011-11-25 05:00:00,13.288357734680176
2011-11-25 06:00:00,51.01715850830078
2011-11-25 07:00:00,139.7838897705078
2011-11-25 08:00:00,294.2270202636719
2011-11-25 09:00:00,155.7313232421875
2011-11-25 10:00:00,84.78377532958984
2011-11-25 11:00:00,102.78966522216797
2011-11-25 12:00:00,136.3997344970703
2011-11-25 13:00:00,141.5562744140625
2011-11-25 14:00:00,125.88634490966797
2011-11-25 15:00:00,132.4552764892578
2011-11-25 16:00:00,201.54879760742188
2011-11-25 17:00:00,339.00811767578125
2011-11-25 18:00:00,297.2790832519531
2011-11-25 19:00:00,165.05474853515625
2011-11-25 20:00:00,122.45408630371094
2011-11-25 21:00:00,70.96238708496094
2011-11-25 22:00:00,65.34523010253906
2011-11-25 23:00:00,54.19010543823242
2011-11-26 00:00:00,55.012115478515625
2011-11-26 01:00:00,43.39671325683594
2011-11-26 02:00:00,21.29981231689453
2011-11-26 03:00:00,11.38440227508545
2011-11-26 04:00:00,4.234024524688721
2011-11-26 05:00:00,3.1758956909179688
2011-11-26 06:00:00,7.611802101135254
2011-11-26 07:00:00,24.330608367919922
2011-11-26 08:00:00,58.27765655517578
2011-11-26 09:00:00,90.54611206054688
2011-11-26 10:00:00,112.3056640625
2011-11-26 11:00:00,208.43536376953125
2011-11-26 12:00:00,266.4289245605469
2011-11-26 13:00:00,244.1368865966797
2011-11-26 14:00:00,236.66812133789062
2011-11-26 15:00:00,214.39955139160156
2011-11-26 16:00:00,202.24053955078125
2011-11-26 17:00:00,167.82977294921875
2011-11-26 18:00:00,157.09222412109375
2011-11-26 19:00:00,93.49931335449219
2011-11-26 20:00:00,81.89580535888672
2011-11-26 21:00:00,58.760128021240234
2011-11-26 22:00:00,58.47616195678711
2011-11-26 23:00:00,59.229007720947266
2011-11-27 00:00:00,36.745628356933594
2011-11-27 01:00:00,43.84450149536133
2011-11-27 02:00:00,25.66158103942871
2011-11-27 03:00:00,14.378185272216797
2011-11-27 04:00:00,3.5664162635803223
2011-11-27 05:00:00,4.1853485107421875
2011-11-27 06:00:00,7.240085601806641
2011-11-27 07:00:00,18.739946365356445
2011-11-27 08:00:00,42.92180252075195
2011-11-27 09:00:00,66.50077819824219
2011-11-27 10:00:00,113.35442352294922
2011-11-27 11:00:00,144.00648498535156
2011-11-27 12:00:00,200.48301696777344
2011-11-27 13:00:00,180.91921997070312
2011-11-27 14:00:00,211.3783416748047
2011-11-27 15:00:00,183.26498413085938
2011-11-27 16:00:00,176.55734252929688
2011-11-27 17:00:00,153.4493865966797
2011-11-27 18:00:00,126.26177978515625
2011-11-27 19:00:00,93.82064819335938
2011-11-27 20:00:00,67.21736907958984
2011-11-27 21:00:00,51.01512145996094
2011-11-27 22:00:00,41.91387176513672
2011-11-27 23:00:00,26.84705924987793
2011-11-28 00:00:00,17.156888961791992
2011-11-28 01:00:00,8.962709426879883
2011-11-28 03:00:00,2.7200448513031006
2011-11-28 04:00:00,3.1932172775268555
2011-11-28 05:00:00,13.942094802856445
2011-11-28 06:00:00,65.16717529296875
2011-11-28 07:00:00,173.62753295898438
2011-11-28 08:00:00,270.26702880859375
2011-11-28 09:00:00,123.11457824707031
2011-11-28 10:00:00,65.48517608642578
2011-11-28 11:00:00,88.11734771728516
2011-11-28 12:00:00,137.13345336914062
2011-11-28 13:00:00,113.79219818115234
2011-11-28 14:00:00,102.47267150878906
2011-11-28 15:00:00,111.81087493896484
2011-11-28 16:00:00,173.67359924316406
2011-11-28 17:00:00,359.3905944824219
2011-11-28 18:00:00,317.2649230957031
2011-11-28 19:00:00,189.5028533935547
2011-11-28 20:00:00,136.90147399902344
2011-11-28 21:00:00,91.35426330566406
2011-11-28 22:00:00,63.29802703857422
2011-11-28 23:00:00,39.064292907714844
2011-11-29 00:00:00,21.163759231567383
2011-11-29 01:00:00,10.748161315917969
2011-11-29 02:00:00,3.3914647102355957
2011-11-29 03:00:00,3.6370320320129395
2011-11-29 04:00:00,5.627086639404297
2011-11-29 05:00:00,24.8199462890625
2011-11-29 06:00:00,119.32476806640625
2011-11-29 07:00:00,308.2120666503906
2011-11-29 08:00:00,476.8576965332031
2011-11-29 09:00:00,178.55955505371094
2011-11-29 10:00:00,94.37659454345703
2011-11-29 11:00:00,90.12210083007812
2011-11-29 12:00:00,81.00848388671875
2011-11-29 13:00:00,81.7078628540039
2011-11-29 14:00:00,50.386199951171875
2011-11-29 15:00:00,70.79734802246094
2011-11-29 16:00:00,114.11219787597656
2011-11-29 17:00:00,294.0290222167969
2011-11-29 18:00:00,326.4230651855469
2011-11-29 19:00:00,221.86392211914062
2011-11-29 20:00:00,146.17459106445312
2011-11-29 21:00:00,103.10009002685547
2011-11-29 22:00:00,91.47412872314453
2011-11-29 23:00:00,44.686981201171875
2011-11-30 00:00:00,22.301986694335938
2011-11-30 01:00:00,10.01707935333252
2011-11-30 02:00:00,4.846892833709717
2011-11-30 03:00:00,3.890103816986084
2011-11-30 04:00:00,3.4278054237365723
2011-11-30 05:00:00,17.42032241821289
2011-11-30 06:00:00,72.83283996582031
2011-11-30 07:00:00,260.41412353515625
2011-11-30 08:00:00,354.5038757324219
2011-11-30 09:00:00,185.62196350097656
2011-11-30 10:00:00,100.8582763671875
2011-11-30 11:00:00,136.9011993408203
2011-11-30 12:00:00,134.51617431640625
2011-11-30 13:00:00,141.76593017578125
2011-11-30 14:00:00,125.75385284423828
2011-11-30 15:00:00,139.29208374023438
2011-11-30 16:00:00,200.8861541748047
2011-11-30 17:00:00,381.51806640625
2011-11-30 18:00:00,392.5513610839844
2011-11-30 19:00:00,207.32470703125
2011-11-30 20:00:00,145.86227416992188
2011-11-30 21:00:00,126.65129852294922
2011-11-30 22:00:00,87.5511703491211
2011-11-30 23:00:00,47.85627746582031
2011-12-20 00:00:00,12.580510139465332
2011-12-20 01:00:00,5.590146064758301
2011-12-20 02:00:00,2.533268928527832
2011-12-20 03:00:00,1.5913867950439453
2011-12-20 04:00:00,1.9046545028686523
2011-12-20 05:00:00,11.951119422912598
2011-12-20 06:00:00,56.3746452331543
2011-12-20 07:00:00,169.03347778320312
2011-12-20 08:00:00,301.21038818359375
2011-12-20 09:00:00,149.59657287597656
2011-12-20 10:00:00,71.3886947631836
2011-12-20 11:00:00,87.45162200927734
2011-12-20 12:00:00,119.24252319335938
2011-12-20 13:00:00,107.65653991699219
2011-12-20 14:00:00,93.14777374267578
2011-12-20 15:00:00,100.24102783203125
2011-12-20 16:00:00,163.7151336669922
2011-12-20 17:00:00,336.3044128417969
2011-12-20 18:00:00,307.7267761230469
2011-12-20 19:00:00,202.45822143554688
2011-12-20 20:00:00,131.4415283203125
2011-12-20 21:00:00,95.02188873291016
2011-12-20 22:00:00,60.85895919799805
2011-12-20 23:00:00,34.39876937866211
2011-12-21 00:00:00,11.885919570922852
2011-12-21 01:00:00,3.733039379119873
2011-12-21 02:00:00,1.5542211532592773
2011-12-21 03:00:00,0.8016753196716309
2011-12-21 04:00:00,0.9537029266357422
2011-12-21 05:00:00,7.757585525512695
2011-12-21 06:00:00,28.686473846435547
2011-12-21 07:00:00,110.9519271850586
2011-12-21 08:00:00,128.048828125
2011-12-21 09:00:00,117.46992492675781
2011-12-21 10:00:00,58.41096878051758
2011-12-21 11:00:00,69.04356384277344
2011-12-21 12:00:00,30.65485191345215
2011-12-21 13:00:00,30.95545196533203
2011-12-21 14:00:00,59.95814895629883
2011-12-21 15:00:00,62.46147537231445
2011-12-21 16:00:00,39.12692642211914
2011-12-21 17:00:00,77.11692810058594
2011-12-21 18:00:00,129.75344848632812
2011-12-21 19:00:00,112.33819580078125
2011-12-21 20:00:00,75.53469848632812
2011-12-21 21:00:00,85.11344909667969
2011-12-21 22:00:00,65.50914764404297
2011-12-21 23:00:00,34.437503814697266
2011-12-22 00:00:00,24.856740951538086
2011-12-22 01:00:00,10.792181968688965
2011-12-22 02:00:00,6.160571575164795
2011-12-22 03:00:00,3.7409563064575195
2011-12-22 04:00:00,2.880140781402588
2011-12-22 05:00:00,13.894625663757324
2011-12-22 06:00:00,62.408512115478516
2011-12-22 07:00:00,193.81536865234375
2011-12-22 08:00:00,432.1850891113281
2011-12-22 09:00:00,205.21128845214844
2011-12-22 10:00:00,86.39716339111328
2011-12-22 11:00:00,99.11742401123047
2011-12-22 12:00:00,150.63536071777344
2011-12-22 13:00:00,136.5972900390625
2011-12-22 14:00:00,107.02447509765625
2011-12-22 15:00:00,112.32571411132812
2011-12-22 16:00:00,191.68614196777344
2011-12-22 17:00:00,379.1984558105469
2011-12-22 18:00:00,338.2092590332031
2011-12-22 19:00:00,216.49200439453125
2011-12-22 20:00:00,123.31607818603516
2011-12-22 21:00:00,79.15980529785156
2011-12-22 22:00:00,55.236328125
2011-12-22 23:00:00,34.4543571472168
2011-12-23 00:00:00,18.348705291748047
2011-12-23 01:00:00,11.79581069946289
2011-12-23 02:00:00,6.363881587982178
2011-12-23 03:00:00,2.2966864109039307
2011-12-23 04:00:00,1.4577624797821045
2011-12-23 05:00:00,10.752514839172363
2011-12-23 06:00:00,55.61529541015625
2011-12-23 07:00:00,179.3002471923828
2011-12-23 08:00:00,338.6485290527344
2011-12-23 09:00:00,196.31576538085938
2011-12-23 10:00:00,101.30643463134766
2011-12-23 11:00:00,134.3209686279297
2011-12-23 12:00:00,118.54322814941406
2011-12-23 13:00:00,159.25135803222656
2011-12-23 14:00:00,132.49989318847656
2011-12-23 15:00:00,108.89290618896484
2011-12-23 16:00:00,186.2046661376953
2011-12-23 17:00:00,282.0461120605469
2011-12-23 18:00:00,235.72438049316406
2011-12-23 19:00:00,160.72177124023438
2011-12-23 20:00:00,100.64464569091797
2011-12-23 21:00:00,81.24207305908203
2011-12-23 22:00:00,72.1572036743164
2011-12-23 23:00:00,55.74321365356445
2011-12-24 00:00:00,46.769065856933594
2011-12-24 01:00:00,47.80659866333008
2011-12-24 02:00:00,31.603538513183594
2011-12-24 03:00:00,13.86854076385498
2011-12-24 04:00:00,4.240238666534424
2011-12-24 05:00:00,2.0788674354553223
2011-12-24 06:00:00,4.500961780548096
2011-12-24 07:00:00,14.597432136535645
2011-12-24 08:00:00,43.22884750366211
2011-12-24 09:00:00,101.61384582519531
2011-12-24 10:00:00,125.34236907958984
2011-12-24 11:00:00,188.13241577148438
2011-12-24 12:00:00,245.08294677734375
2011-12-24 13:00:00,252.8612823486328
2011-12-24 14:00:00,215.6481170654297
2011-12-24 15:00:00,194.00515747070312
2011-12-24 16:00:00,202.52041625976562
2011-12-24 17:00:00,169.9274444580078
2011-12-24 18:00:00,155.23414611816406
2011-12-24 19:00:00,117.16301727294922
2011-12-24 20:00:00,74.49311065673828
2011-12-24 21:00:00,58.13105392456055
2011-12-24 22:00:00,54.06014633178711
2011-12-24 23:00:00,40.67555236816406
2011-12-25 00:00:00,30.45705223083496
2011-12-25 01:00:00,21.85342025756836
2011-12-25 02:00:00,20.620981216430664
2011-12-25 03:00:00,10.528717994689941
2011-12-25 05:00:00,0.8860980272293091
2011-12-25 06:00:00,1.5243775844573975
2011-12-25 07:00:00,4.474408149719238
2011-12-25 08:00:00,16.912038803100586
2011-12-25 09:00:00,39.64392852783203
2011-12-25 10:00:00,68.65806579589844
2011-12-25 11:00:00,139.8943634033203
2011-12-25 12:00:00,105.4477767944336
2011-12-25 13:00:00,129.00045776367188
2011-12-25 14:00:00,126.21833801269531
2011-12-25 15:00:00,114.39237213134766
2011-12-25 16:00:00,148.13099670410156
2011-12-25 17:00:00,110.90624237060547
2011-12-25 18:00:00,79.90956115722656
2011-12-25 19:00:00,63.97996520996094
2011-12-25 20:00:00,51.30683898925781
2011-12-25 21:00:00,32.7647705078125
2011-12-25 22:00:00,25.53035545349121
2011-12-25 23:00:00,16.707712173461914
2011-12-26 00:00:00,15.884828567504883
2011-12-26 01:00:00,14.047038078308105
2011-12-26 02:00:00,6.991337776184082
2011-12-26 04:00:00,2.200831651687622
2011-12-26 05:00:00,2.760009288787842
2011-12-26 06:00:00,6.879408836364746
2011-12-26 07:00:00,17.86345672607422
2011-12-26 08:00:00,47.69181442260742
2011-12-26 09:00:00,68.21327209472656
2011-12-26 10:00:00,105.78519439697266
2011-12-26 11:00:00,102.26535034179688
2011-12-26 12:00:00,152.43324279785156
2011-12-26 13:00:00,142.16213989257812
2011-12-26 14:00:00,161.09088134765625
2011-12-26 15:00:00,124.22785186767578
2011-12-26 16:00:00,147.05218505859375
2011-12-26 17:00:00,120.83243560791016
2011-12-26 18:00:00,96.56117248535156
2011-12-26 19:00:00,65.865966796875
2011-12-26 20:00:00,61.46359634399414
2011-12-26 21:00:00,36.43984603881836
2011-12-26 22:00:00,26.608970642089844
2011-12-26 23:00:00,16.6521053314209
2011-12-27 00:00:00,9.09195613861084
2011-12-27 01:00:00,3.4006128311157227
2011-12-27 02:00:00,1.9698851108551025
2011-12-27 03:00:00,0.9670695066452026
2011-12-27 04:00:00,1.1550548076629639
2011-12-27 05:00:00,6.507786273956299
2011-12-27 06:00:00,34.71036911010742
2011-12-27 07:00:00,104.99178314208984
2011-12-27 08:00:00,294.59185791015625
2011-12-27 09:00:00,92.89576721191406
2011-12-27 10:00:00,61.382606506347656
2011-12-27 11:00:00,50.661834716796875
2011-12-27 12:00:00,41.60103225708008
2011-12-27 13:00:00,36.160194396972656
2011-12-27 14:00:00,39.327213287353516
2011-12-27 15:00:00,35.29078674316406
2011-12-27 16:00:00,65.29545593261719
2011-12-27 17:00:00,143.3865509033203
2011-12-27 18:00:00,227.63262939453125
2011-12-27 19:00:00,143.25518798828125
2011-12-27 20:00:00,98.79161071777344
2011-12-27 21:00:00,74.81521606445312
2011-12-27 22:00:00,58.284385681152344
2011-12-27 23:00:00,25.481834411621094
2011-12-28 00:00:00,15.317373275756836
2011-12-28 01:00:00,4.899901866912842
2011-12-28 02:00:00,2.6872901916503906
2011-12-28 03:00:00,2.0291309356689453
2011-12-28 05:00:00,9.146196365356445
2011-12-28 06:00:00,48.027408599853516
2011-12-28 07:00:00,161.42001342773438
2011-12-28 08:00:00,326.342041015625
2011-12-28 09:00:00,149.54824829101562
2011-12-28 10:00:00,67.84373474121094
2011-12-28 11:00:00,78.94139099121094
2011-12-28 12:00:00,78.97563171386719
2011-12-28 13:00:00,89.60520935058594
2011-12-28 14:00:00,73.48298645019531
2011-12-28 15:00:00,78.72782897949219
2011-12-28 16:00:00,123.58460235595703
2011-12-28 17:00:00,244.77113342285156
2011-12-28 18:00:00,221.85733032226562
2011-12-28 19:00:00,145.66842651367188
2011-12-28 20:00:00,92.96286010742188
2011-12-28 21:00:00,62.26747131347656
2011-12-28 22:00:00,55.674476623535156
2011-12-28 23:00:00,27.717214584350586
2011-12-29 00:00:00,17.667415618896484
2011-12-29 01:00:00,5.6912126541137695
2011-12-29 02:00:00,3.521378993988037
2011-12-29 03:00:00,2.3087520599365234
2011-12-29 04:00:00,1.5904581546783447
2011-12-29 05:00:00,9.653965950012207
2011-12-29 06:00:00,51.200382232666016
2011-12-29 07:00:00,162.4488983154297
2011-12-29 08:00:00,376.6077575683594
2011-12-29 09:00:00,201.8600311279297
2011-12-29 10:00:00,87.37105560302734
2011-12-29 11:00:00,102.49827575683594
2011-12-29 12:00:00,137.87936401367188
2011-12-29 13:00:00,143.26783752441406
2011-12-29 14:00:00,111.28590393066406
2011-12-29 15:00:00,108.1508560180664
2011-12-29 16:00:00,202.8408203125
2011-12-29 17:00:00,401.3312683105469
2011-12-29 18:00:00,339.2609558105469
2011-12-29 19:00:00,233.8060302734375
2011-12-29 20:00:00,180.92251586914062
2011-12-29 21:00:00,108.53746795654297
2011-12-29 22:00:00,98.7741928100586
2011-12-29 23:00:00,57.39950942993164
2011-12-30 00:00:00,46.4955940246582
2011-12-30 01:00:00,19.135282516479492
2011-12-30 02:00:00,8.827080726623535
2011-12-30 03:00:00,4.382829666137695
2011-12-30 04:00:00,2.3741626739501953
2011-12-30 05:00:00,15.881210327148438
2011-12-30 06:00:00,57.24705123901367
2011-12-30 07:00:00,199.1579132080078
2011-12-30 08:00:00,413.75640869140625
2011-12-30 09:00:00,237.82017517089844
2011-12-30 10:00:00,135.49063110351562
2011-12-30 11:00:00,174.61279296875
2011-12-30 12:00:00,205.34652709960938
2011-12-30 13:00:00,215.9189453125
2011-12-30 14:00:00,208.27035522460938
2011-12-30 15:00:00,200.9089813232422
2011-12-30 16:00:00,324.859130859375
2011-12-30 17:00:00,450.418701171875
2011-12-30 18:00:00,348.4891357421875
2011-12-30 19:00:00,210.36766052246094
2011-12-30 20:00:00,147.97740173339844
2011-12-30 21:00:00,106.32389831542969
2011-12-30 22:00:00,98.48497009277344
2011-12-30 23:00:00,73.41869354248047
2011-12-31 00:00:00,51.51319885253906
2011-12-31 01:00:00,38.01758575439453
2011-12-31 02:00:00,36.79069519042969
2011-12-31 03:00:00,13.22474479675293
2011-12-31 04:00:00,3.333313465118408
2011-12-31 05:00:00,2.6039376258850098
2011-12-31 06:00:00,5.3006439208984375
2011-12-31 07:00:00,8.824180603027344
2011-12-31 08:00:00,37.929588317871094
2011-12-31 09:00:00,88.1493911743164
2011-12-31 10:00:00,140.68450927734375
2011-12-31 11:00:00,196.30343627929688
2011-12-31 12:00:00,250.6876220703125
2011-12-31 13:00:00,254.52157592773438
2011-12-31 14:00:00,255.31158447265625
2011-12-31 15:00:00,213.35772705078125
2011-12-31 16:00:00,210.06893920898438
2011-12-31 17:00:00,198.96092224121094
2011-12-31 18:00:00,173.8125
2011-12-31 19:00:00,125.30953979492188
2011-12-31 20:00:00,94.03800964355469
2011-12-31 21:00:00,69.76939392089844
2011-12-31 22:00:00,63.943939208984375
2011-12-31 23:00:00,44.79734420776367
2012-01-20 00:00:00,21.131359100341797
2012-01-20 01:00:00,8.547286987304688
2012-01-20 02:00:00,4.909002304077148
2012-01-20 03:00:00,2.602285623550415
2012-01-20 04:00:00,2.071028470993042
2012-01-20 05:00:00,11.95730972290039
2012-01-20 06:00:00,56.55963897705078
2012-01-20 07:00:00,167.85812377929688
2012-01-20 08:00:00,322.0546569824219
2012-01-20 09:00:00,170.22869873046875
2012-01-20 10:00:00,86.62913513183594
2012-01-20 11:00:00,93.23652648925781
2012-01-20 12:00:00,120.28722381591797
2012-01-20 13:00:00,130.9072723388672
2012-01-20 14:00:00,99.42941284179688
2012-01-20 15:00:00,104.33597564697266
2012-01-20 16:00:00,152.23736572265625
2012-01-20 17:00:00,264.6707458496094
2012-01-20 18:00:00,230.75331115722656
2012-01-20 19:00:00,145.3717803955078
2012-01-20 20:00:00,94.25791931152344
2012-01-20 21:00:00,65.80337524414062
2012-01-20 22:00:00,53.12455368041992
2012-01-20 23:00:00,24.637741088867188
2012-01-21 00:00:00,18.949262619018555
2012-01-21 01:00:00,12.019947052001953
2012-01-21 02:00:00,16.052568435668945
2012-01-21 03:00:00,5.969881057739258
2012-01-21 04:00:00,2.1780600547790527
2012-01-21 05:00:00,1.2757208347320557
2012-01-21 06:00:00,2.2314839363098145
2012-01-21 07:00:00,5.605815887451172
2012-01-21 08:00:00,30.345314025878906
2012-01-21 09:00:00,43.50119400024414
2012-01-21 10:00:00,41.71359634399414
2012-01-21 11:00:00,79.77001953125
2012-01-21 12:00:00,111.49507904052734
2012-01-21 13:00:00,109.30502319335938
2012-01-21 14:00:00,70.0368881225586
2012-01-21 15:00:00,61.62565994262695
2012-01-21 16:00:00,80.06581115722656
2012-01-21 17:00:00,96.1235122680664
2012-01-21 18:00:00,77.1460952758789
2012-01-21 19:00:00,55.35253143310547
2012-01-21 20:00:00,40.25267791748047
2012-01-21 21:00:00,32.58147048950195
2012-01-21 22:00:00,31.03512191772461
2012-01-21 23:00:00,20.060667037963867
2012-01-22 00:00:00,25.805143356323242
2012-01-22 01:00:00,28.77054214477539
2012-01-22 02:00:00,21.390609741210938
2012-01-22 03:00:00,10.408713340759277
2012-01-22 04:00:00,2.050553798675537
2012-01-22 05:00:00,1.3083808422088623
2012-01-22 06:00:00,2.7177019119262695
2012-01-22 07:00:00,6.777520656585693
2012-01-22 08:00:00,20.992454528808594
2012-01-22 09:00:00,40.58256149291992
2012-01-22 10:00:00,76.88253784179688
2012-01-22 11:00:00,74.73056030273438
2012-01-22 12:00:00,104.13395690917969
2012-01-22 13:00:00,118.9344482421875
2012-01-22 14:00:00,97.94969940185547
2012-01-22 15:00:00,70.41520690917969
2012-01-22 16:00:00,83.7750244140625
2012-01-22 17:00:00,66.13855743408203
2012-01-22 18:00:00,40.80174255371094
2012-01-22 19:00:00,31.910816192626953
2012-01-22 20:00:00,26.47587776184082
2012-01-22 21:00:00,17.948505401611328
2012-01-22 22:00:00,15.893583297729492
2012-01-22 23:00:00,10.466957092285156
2012-01-23 00:00:00,6.378673076629639
2012-01-23 01:00:00,2.657076835632324
2012-01-23 02:00:00,1.5601963996887207
2012-01-23 03:00:00,0.9142665863037109
2012-01-23 04:00:00,2.2266018390655518
2012-01-23 05:00:00,11.22311782836914
2012-01-23 06:00:00,30.932491302490234
2012-01-23 07:00:00,54.5651741027832
2012-01-23 08:00:00,95.99859619140625
2012-01-23 09:00:00,89.64310455322266
2012-01-23 10:00:00,33.24799346923828
2012-01-23 11:00:00,37.96659469604492
2012-01-23 12:00:00,48.70235824584961
2012-01-23 13:00:00,28.867977142333984
2012-01-23 14:00:00,23.914478302001953
2012-01-23 15:00:00,35.5491828918457
2012-01-23 16:00:00,58.20201110839844
2012-01-23 17:00:00,151.0579833984375
2012-01-23 18:00:00,142.08058166503906
2012-01-23 19:00:00,81.34366607666016
2012-01-23 20:00:00,64.51762390136719
2012-01-23 21:00:00,44.546939849853516
2012-01-23 22:00:00,27.04945182800293
2012-01-23 23:00:00,16.429738998413086
2012-01-24 00:00:00,7.534344673156738
2012-01-24 01:00:00,3.175626277923584
2012-01-24 02:00:00,1.9661211967468262
2012-01-24 03:00:00,1.307417631149292
2012-01-24 04:00:00,2.2066876888275146
2012-01-24 05:00:00,11.141646385192871
2012-01-24 06:00:00,44.45667266845703
2012-01-24 07:00:00,130.23208618164062
2012-01-24 08:00:00,227.4406280517578
2012-01-24 09:00:00,105.11223602294922
2012-01-24 10:00:00,55.15012741088867
2012-01-24 11:00:00,61.76347351074219
2012-01-24 12:00:00,61.58335876464844
2012-01-24 13:00:00,63.4564208984375
2012-01-24 14:00:00,61.108707427978516
2012-01-24 15:00:00,66.92863464355469
2012-01-24 16:00:00,114.40018463134766
2012-01-24 17:00:00,285.3272705078125
2012-01-24 18:00:00,288.31573486328125
2012-01-24 19:00:00,209.80801391601562
2012-01-24 20:00:00,101.36006164550781
2012-01-24 21:00:00,80.78121185302734
2012-01-24 22:00:00,46.44007110595703
2012-01-24 23:00:00,24.69498062133789
2012-01-25 00:00:00,11.129095077514648
2012-01-25 01:00:00,4.4363226890563965
2012-01-25 02:00:00,1.9406623840332031
2012-01-25 03:00:00,1.4423587322235107
2012-01-25 04:00:00,1.194434642791748
2012-01-25 05:00:00,13.119630813598633
2012-01-25 06:00:00,45.822105407714844
2012-01-25 07:00:00,144.0284881591797
2012-01-25 08:00:00,285.2510986328125
2012-01-25 09:00:00,137.1680450439453
2012-01-25 10:00:00,64.65811157226562
2012-01-25 11:00:00,65.34121704101562
2012-01-25 12:00:00,92.96707153320312
2012-01-25 13:00:00,83.04093170166016
2012-01-25 14:00:00,88.56346130371094
2012-01-25 15:00:00,88.46891784667969
2012-01-25 16:00:00,130.81761169433594
2012-01-25 17:00:00,288.99224853515625
2012-01-25 18:00:00,251.43978881835938
2012-01-25 19:00:00,177.1538848876953
2012-01-25 20:00:00,120.66239929199219
2012-01-25 21:00:00,75.07697296142578
2012-01-25 22:00:00,54.91196823120117
2012-01-25 23:00:00,25.429840087890625
2012-01-26 00:00:00,13.679408073425293
2012-01-26 01:00:00,5.448110580444336
2012-01-26 02:00:00,2.6635148525238037
2012-01-26 03:00:00,1.8330633640289307
2012-01-26 04:00:00,2.7273149490356445
2012-01-26 05:00:00,16.48835563659668
2012-01-26 06:00:00,62.05466079711914
2012-01-26 07:00:00,203.4344024658203
2012-01-26 08:00:00,374.166015625
2012-01-26 09:00:00,147.65963745117188
2012-01-26 10:00:00,69.72357940673828
2012-01-26 11:00:00,68.38143157958984
2012-01-26 12:00:00,99.41212463378906
2012-01-26 13:00:00,99.52135467529297
2012-01-26 14:00:00,95.09563446044922
2012-01-26 15:00:00,108.77584838867188
2012-01-26 16:00:00,158.48280334472656
2012-01-26 17:00:00,328.7030944824219
2012-01-26 18:00:00,291.4202880859375
2012-01-26 19:00:00,174.60409545898438
2012-01-26 20:00:00,142.61312866210938
2012-01-26 21:00:00,104.7923355102539
2012-01-26 22:00:00,83.72249603271484
2012-01-26 23:00:00,42.74327850341797
2012-01-27 00:00:00,20.67037010192871
2012-01-27 01:00:00,8.96713638305664
2012-01-27 02:00:00,4.867471218109131
2012-01-27 03:00:00,3.755817413330078
2012-01-27 04:00:00,3.860304832458496
2012-01-27 05:00:00,13.026023864746094
2012-01-27 06:00:00,50.376155853271484
2012-01-27 07:00:00,116.5302734375
2012-01-27 08:00:00,133.1566619873047
2012-01-27 09:00:00,79.28294372558594
2012-01-27 10:00:00,32.70261001586914
2012-01-27 11:00:00,61.06675720214844
2012-01-27 12:00:00,82.57146453857422
2012-01-27 13:00:00,166.69647216796875
2012-01-27 14:00:00,154.30221557617188
2012-01-27 15:00:00,147.23239135742188
2012-01-27 16:00:00,203.56253051757812
2012-01-27 17:00:00,349.0281677246094
2012-01-27 18:00:00,316.283935546875
2012-01-27 19:00:00,169.73585510253906
2012-01-27 20:00:00,116.25028228759766
2012-01-27 21:00:00,80.01406860351562
2012-01-27 22:00:00,63.28064727783203
2012-01-27 23:00:00,45.49256134033203
2012-01-28 00:00:00,47.27068328857422
2012-01-28 01:00:00,39.519195556640625
2012-01-28 02:00:00,23.97003173828125
2012-01-28 03:00:00,14.3147554397583
2012-01-28 04:00:00,3.0987367630004883
2012-01-28 05:00:00,2.5935354232788086
2012-01-28 06:00:00,4.780061721801758
2012-01-28 07:00:00,13.004948616027832
2012-01-28 08:00:00,33.545921325683594
2012-01-28 09:00:00,66.08789825439453
2012-01-28 10:00:00,121.02325439453125
2012-01-28 11:00:00,159.84060668945312
2012-01-28 12:00:00,195.4022216796875
2012-01-28 13:00:00,215.9349822998047
2012-01-28 14:00:00,273.545654296875
2012-01-28 15:00:00,243.7830810546875
2012-01-28 16:00:00,246.93495178222656
2012-01-28 17:00:00,207.70571899414062
2012-01-28 18:00:00,174.2156524658203
2012-01-28 19:00:00,131.32070922851562
2012-01-28 20:00:00,98.89739227294922
2012-01-28 21:00:00,68.94620513916016
2012-01-28 22:00:00,55.165767669677734
2012-01-28 23:00:00,50.3668098449707
2012-01-29 00:00:00,43.84917449951172
2012-01-29 01:00:00,33.10108184814453
2012-01-29 02:00:00,27.95162582397461
2012-01-29 03:00:00,15.190008163452148
2012-01-29 04:00:00,2.6496081352233887
2012-01-29 05:00:00,1.9620873928070068
2012-01-29 06:00:00,2.6836581230163574
2012-01-29 07:00:00,7.356133460998535
2012-01-29 08:00:00,25.989723205566406
2012-01-29 09:00:00,52.53239822387695
2012-01-29 10:00:00,107.41169738769531
2012-01-29 11:00:00,151.9097137451172
2012-01-29 12:00:00,231.10421752929688
2012-01-29 13:00:00,215.9456329345703
2012-01-29 14:00:00,193.38833618164062
2012-01-29 15:00:00,181.35537719726562
2012-01-29 16:00:00,216.84832763671875
2012-01-29 17:00:00,161.00657653808594
2012-01-29 18:00:00,131.3385772705078
2012-01-29 19:00:00,83.16388702392578
2012-01-29 20:00:00,59.19435119628906
2012-01-29 21:00:00,44.51332092285156
2012-01-29 22:00:00,41.024505615234375
2012-01-29 23:00:00,21.024484634399414
2012-01-30 00:00:00,18.362064361572266
2012-01-30 01:00:00,6.917236328125
2012-01-30 02:00:00,4.449294567108154
2012-01-30 03:00:00,3.0136561393737793
2012-01-30 04:00:00,3.7998437881469727
2012-01-30 05:00:00,19.735797882080078
2012-01-30 06:00:00,72.31893157958984
2012-01-30 07:00:00,214.88705444335938
2012-01-30 08:00:00,370.6776428222656
2012-01-30 09:00:00,185.8558807373047
2012-01-30 10:00:00,110.19120025634766
2012-01-30 11:00:00,105.39860534667969
2012-01-30 12:00:00,167.7509002685547
2012-01-30 13:00:00,146.0821990966797
2012-01-30 14:00:00,147.93798828125
2012-01-30 15:00:00,157.8674774169922
2012-01-30 16:00:00,235.06484985351562
2012-01-30 17:00:00,450.6490783691406
2012-01-30 18:00:00,403.7048645019531
2012-01-30 19:00:00,224.84779357910156
2012-01-30 20:00:00,180.1020965576172
2012-01-30 21:00:00,114.75476837158203
2012-01-30 22:00:00,68.48667907714844
2012-01-30 23:00:00,33.33436965942383
2012-01-31 00:00:00,9.94153881072998
2012-01-31 01:00:00,3.425177574157715
2012-01-31 02:00:00,2.1531612873077393
2012-01-31 03:00:00,1.4176490306854248
2012-01-31 04:00:00,1.48565673828125
2012-01-31 05:00:00,13.45141887664795
2012-01-31 06:00:00,57.80581283569336
2012-01-31 07:00:00,179.23251342773438
2012-01-31 08:00:00,312.6972351074219
2012-01-31 09:00:00,153.02943420410156
2012-01-31 10:00:00,77.67796325683594
2012-01-31 11:00:00,94.0420913696289
2012-01-31 12:00:00,129.0150909423828
2012-01-31 13:00:00,125.48468780517578
2012-01-31 14:00:00,134.94631958007812
2012-01-31 15:00:00,147.11233520507812
2012-01-31 16:00:00,226.39404296875
2012-01-31 17:00:00,417.2605895996094
2012-01-31 18:00:00,454.9193420410156
2012-01-31 19:00:00,256.7651062011719
2012-01-31 20:00:00,160.22283935546875
2012-01-31 21:00:00,130.6862335205078
2012-01-31 22:00:00,83.57971954345703
2012-01-31 23:00:00,42.191287994384766
2012-02-20 00:00:00,15.439346313476562
2012-02-20 01:00:00,12.242890357971191
2012-02-20 02:00:00,5.568112850189209
2012-02-20 03:00:00,2.0904436111450195
2012-02-20 05:00:00,2.8227953910827637
2012-02-20 06:00:00,8.99030876159668
2012-02-20 07:00:00,26.769594192504883
2012-02-20 08:00:00,71.72439575195312
2012-02-20 09:00:00,87.26758575439453
2012-02-20 10:00:00,75.836669921875
2012-02-20 11:00:00,87.01561737060547
2012-02-20 12:00:00,121.30408477783203
2012-02-20 13:00:00,116.46763610839844
2012-02-20 14:00:00,130.13694763183594
2012-02-20 15:00:00,103.82119750976562
2012-02-20 16:00:00,140.03787231445312
2012-02-20 17:00:00,163.48085021972656
2012-02-20 18:00:00,145.66758728027344
2012-02-20 19:00:00,101.21797943115234
2012-02-20 20:00:00,81.90291595458984
2012-02-20 21:00:00,54.4730224609375
2012-02-20 22:00:00,42.01908493041992
2012-02-20 23:00:00,24.816762924194336
2012-02-21 00:00:00,9.29868221282959
2012-02-21 01:00:00,3.552267551422119
2012-02-21 02:00:00,1.1754047870635986
2012-02-21 04:00:00,0.9247128963470459
2012-02-21 05:00:00,7.283378601074219
2012-02-21 06:00:00,36.647499084472656
2012-02-21 07:00:00,135.25503540039062
2012-02-21 08:00:00,266.8619384765625
2012-02-21 09:00:00,108.14991760253906
2012-02-21 10:00:00,53.338191986083984
2012-02-21 11:00:00,52.062862396240234
2012-02-21 12:00:00,73.22813415527344
2012-02-21 13:00:00,84.41157531738281
2012-02-21 14:00:00,73.31730651855469
2012-02-21 15:00:00,83.21491241455078
2012-02-21 16:00:00,120.68212127685547
2012-02-21 17:00:00,282.9546813964844
2012-02-21 18:00:00,282.04949951171875
2012-02-21 19:00:00,164.33363342285156
2012-02-21 20:00:00,94.63640594482422
2012-02-21 21:00:00,65.87696838378906
2012-02-21 22:00:00,46.321109771728516
2012-02-21 23:00:00,25.731468200683594
2012-02-22 00:00:00,17.66311264038086
2012-02-22 01:00:00,6.670500755310059
2012-02-22 02:00:00,3.075298309326172
2012-02-22 03:00:00,1.8239398002624512
2012-02-22 04:00:00,1.61448335647583
2012-02-22 05:00:00,16.857053756713867
2012-02-22 06:00:00,81.02850341796875
2012-02-22 07:00:00,289.3908996582031
2012-02-22 08:00:00,506.7857666015625
2012-02-22 09:00:00,225.0271759033203
2012-02-22 10:00:00,92.29798889160156
2012-02-22 11:00:00,108.40174865722656
2012-02-22 12:00:00,137.3519744873047
2012-02-22 13:00:00,144.88681030273438
2012-02-22 14:00:00,131.84683227539062
2012-02-22 15:00:00,152.1033477783203
2012-02-22 16:00:00,246.845947265625
2012-02-22 17:00:00,497.8381652832031
2012-02-22 18:00:00,446.07269287109375
2012-02-22 19:00:00,289.3647155761719
2012-02-22 20:00:00,176.8387451171875
2012-02-22 21:00:00,127.88438415527344
2012-02-22 22:00:00,101.15030670166016
2012-02-22 23:00:00,57.50776672363281
2012-02-23 00:00:00,20.318939208984375
2012-02-23 01:00:00,7.6428680419921875
2012-02-23 02:00:00,2.954691171646118
2012-02-23 03:00:00,0.3686079978942871
2012-02-23 04:00:00,0.5550323724746704
2012-02-23 05:00:00,13.656935691833496
2012-02-23 06:00:00,61.13439178466797
2012-02-23 07:00:00,229.20816040039062
2012-02-23 08:00:00,391.166259765625
2012-02-23 09:00:00,158.48471069335938
2012-02-23 10:00:00,86.02393341064453
2012-02-23 11:00:00,97.56224060058594
2012-02-23 12:00:00,125.3583984375
2012-02-23 13:00:00,115.06156921386719
2012-02-23 14:00:00,100.85118103027344
2012-02-23 15:00:00,105.60763549804688
2012-02-23 16:00:00,159.86997985839844
2012-02-23 17:00:00,373.6220397949219
2012-02-23 18:00:00,313.4484558105469
2012-02-23 19:00:00,194.16375732421875
2012-02-23 20:00:00,150.1084442138672
2012-02-23 21:00:00,94.92857360839844
2012-02-23 22:00:00,81.29134368896484
2012-02-23 23:00:00,55.18513488769531
2012-02-24 00:00:00,29.907129287719727
2012-02-24 01:00:00,14.059951782226562
2012-02-24 02:00:00,5.27802038192749
2012-02-24 03:00:00,2.7229151725769043
2012-02-24 04:00:00,1.7025787830352783
2012-02-24 05:00:00,12.816088676452637
2012-02-24 06:00:00,61.20722961425781
2012-02-24 07:00:00,203.24684143066406
2012-02-24 08:00:00,398.2298278808594
2012-02-24 09:00:00,127.96603393554688
2012-02-24 10:00:00,55.46480178833008
2012-02-24 11:00:00,84.30400085449219
2012-02-24 12:00:00,122.5822525024414
2012-02-24 13:00:00,150.64344787597656
2012-02-24 14:00:00,133.8524169921875
2012-02-24 15:00:00,63.5609130859375
2012-02-24 16:00:00,112.87113189697266
2012-02-24 17:00:00,155.7601776123047
2012-02-24 18:00:00,184.29782104492188
2012-02-24 19:00:00,163.7437286376953
2012-02-24 20:00:00,114.25077056884766
2012-02-24 21:00:00,78.31864166259766
2012-02-24 22:00:00,80.83145141601562
2012-02-24 23:00:00,43.166568756103516
2012-02-25 00:00:00,51.91614532470703
2012-02-25 01:00:00,45.214603424072266
2012-02-25 02:00:00,24.225868225097656
2012-02-25 03:00:00,9.457571983337402
2012-02-25 04:00:00,1.773212194442749
2012-02-25 05:00:00,2.3815128803253174
2012-02-25 06:00:00,5.431958198547363
2012-02-25 07:00:00,22.07244300842285
2012-02-25 08:00:00,48.998226165771484
2012-02-25 09:00:00,58.02676773071289
2012-02-25 10:00:00,125.80033874511719
2012-02-25 11:00:00,181.488037109375
2012-02-25 12:00:00,219.2330322265625
2012-02-25 13:00:00,248.1447296142578
2012-02-25 14:00:00,250.48690795898438
2012-02-25 15:00:00,225.73336791992188
2012-02-25 16:00:00,192.59300231933594
2012-02-25 17:00:00,160.10203552246094
2012-02-25 18:00:00,168.32205200195312
2012-02-25 19:00:00,101.42822265625
2012-02-25 20:00:00,63.207489013671875
2012-02-25 21:00:00,53.45514678955078
2012-02-25 22:00:00,44.85291290283203
2012-02-25 23:00:00,38.73500061035156
2012-02-26 00:00:00,38.01180648803711
2012-02-26 01:00:00,34.32516098022461
2012-02-26 02:00:00,24.670530319213867
2012-02-26 03:00:00,13.149282455444336
2012-02-26 04:00:00,2.752122402191162
2012-02-26 05:00:00,1.6776504516601562
2012-02-26 06:00:00,2.8578455448150635
2012-02-26 07:00:00,8.500924110412598
2012-02-26 08:00:00,26.637712478637695
2012-02-26 09:00:00,55.118595123291016
2012-02-26 10:00:00,108.25562286376953
2012-02-26 11:00:00,147.73550415039062
2012-02-26 12:00:00,196.53445434570312
2012-02-26 13:00:00,191.5548858642578
2012-02-26 14:00:00,172.5449981689453
2012-02-26 15:00:00,144.20867919921875
2012-02-26 16:00:00,175.84580993652344
2012-02-26 17:00:00,126.38411712646484
2012-02-26 18:00:00,120.6780014038086
2012-02-26 19:00:00,75.87540435791016
2012-02-26 20:00:00,56.298423767089844
2012-02-26 21:00:00,41.84070587158203
2012-02-26 22:00:00,34.01102828979492
2012-02-26 23:00:00,22.445629119873047
2012-02-27 00:00:00,8.470239639282227
2012-02-27 01:00:00,3.747346878051758
2012-02-27 02:00:00,2.033134698867798
2012-02-27 03:00:00,0.738538384437561
2012-02-27 04:00:00,0.9487754106521606
2012-02-27 05:00:00,9.862265586853027
2012-02-27 06:00:00,51.55127716064453
2012-02-27 07:00:00,158.1175079345703
2012-02-27 08:00:00,227.820556640625
2012-02-27 09:00:00,122.5440673828125
2012-02-27 10:00:00,63.343475341796875
2012-02-27 11:00:00,67.6828384399414
2012-02-27 12:00:00,103.56629943847656
2012-02-27 13:00:00,91.60138702392578
2012-02-27 14:00:00,93.71237182617188
2012-02-27 15:00:00,101.20964813232422
2012-02-27 16:00:00,161.49778747558594
2012-02-27 17:00:00,333.939697265625
2012-02-27 18:00:00,303.5944519042969
2012-02-27 19:00:00,186.9180145263672
2012-02-27 20:00:00,143.4300079345703
2012-02-27 21:00:00,89.77758026123047
2012-02-27 22:00:00,63.89703369140625
2012-02-27 23:00:00,33.771034240722656
2012-02-28 00:00:00,13.974812507629395
2012-02-28 01:00:00,3.8601346015930176
2012-02-28 02:00:00,1.8997290134429932
2012-02-28 03:00:00,1.0866048336029053
2012-02-28 04:00:00,0.5325816869735718
2012-02-28 05:00:00,9.87939739227295
2012-02-28 06:00:00,50.69591522216797
2012-02-28 07:00:00,170.37843322753906
2012-02-28 08:00:00,297.98193359375
2012-02-28 09:00:00,140.08059692382812
2012-02-28 10:00:00,69.79676818847656
2012-02-28 11:00:00,68.58055114746094
2012-02-28 12:00:00,92.34199523925781
2012-02-28 13:00:00,90.78065490722656
2012-02-28 14:00:00,94.83932495117188
2012-02-28 15:00:00,89.82676696777344
2012-02-28 16:00:00,146.79620361328125
2012-02-28 17:00:00,329.2492370605469
2012-02-28 18:00:00,308.03533935546875
2012-02-28 19:00:00,193.5297393798828
2012-02-28 20:00:00,129.83395385742188
2012-02-28 21:00:00,83.66990661621094
2012-02-28 22:00:00,60.34593963623047
2012-02-28 23:00:00,32.503353118896484
2012-02-29 00:00:00,19.534412384033203
2012-02-29 01:00:00,7.3196001052856445
2012-02-29 02:00:00,2.9263930320739746
2012-02-29 03:00:00,2.0870461463928223
2012-02-29 05:00:00,17.69123649597168
2012-02-29 06:00:00,74.21363830566406
2012-02-29 07:00:00,235.8605499267578
2012-02-29 08:00:00,468.7159729003906
2012-02-29 09:00:00,112.18611145019531
2012-02-29 10:00:00,50.2121467590332
2012-02-29 11:00:00,49.19184494018555
2012-02-29 12:00:00,35.31052017211914
2012-02-29 13:00:00,83.79366302490234
2012-02-29 14:00:00,68.31734466552734
2012-02-29 15:00:00,97.27437591552734
2012-02-29 16:00:00,89.22430419921875
2012-02-29 17:00:00,281.44427490234375
2012-02-29 18:00:00,212.18710327148438
2012-02-29 19:00:00,218.43751525878906
2012-02-29 20:00:00,77.96327209472656
2012-02-29 21:00:00,65.93876647949219
2012-02-29 22:00:00,32.46442794799805
2012-02-29 23:00:00,20.461999893188477
2012-03-20 00:00:00,13.83609390258789
2012-03-20 01:00:00,7.764400482177734
2012-03-20 02:00:00,3.1008176803588867
2012-03-20 03:00:00,1.6770591735839844
2012-03-20 04:00:00,2.1946191787719727
2012-03-20 05:00:00,12.826992988586426
2012-03-20 06:00:00,55.765647888183594
2012-03-20 07:00:00,85.65535736083984
2012-03-20 08:00:00,306.43621826171875
2012-03-20 09:00:00,129.71336364746094
2012-03-20 10:00:00,88.78812408447266
2012-03-20 11:00:00,108.31982421875
2012-03-20 12:00:00,136.8244171142578
2012-03-20 13:00:00,126.54707336425781
2012-03-20 14:00:00,122.53876495361328
2012-03-20 15:00:00,125.83655548095703
2012-03-20 16:00:00,217.7402801513672
2012-03-20 17:00:00,432.3201904296875
2012-03-20 18:00:00,503.51739501953125
2012-03-20 19:00:00,286.6740417480469
2012-03-20 20:00:00,206.70755004882812
2012-03-20 21:00:00,150.32382202148438
2012-03-20 22:00:00,82.5765609741211
2012-03-20 23:00:00,37.94080352783203
2012-03-21 00:00:00,17.406919479370117
2012-03-21 01:00:00,9.193418502807617
2012-03-21 02:00:00,2.8394999504089355
2012-03-21 03:00:00,1.816887617111206
2012-03-21 04:00:00,2.196584463119507
2012-03-21 05:00:00,14.87875747680664
2012-03-21 06:00:00,52.245758056640625
2012-03-21 07:00:00,81.90386962890625
2012-03-21 08:00:00,167.6644287109375
2012-03-21 09:00:00,130.42477416992188
2012-03-21 10:00:00,80.7840576171875
2012-03-21 11:00:00,82.99405670166016
2012-03-21 12:00:00,106.15019226074219
2012-03-21 13:00:00,81.78961944580078
2012-03-21 14:00:00,82.52166748046875
2012-03-21 15:00:00,93.06771850585938
2012-03-21 16:00:00,165.00645446777344
2012-03-21 17:00:00,446.3733825683594
2012-03-21 18:00:00,417.0729675292969
2012-03-21 19:00:00,340.26904296875
2012-03-21 20:00:00,187.67950439453125
2012-03-21 21:00:00,140.02685546875
2012-03-21 22:00:00,88.47940826416016
2012-03-21 23:00:00,46.455909729003906
2012-03-22 00:00:00,39.246700286865234
2012-03-22 01:00:00,17.020736694335938
2012-03-22 02:00:00,7.178561210632324
2012-03-22 03:00:00,4.432116985321045
2012-03-22 04:00:00,4.067740440368652
2012-03-22 05:00:00,25.805654525756836
2012-03-22 06:00:00,115.58301544189453
2012-03-22 07:00:00,391.44256591796875
2012-03-22 08:00:00,579.9083862304688
2012-03-22 09:00:00,232.34765625
2012-03-22 10:00:00,88.72816467285156
2012-03-22 11:00:00,120.28739929199219
2012-03-22 12:00:00,165.67955017089844
2012-03-22 13:00:00,208.56053161621094
2012-03-22 14:00:00,194.29837036132812
2012-03-22 15:00:00,222.87631225585938
2012-03-22 16:00:00,376.194580078125
2012-03-22 17:00:00,684.0435180664062
2012-03-22 18:00:00,648.7351684570312
2012-03-22 19:00:00,494.2859802246094
2012-03-22 20:00:00,325.1627197265625
2012-03-22 21:00:00,233.1260528564453
2012-03-22 22:00:00,159.71112060546875
2012-03-22 23:00:00,85.69305419921875
2012-03-23 00:00:00,38.659576416015625
2012-03-23 01:00:00,14.824943542480469
2012-03-23 02:00:00,6.774259567260742
2012-03-23 03:00:00,3.2145514488220215
2012-03-23 04:00:00,1.9502508640289307
2012-03-23 05:00:00,14.962214469909668
2012-03-23 06:00:00,65.64686584472656
2012-03-23 07:00:00,230.08645629882812
2012-03-23 08:00:00,307.46807861328125
2012-03-23 09:00:00,139.09848022460938
2012-03-23 10:00:00,78.28839111328125
2012-03-23 11:00:00,137.9138641357422
2012-03-23 12:00:00,215.54989624023438
2012-03-23 13:00:00,213.9706573486328
2012-03-23 14:00:00,184.99688720703125
2012-03-23 15:00:00,190.55484008789062
2012-03-23 16:00:00,294.4072570800781
2012-03-23 17:00:00,488.39483642578125
2012-03-23 18:00:00,410.7071533203125
2012-03-23 19:00:00,293.6661376953125
2012-03-23 20:00:00,233.9412078857422
2012-03-23 21:00:00,166.89210510253906
2012-03-23 22:00:00,125.0989761352539
2012-03-23 23:00:00,75.69080352783203
2012-03-24 00:00:00,129.36578369140625
2012-03-24 01:00:00,97.6009750366211
2012-03-24 02:00:00,52.301490783691406
2012-03-24 03:00:00,23.237159729003906
2012-03-24 04:00:00,8.316530227661133
2012-03-24 05:00:00,9.228901863098145
2012-03-24 06:00:00,22.06089973449707
2012-03-24 07:00:00,58.416378021240234
2012-03-24 08:00:00,113.25794982910156
2012-03-24 09:00:00,187.0679931640625
2012-03-24 10:00:00,227.185546875
2012-03-24 11:00:00,255.58319091796875
2012-03-24 12:00:00,161.1159210205078
2012-03-24 13:00:00,153.8812713623047
2012-03-24 14:00:00,146.90879821777344
2012-03-24 15:00:00,96.68364715576172
2012-03-24 16:00:00,127.15255737304688
2012-03-24 17:00:00,187.8848419189453
2012-03-24 18:00:00,136.0242462158203
2012-03-24 19:00:00,115.67054748535156
2012-03-24 20:00:00,70.94344329833984
2012-03-24 21:00:00,58.159202575683594
2012-03-24 22:00:00,43.2928466796875
2012-03-24 23:00:00,52.917808532714844
2012-03-25 00:00:00,49.54576873779297
2012-03-25 01:00:00,33.59267044067383
2012-03-25 02:00:00,25.293710708618164
2012-03-25 03:00:00,9.763572692871094
2012-03-25 04:00:00,5.603395462036133
2012-03-25 05:00:00,5.325047016143799
2012-03-25 06:00:00,7.558235168457031
2012-03-25 07:00:00,21.43214225769043
2012-03-25 08:00:00,53.852420806884766
2012-03-25 09:00:00,84.79122161865234
2012-03-25 10:00:00,138.36749267578125
2012-03-25 11:00:00,159.9111785888672
2012-03-25 12:00:00,179.39027404785156
2012-03-25 13:00:00,212.19320678710938
2012-03-25 14:00:00,205.06707763671875
2012-03-25 15:00:00,165.60939025878906
2012-03-25 16:00:00,326.3002014160156
2012-03-25 17:00:00,334.5509948730469
2012-03-25 18:00:00,243.16139221191406
2012-03-25 19:00:00,202.3535614013672
2012-03-25 20:00:00,140.5874481201172
2012-03-25 21:00:00,118.75226593017578
2012-03-25 22:00:00,79.41451263427734
2012-03-25 23:00:00,49.42665100097656
2012-03-26 00:00:00,14.607710838317871
2012-03-26 01:00:00,7.625764846801758
2012-03-26 02:00:00,2.9062139987945557
2012-03-26 03:00:00,1.8567159175872803
2012-03-26 04:00:00,1.8685150146484375
2012-03-26 05:00:00,18.108131408691406
2012-03-26 06:00:00,80.88125610351562
2012-03-26 07:00:00,283.7516784667969
2012-03-26 08:00:00,389.1412658691406
2012-03-26 09:00:00,213.13787841796875
2012-03-26 10:00:00,130.33111572265625
2012-03-26 11:00:00,166.66033935546875
2012-03-26 12:00:00,223.4270782470703
2012-03-26 13:00:00,205.6384735107422
2012-03-26 14:00:00,173.5234832763672
2012-03-26 15:00:00,187.195556640625
2012-03-26 16:00:00,289.9526672363281
2012-03-26 17:00:00,562.5823364257812
2012-03-26 18:00:00,533.6778564453125
2012-03-26 19:00:00,303.03753662109375
2012-03-26 20:00:00,211.24703979492188
2012-03-26 21:00:00,144.96925354003906
2012-03-26 22:00:00,78.86751556396484
2012-03-26 23:00:00,49.97984313964844
2012-03-27 00:00:00,13.577303886413574
2012-03-27 01:00:00,5.7745866775512695
2012-03-27 02:00:00,2.808905601501465
2012-03-27 03:00:00,1.7437481880187988
2012-03-27 04:00:00,1.9693892002105713
2012-03-27 05:00:00,13.508488655090332
2012-03-27 06:00:00,67.17912292480469
2012-03-27 07:00:00,213.88189697265625
2012-03-27 08:00:00,316.7940673828125
2012-03-27 09:00:00,177.46780395507812
2012-03-27 10:00:00,92.73566436767578
2012-03-27 11:00:00,88.36581420898438
2012-03-27 12:00:00,112.97260284423828
2012-03-27 13:00:00,104.7901611328125
2012-03-27 14:00:00,109.95260620117188
2012-03-27 15:00:00,103.88939666748047
2012-03-27 16:00:00,163.6691131591797
2012-03-27 17:00:00,318.6032409667969
2012-03-27 18:00:00,336.6426696777344
2012-03-27 19:00:00,265.5087890625
2012-03-27 20:00:00,169.6339569091797
2012-03-27 21:00:00,105.73845672607422
2012-03-27 22:00:00,66.91030883789062
2012-03-27 23:00:00,38.25362014770508
2012-03-28 00:00:00,23.13970947265625
2012-03-28 01:00:00,8.48067855834961
2012-03-28 02:00:00,3.8625173568725586
2012-03-28 03:00:00,2.1841418743133545
2012-03-28 04:00:00,1.6610751152038574
2012-03-28 05:00:00,21.215654373168945
2012-03-28 06:00:00,100.976318359375
2012-03-28 07:00:00,349.74560546875
2012-03-28 08:00:00,522.3261108398438
2012-03-28 09:00:00,241.409912109375
2012-03-28 10:00:00,122.64596557617188
2012-03-28 11:00:00,161.82688903808594
2012-03-28 12:00:00,221.8521270751953
2012-03-28 13:00:00,188.56869506835938
2012-03-28 14:00:00,161.64747619628906
2012-03-28 15:00:00,170.7364959716797
2012-03-28 16:00:00,192.1341094970703
2012-03-28 17:00:00,536.018310546875
2012-03-28 18:00:00,540.3829956054688
2012-03-28 19:00:00,341.1136779785156
2012-03-28 20:00:00,241.27090454101562
2012-03-28 21:00:00,175.10704040527344
2012-03-28 22:00:00,132.21945190429688
2012-03-28 23:00:00,56.03425598144531
2012-03-29 00:00:00,45.874053955078125
2012-03-29 01:00:00,22.37709617614746
2012-03-29 02:00:00,9.779040336608887
2012-03-29 03:00:00,5.369129657745361
2012-03-29 04:00:00,3.435359001159668
2012-03-29 05:00:00,33.17304611206055
2012-03-29 06:00:00,138.46348571777344
2012-03-29 07:00:00,452.99505615234375
2012-03-29 08:00:00,668.8832397460938
2012-03-29 09:00:00,331.469970703125
2012-03-29 10:00:00,169.6761016845703
2012-03-29 11:00:00,255.46307373046875
2012-03-29 12:00:00,291.35797119140625
2012-03-29 13:00:00,253.79071044921875
2012-03-29 14:00:00,238.16387939453125
2012-03-29 15:00:00,269.22979736328125
2012-03-29 16:00:00,432.28857421875
2012-03-29 17:00:00,767.5238647460938
2012-03-29 18:00:00,688.2476806640625
2012-03-29 19:00:00,420.60357666015625
2012-03-29 20:00:00,289.6647644042969
2012-03-29 21:00:00,238.18714904785156
2012-03-29 22:00:00,157.44859313964844
2012-03-29 23:00:00,95.6082763671875
2012-03-30 00:00:00,57.689109802246094
2012-03-30 01:00:00,26.127004623413086
2012-03-30 02:00:00,11.039992332458496
2012-03-30 03:00:00,5.961821556091309
2012-03-30 04:00:00,4.0524773597717285
2012-03-30 05:00:00,27.291563034057617
2012-03-30 06:00:00,94.24715423583984
2012-03-30 07:00:00,333.22479248046875
2012-03-30 08:00:00,483.41680908203125
2012-03-30 09:00:00,276.6506652832031
2012-03-30 10:00:00,127.81398010253906
2012-03-30 11:00:00,152.83206176757812
2012-03-30 12:00:00,208.00967407226562
2012-03-30 13:00:00,164.9876251220703
2012-03-30 14:00:00,114.50109100341797
2012-03-30 15:00:00,111.79043579101562
2012-03-30 16:00:00,165.43032836914062
2012-03-30 17:00:00,528.2078857421875
2012-03-30 18:00:00,549.48046875
2012-03-30 19:00:00,342.4376220703125
2012-03-30 20:00:00,228.50001525878906
2012-03-30 21:00:00,164.8382568359375
2012-03-30 22:00:00,116.17488861083984
2012-03-30 23:00:00,82.77909851074219
2012-03-31 00:00:00,61.149742126464844
2012-03-31 01:00:00,56.709503173828125
2012-03-31 02:00:00,39.365806579589844
2012-03-31 03:00:00,11.25722599029541
2012-03-31 04:00:00,2.6745176315307617
2012-03-31 05:00:00,6.218382835388184
2012-03-31 06:00:00,14.881324768066406
2012-03-31 07:00:00,41.17237091064453
2012-03-31 08:00:00,85.97340393066406
2012-03-31 09:00:00,153.29855346679688
2012-03-31 10:00:00,198.7946014404297
2012-03-31 11:00:00,303.42559814453125
2012-03-31 12:00:00,368.86865234375
2012-03-31 13:00:00,421.52532958984375
2012-03-31 14:00:00,365.1649169921875
2012-03-31 15:00:00,354.6634216308594
2012-03-31 16:00:00,358.61810302734375
2012-03-31 17:00:00,305.4626159667969
2012-03-31 18:00:00,203.58164978027344
2012-03-31 19:00:00,169.8361053466797
2012-03-31 20:00:00,113.35159301757812
2012-03-31 21:00:00,92.69718170166016
2012-03-31 22:00:00,91.16698455810547
2012-03-31 23:00:00,46.47576904296875
2012-04-20 00:00:00,36.417320251464844
2012-04-20 01:00:00,13.138053894042969
2012-04-20 02:00:00,6.080387115478516
2012-04-20 03:00:00,3.2326273918151855
2012-04-20 04:00:00,2.5998971462249756
2012-04-20 05:00:00,17.34249496459961
2012-04-20 06:00:00,83.33297729492188
2012-04-20 07:00:00,235.2094268798828
2012-04-20 08:00:00,379.8633117675781
2012-04-20 09:00:00,188.7351837158203
2012-04-20 10:00:00,120.25906372070312
2012-04-20 11:00:00,195.25645446777344
2012-04-20 12:00:00,282.02789306640625
2012-04-20 13:00:00,298.88531494140625
2012-04-20 14:00:00,286.3207702636719
2012-04-20 15:00:00,279.56903076171875
2012-04-20 16:00:00,470.5458679199219
2012-04-20 17:00:00,818.514892578125
2012-04-20 18:00:00,693.7319946289062
2012-04-20 19:00:00,438.08392333984375
2012-04-20 20:00:00,289.69512939453125
2012-04-20 21:00:00,199.1422576904297
2012-04-20 22:00:00,150.97512817382812
2012-04-20 23:00:00,83.20600128173828
2012-04-21 00:00:00,69.75009155273438
2012-04-21 01:00:00,44.18876266479492
2012-04-21 02:00:00,34.98709487915039
2012-04-21 03:00:00,10.057957649230957
2012-04-21 04:00:00,3.2546310424804688
2012-04-21 05:00:00,5.146339416503906
2012-04-21 06:00:00,12.882530212402344
2012-04-21 07:00:00,33.57809066772461
2012-04-21 08:00:00,81.22027587890625
2012-04-21 09:00:00,136.48599243164062
2012-04-21 10:00:00,233.5740509033203
2012-04-21 11:00:00,355.4510192871094
2012-04-21 12:00:00,402.5403747558594
2012-04-21 13:00:00,404.09912109375
2012-04-21 14:00:00,454.9843444824219
2012-04-21 15:00:00,420.3095703125
2012-04-21 16:00:00,433.8726501464844
2012-04-21 17:00:00,344.4146728515625
2012-04-21 18:00:00,281.75634765625
2012-04-21 19:00:00,65.15714263916016
2012-04-21 20:00:00,45.530696868896484
2012-04-21 21:00:00,31.977798461914062
2012-04-21 22:00:00,68.27941131591797
2012-04-21 23:00:00,47.55699920654297
2012-04-22 00:00:00,68.42438507080078
2012-04-22 01:00:00,44.98423385620117
2012-04-22 02:00:00,51.53791046142578
2012-04-22 03:00:00,22.915931701660156
2012-04-22 04:00:00,9.117799758911133
2012-04-22 05:00:00,7.771027565002441
2012-04-22 06:00:00,14.766115188598633
2012-04-22 07:00:00,17.745004653930664
2012-04-22 08:00:00,46.95705795288086
2012-04-22 09:00:00,79.38330078125
2012-04-22 10:00:00,105.27711486816406
2012-04-22 11:00:00,119.4672622680664
2012-04-22 12:00:00,136.69921875
2012-04-22 13:00:00,142.3083038330078
2012-04-22 14:00:00,116.94634246826172
2012-04-22 15:00:00,110.12139892578125
2012-04-22 16:00:00,114.69268798828125
2012-04-22 17:00:00,92.37110900878906
2012-04-22 18:00:00,88.6651611328125
2012-04-22 19:00:00,61.60416030883789
2012-04-22 20:00:00,45.59237289428711
2012-04-22 21:00:00,37.805755615234375
2012-04-22 22:00:00,23.72085189819336
2012-04-22 23:00:00,19.01764678955078
2012-04-23 00:00:00,3.773955821990967
2012-04-23 01:00:00,1.880753993988037
2012-04-23 02:00:00,1.8737263679504395
2012-04-23 03:00:00,1.2614378929138184
2012-04-23 04:00:00,1.2930676937103271
2012-04-23 05:00:00,9.008413314819336
2012-04-23 06:00:00,53.85723114013672
2012-04-23 07:00:00,79.00419616699219
2012-04-23 08:00:00,303.64312744140625
2012-04-23 09:00:00,112.9432601928711
2012-04-23 10:00:00,69.20895385742188
2012-04-23 11:00:00,72.65048217773438
2012-04-23 12:00:00,42.57765197753906
2012-04-23 13:00:00,52.10542297363281
2012-04-23 14:00:00,46.91572189331055
2012-04-23 15:00:00,95.08944702148438
2012-04-23 16:00:00,41.376731872558594
2012-04-23 17:00:00,109.33895111083984
2012-04-23 18:00:00,149.7872772216797
2012-04-23 19:00:00,154.04293823242188
2012-04-23 20:00:00,122.54371643066406
2012-04-23 21:00:00,78.6732177734375
2012-04-23 22:00:00,50.32524871826172
2012-04-23 23:00:00,21.38636016845703
2012-04-24 00:00:00,8.57090950012207
2012-04-24 01:00:00,2.9428343772888184
2012-04-24 02:00:00,1.4578657150268555
2012-04-24 03:00:00,0.856310248374939
2012-04-24 04:00:00,1.14337158203125
2012-04-24 05:00:00,10.067901611328125
2012-04-24 06:00:00,63.94139862060547
2012-04-24 07:00:00,185.3503875732422
2012-04-24 08:00:00,353.8438720703125
2012-04-24 09:00:00,216.67648315429688
2012-04-24 10:00:00,107.28057098388672
2012-04-24 11:00:00,144.36814880371094
2012-04-24 12:00:00,195.74668884277344
2012-04-24 13:00:00,179.5292510986328
2012-04-24 14:00:00,150.47657775878906
2012-04-24 15:00:00,160.2791290283203
2012-04-24 16:00:00,259.1929016113281
2012-04-24 17:00:00,533.968017578125
2012-04-24 18:00:00,478.13677978515625
2012-04-24 19:00:00,340.8716735839844
2012-04-24 20:00:00,217.85243225097656
2012-04-24 21:00:00,141.2921600341797
2012-04-24 22:00:00,85.72389221191406
2012-04-24 23:00:00,39.574066162109375
2012-04-25 00:00:00,18.913066864013672
2012-04-25 01:00:00,7.013861656188965
2012-04-25 02:00:00,2.349748134613037
2012-04-25 03:00:00,1.5763564109802246
2012-04-25 04:00:00,1.6477375030517578
2012-04-25 05:00:00,15.502605438232422
2012-04-25 06:00:00,70.43761444091797
2012-04-25 07:00:00,217.15591430664062
2012-04-25 08:00:00,355.6217041015625
2012-04-25 09:00:00,188.41653442382812
2012-04-25 10:00:00,123.76842498779297
2012-04-25 11:00:00,146.06466674804688
2012-04-25 12:00:00,216.418701171875
2012-04-25 13:00:00,178.26927185058594
2012-04-25 14:00:00,174.9180450439453
2012-04-25 15:00:00,176.837646484375
2012-04-25 16:00:00,324.1933898925781
2012-04-25 17:00:00,552.4263916015625
2012-04-25 18:00:00,641.1609497070312
2012-04-25 19:00:00,394.31292724609375
2012-04-25 20:00:00,263.7328186035156
2012-04-25 21:00:00,162.15284729003906
2012-04-25 22:00:00,100.42546844482422
2012-04-25 23:00:00,46.92262268066406
2012-04-26 00:00:00,21.581241607666016
2012-04-26 01:00:00,10.562030792236328
2012-04-26 02:00:00,4.419521808624268
2012-04-26 03:00:00,2.636577606201172
2012-04-26 04:00:00,3.1451683044433594
2012-04-26 05:00:00,20.925838470458984
2012-04-26 06:00:00,114.76420593261719
2012-04-26 07:00:00,79.26280975341797
2012-04-26 08:00:00,213.31234741210938
2012-04-26 09:00:00,94.07640075683594
2012-04-26 10:00:00,57.00657653808594
2012-04-26 11:00:00,63.42127227783203
2012-04-26 12:00:00,112.15081787109375
2012-04-26 13:00:00,89.51935577392578
2012-04-26 14:00:00,89.07612609863281
2012-04-26 15:00:00,79.79698181152344
2012-04-26 16:00:00,137.30982971191406
2012-04-26 17:00:00,390.5968933105469
2012-04-26 18:00:00,316.6849670410156
2012-04-26 19:00:00,222.797119140625
2012-04-26 20:00:00,183.73794555664062
2012-04-26 21:00:00,118.52288055419922
2012-04-26 22:00:00,99.0260009765625
2012-04-26 23:00:00,46.8924446105957
2012-04-27 00:00:00,25.40699577331543
2012-04-27 01:00:00,17.361072540283203
2012-04-27 02:00:00,9.130636215209961
2012-04-27 03:00:00,4.083793640136719
2012-04-27 04:00:00,2.9546256065368652
2012-04-27 05:00:00,20.075454711914062
2012-04-27 06:00:00,72.03375244140625
2012-04-27 07:00:00,227.4253692626953
2012-04-27 08:00:00,310.83660888671875
2012-04-27 09:00:00,256.01239013671875
2012-04-27 10:00:00,143.02294921875
2012-04-27 11:00:00,157.74586486816406
2012-04-27 12:00:00,194.74850463867188
2012-04-27 13:00:00,196.88099670410156
2012-04-27 14:00:00,168.0050506591797
2012-04-27 15:00:00,241.5235595703125
2012-04-27 16:00:00,281.9640808105469
2012-04-27 17:00:00,505.8495788574219
2012-04-27 18:00:00,457.9591064453125
2012-04-27 19:00:00,291.2191467285156
2012-04-27 20:00:00,183.12664794921875
2012-04-27 21:00:00,116.19869232177734
2012-04-27 22:00:00,93.1202163696289
2012-04-27 23:00:00,61.0439453125
2012-04-28 00:00:00,67.03496551513672
2012-04-28 01:00:00,42.162288665771484
2012-04-28 02:00:00,33.8367805480957
2012-04-28 03:00:00,11.31736946105957
2012-04-28 04:00:00,3.447604179382324
2012-04-28 05:00:00,4.051523685455322
2012-04-28 06:00:00,11.899413108825684
2012-04-28 07:00:00,36.380096435546875
2012-04-28 08:00:00,88.38955688476562
2012-04-28 09:00:00,133.49427795410156
2012-04-28 10:00:00,201.48321533203125
2012-04-28 11:00:00,229.49374389648438
2012-04-28 12:00:00,292.27154541015625
2012-04-28 13:00:00,293.1165771484375
2012-04-28 14:00:00,289.4749450683594
2012-04-28 15:00:00,284.95343017578125
2012-04-28 16:00:00,291.0074462890625
2012-04-28 17:00:00,244.98240661621094
2012-04-28 18:00:00,160.51663208007812
2012-04-28 19:00:00,93.01444244384766
2012-04-28 20:00:00,106.1464614868164
2012-04-28 21:00:00,39.257720947265625
2012-04-28 22:00:00,70.71684265136719
2012-04-28 23:00:00,54.132450103759766
2012-04-29 00:00:00,38.9716682434082
2012-04-29 01:00:00,45.54890441894531
2012-04-29 02:00:00,43.05213928222656
2012-04-29 03:00:00,20.390304565429688
2012-04-29 04:00:00,7.191784858703613
2012-04-29 05:00:00,6.778238296508789
2012-04-29 06:00:00,9.716682434082031
2012-04-29 07:00:00,24.431331634521484
2012-04-29 08:00:00,75.80259704589844
2012-04-29 09:00:00,123.70281982421875
2012-04-29 10:00:00,205.20823669433594
2012-04-29 11:00:00,308.44970703125
2012-04-29 12:00:00,335.51544189453125
2012-04-29 13:00:00,309.5194091796875
2012-04-29 14:00:00,312.8768005371094
2012-04-29 15:00:00,345.529541015625
2012-04-29 16:00:00,401.37060546875
2012-04-29 17:00:00,442.0145568847656
2012-04-29 18:00:00,355.1674499511719
2012-04-29 19:00:00,242.89759826660156
2012-04-29 20:00:00,168.6761474609375
2012-04-29 21:00:00,111.4004898071289
2012-04-29 22:00:00,83.2723159790039
2012-04-29 23:00:00,53.544830322265625
2012-04-30 00:00:00,22.08340835571289
2012-04-30 01:00:00,9.649659156799316
2012-04-30 02:00:00,4.808918476104736
2012-04-30 03:00:00,3.3788657188415527
2012-04-30 04:00:00,3.4176268577575684
2012-04-30 05:00:00,29.639326095581055
2012-04-30 06:00:00,111.87883758544922
2012-04-30 07:00:00,376.4579772949219
2012-04-30 08:00:00,667.759521484375
2012-04-30 09:00:00,315.7908020019531
2012-04-30 10:00:00,172.6466522216797
2012-04-30 11:00:00,173.02761840820312
2012-04-30 12:00:00,230.95584106445312
2012-04-30 13:00:00,197.6181640625
2012-04-30 14:00:00,181.8558807373047
2012-04-30 15:00:00,204.19119262695312
2012-04-30 16:00:00,332.9447326660156
2012-04-30 17:00:00,703.599853515625
2012-04-30 18:00:00,747.9608154296875
2012-04-30 19:00:00,464.1847229003906
2012-04-30 20:00:00,318.2962951660156
2012-04-30 21:00:00,210.9647674560547
2012-04-30 22:00:00,125.93379211425781
2012-04-30 23:00:00,66.67271423339844
2012-05-20 00:00:00,144.26608276367188
2012-05-20 01:00:00,112.75336456298828
2012-05-20 02:00:00,69.94495391845703
2012-05-20 03:00:00,32.67795944213867
2012-05-20 04:00:00,10.174352645874023
2012-05-20 05:00:00,8.96984577178955
2012-05-20 06:00:00,16.65450096130371
2012-05-20 07:00:00,46.65323257446289
2012-05-20 08:00:00,110.33466339111328
2012-05-20 09:00:00,205.50726318359375
2012-05-20 10:00:00,341.30035400390625
2012-05-20 11:00:00,398.2778015136719
2012-05-20 12:00:00,505.00848388671875
2012-05-20 13:00:00,515.53857421875
2012-05-20 14:00:00,515.3309936523438
2012-05-20 15:00:00,544.7100219726562
2012-05-20 16:00:00,506.4134826660156
2012-05-20 17:00:00,493.9656066894531
2012-05-20 18:00:00,385.4968566894531
2012-05-20 19:00:00,300.5805969238281
2012-05-20 20:00:00,251.951171875
2012-05-20 21:00:00,176.60848999023438
2012-05-20 22:00:00,151.8223114013672
2012-05-20 23:00:00,56.87208557128906
2012-05-21 00:00:00,13.965982437133789
2012-05-21 01:00:00,9.013518333435059
2012-05-21 02:00:00,3.5345702171325684
2012-05-21 03:00:00,1.8233323097229004
2012-05-21 04:00:00,2.768336534500122
2012-05-21 05:00:00,10.003796577453613
2012-05-21 06:00:00,45.1214599609375
2012-05-21 07:00:00,108.2722396850586
2012-05-21 08:00:00,193.41549682617188
2012-05-21 09:00:00,112.89415740966797
2012-05-21 10:00:00,67.53362274169922
2012-05-21 11:00:00,86.29328918457031
2012-05-21 12:00:00,133.46946716308594
2012-05-21 13:00:00,94.48986053466797
2012-05-21 14:00:00,79.06755065917969
2012-05-21 15:00:00,137.62709045410156
2012-05-21 16:00:00,199.3869171142578
2012-05-21 17:00:00,493.706298828125
2012-05-21 18:00:00,412.4709167480469
2012-05-21 19:00:00,337.00927734375
2012-05-21 20:00:00,257.9177551269531
2012-05-21 21:00:00,157.6334228515625
2012-05-21 22:00:00,97.24949645996094
2012-05-21 23:00:00,66.5693359375
2012-05-22 00:00:00,28.72735595703125
2012-05-22 01:00:00,11.823972702026367
2012-05-22 02:00:00,4.736195087432861
2012-05-22 03:00:00,3.630924701690674
2012-05-22 04:00:00,4.704830646514893
2012-05-22 05:00:00,17.813871383666992
2012-05-22 06:00:00,92.59153747558594
2012-05-22 07:00:00,217.17776489257812
2012-05-22 08:00:00,470.9701232910156
2012-05-22 09:00:00,247.9053497314453
2012-05-22 10:00:00,155.37664794921875
2012-05-22 11:00:00,144.96829223632812
2012-05-22 12:00:00,206.16017150878906
2012-05-22 13:00:00,192.80618286132812
2012-05-22 14:00:00,196.12326049804688
2012-05-22 15:00:00,237.6808319091797
2012-05-22 16:00:00,362.42333984375
2012-05-22 17:00:00,724.406982421875
2012-05-22 18:00:00,759.8002319335938
2012-05-22 19:00:00,463.2248229980469
2012-05-22 20:00:00,343.2669372558594
2012-05-22 21:00:00,215.5010528564453
2012-05-22 22:00:00,182.09214782714844
2012-05-22 23:00:00,94.82968139648438
2012-05-23 00:00:00,30.453609466552734
2012-05-23 01:00:00,13.152865409851074
2012-05-23 02:00:00,4.895590782165527
2012-05-23 03:00:00,3.1085376739501953
2012-05-23 04:00:00,2.2892889976501465
2012-05-23 05:00:00,12.425930976867676
2012-05-23 06:00:00,90.45440673828125
2012-05-23 07:00:00,319.9857177734375
2012-05-23 08:00:00,379.3009033203125
2012-05-23 09:00:00,179.1724395751953
2012-05-23 10:00:00,112.29999542236328
2012-05-23 11:00:00,127.5150146484375
2012-05-23 12:00:00,172.6653594970703
2012-05-23 13:00:00,147.53082275390625
2012-05-23 14:00:00,153.97183227539062
2012-05-23 15:00:00,151.8663330078125
2012-05-23 16:00:00,210.02374267578125
2012-05-23 17:00:00,357.4412841796875
2012-05-23 18:00:00,356.293701171875
2012-05-23 19:00:00,276.617431640625
2012-05-23 20:00:00,211.56719970703125
2012-05-23 21:00:00,141.5758514404297
2012-05-23 22:00:00,99.56416320800781
2012-05-23 23:00:00,61.19670104980469
2012-05-24 00:00:00,42.81735610961914
2012-05-24 01:00:00,16.992238998413086
2012-05-24 02:00:00,7.3371076583862305
2012-05-24 03:00:00,3.051665782928467
2012-05-24 04:00:00,2.976922035217285
2012-05-24 05:00:00,21.56095314025879
2012-05-24 06:00:00,103.04470825195312
2012-05-24 07:00:00,386.9107971191406
2012-05-24 08:00:00,502.27972412109375
2012-05-24 09:00:00,238.86764526367188
2012-05-24 10:00:00,134.45188903808594
2012-05-24 11:00:00,169.34747314453125
2012-05-24 12:00:00,230.49154663085938
2012-05-24 13:00:00,236.28945922851562
2012-05-24 14:00:00,198.77574157714844
2012-05-24 15:00:00,209.7838897705078
2012-05-24 16:00:00,347.449951171875
2012-05-24 17:00:00,656.3341674804688
2012-05-24 18:00:00,618.0877075195312
2012-05-24 19:00:00,360.4493408203125
2012-05-24 20:00:00,273.3628234863281
2012-05-24 21:00:00,129.15292358398438
2012-05-24 22:00:00,137.23255920410156
2012-05-24 23:00:00,75.8368148803711
2012-05-25 00:00:00,55.23386001586914
2012-05-25 01:00:00,24.680496215820312
2012-05-25 02:00:00,9.108750343322754
2012-05-25 03:00:00,4.256479263305664
2012-05-25 04:00:00,4.469369888305664
2012-05-25 05:00:00,22.26230239868164
2012-05-25 06:00:00,81.4679946899414
2012-05-25 07:00:00,251.93994140625
2012-05-25 08:00:00,400.570556640625
2012-05-25 09:00:00,192.78076171875
2012-05-25 10:00:00,141.537109375
2012-05-25 11:00:00,195.10818481445312
2012-05-25 12:00:00,251.52069091796875
2012-05-25 13:00:00,247.7178955078125
2012-05-25 14:00:00,238.0078125
2012-05-25 15:00:00,235.40650939941406
2012-05-25 16:00:00,339.00018310546875
2012-05-25 17:00:00,542.0985717773438
2012-05-25 18:00:00,473.8958435058594
2012-05-25 19:00:00,282.987060546875
2012-05-25 20:00:00,239.65240478515625
2012-05-25 21:00:00,184.72950744628906
2012-05-25 22:00:00,173.03094482421875
2012-05-25 23:00:00,110.1519775390625
2012-05-26 00:00:00,110.99891662597656
2012-05-26 01:00:00,82.221435546875
2012-05-26 02:00:00,48.7149772644043
2012-05-26 03:00:00,16.32192611694336
2012-05-26 04:00:00,5.201078414916992
2012-05-26 05:00:00,8.219894409179688
2012-05-26 06:00:00,25.316953659057617
2012-05-26 07:00:00,46.70518493652344
2012-05-26 08:00:00,125.26004028320312
2012-05-26 09:00:00,162.58348083496094
2012-05-26 10:00:00,247.0629119873047
2012-05-26 11:00:00,337.61004638671875
2012-05-26 12:00:00,418.2919921875
2012-05-26 13:00:00,415.58367919921875
2012-05-26 14:00:00,443.31268310546875
2012-05-26 15:00:00,416.80291748046875
2012-05-26 16:00:00,434.7668762207031
2012-05-26 17:00:00,379.96392822265625
2012-05-26 18:00:00,329.1036071777344
2012-05-26 19:00:00,272.3050537109375
2012-05-26 20:00:00,228.5651397705078
2012-05-26 21:00:00,169.705322265625
2012-05-26 22:00:00,171.3251495361328
2012-05-26 23:00:00,119.76806640625
2012-05-27 00:00:00,63.223777770996094
2012-05-27 01:00:00,83.848876953125
2012-05-27 02:00:00,64.89500427246094
2012-05-27 03:00:00,21.438453674316406
2012-05-27 04:00:00,7.263828277587891
2012-05-27 05:00:00,7.455568313598633
2012-05-27 06:00:00,13.111160278320312
2012-05-27 07:00:00,35.13587951660156
2012-05-27 08:00:00,69.48844909667969
2012-05-27 09:00:00,106.92345428466797
2012-05-27 10:00:00,200.0118408203125
2012-05-27 11:00:00,243.8354949951172
2012-05-27 12:00:00,281.4682312011719
2012-05-27 13:00:00,285.05694580078125
2012-05-27 14:00:00,295.7197570800781
2012-05-27 15:00:00,281.10479736328125
2012-05-27 16:00:00,284.6323547363281
2012-05-27 17:00:00,285.3420104980469
2012-05-27 18:00:00,211.2706298828125
2012-05-27 19:00:00,199.70860290527344
2012-05-27 20:00:00,167.95082092285156
2012-05-27 21:00:00,87.7266616821289
2012-05-27 22:00:00,63.825904846191406
2012-05-27 23:00:00,45.46290588378906
2012-05-28 00:00:00,50.47336959838867
2012-05-28 01:00:00,41.261688232421875
2012-05-28 02:00:00,18.212560653686523
2012-05-28 03:00:00,7.342695236206055
2012-05-28 04:00:00,5.141714096069336
2012-05-28 05:00:00,8.364968299865723
2012-05-28 06:00:00,29.95071792602539
2012-05-28 07:00:00,92.72940063476562
2012-05-28 08:00:00,188.21783447265625
2012-05-28 09:00:00,170.30735778808594
2012-05-28 10:00:00,187.67572021484375
2012-05-28 11:00:00,213.04006958007812
2012-05-28 12:00:00,269.27838134765625
2012-05-28 13:00:00,261.94683837890625
2012-05-28 14:00:00,303.573974609375
2012-05-28 15:00:00,289.37469482421875
2012-05-28 16:00:00,349.4369812011719
2012-05-28 17:00:00,469.887939453125
2012-05-28 18:00:00,342.821533203125
2012-05-28 19:00:00,299.1263732910156
2012-05-28 20:00:00,221.22372436523438
2012-05-28 21:00:00,151.56631469726562
2012-05-28 22:00:00,159.5784454345703
2012-05-28 23:00:00,102.7074966430664
2012-05-29 00:00:00,40.088802337646484
2012-05-29 01:00:00,16.401836395263672
2012-05-29 02:00:00,7.625017166137695
2012-05-29 03:00:00,4.711043834686279
2012-05-29 04:00:00,5.204920768737793
2012-05-29 05:00:00,28.940166473388672
2012-05-29 06:00:00,137.01559448242188
2012-05-29 07:00:00,398.7498474121094
2012-05-29 08:00:00,548.822265625
2012-05-29 09:00:00,299.971923828125
2012-05-29 10:00:00,203.3900604248047
2012-05-29 11:00:00,216.1653594970703
2012-05-29 12:00:00,297.077880859375
2012-05-29 13:00:00,270.9546203613281
2012-05-29 14:00:00,282.246337890625
2012-05-29 15:00:00,275.0015869140625
2012-05-29 16:00:00,492.23907470703125
2012-05-29 17:00:00,904.6089477539062
2012-05-29 18:00:00,862.8250122070312
2012-05-29 19:00:00,521.6265869140625
2012-05-29 20:00:00,209.92868041992188
2012-05-29 21:00:00,81.29652404785156
2012-05-29 22:00:00,119.9190902709961
2012-05-29 23:00:00,51.76986312866211
2012-05-30 00:00:00,25.13351058959961
2012-05-30 01:00:00,14.139097213745117
2012-05-30 02:00:00,5.384510517120361
2012-05-30 03:00:00,3.3453774452209473
2012-05-30 04:00:00,3.5354528427124023
2012-05-30 05:00:00,28.783769607543945
2012-05-30 06:00:00,107.80352783203125
2012-05-30 07:00:00,194.0515594482422
2012-05-30 08:00:00,531.6624145507812
2012-05-30 09:00:00,289.3194580078125
2012-05-30 10:00:00,194.4329833984375
2012-05-30 11:00:00,195.63470458984375
2012-05-30 12:00:00,324.2048645019531
2012-05-30 13:00:00,310.47369384765625
2012-05-30 14:00:00,312.5173645019531
2012-05-30 15:00:00,314.0255126953125
2012-05-30 16:00:00,467.7815856933594
2012-05-30 17:00:00,828.073486328125
2012-05-30 18:00:00,897.09326171875
2012-05-30 19:00:00,597.987548828125
2012-05-30 20:00:00,336.3016662597656
2012-05-30 21:00:00,303.6914978027344
2012-05-30 22:00:00,232.38125610351562
2012-05-30 23:00:00,133.48524475097656
2012-05-31 00:00:00,53.156463623046875
2012-05-31 01:00:00,23.929624557495117
2012-05-31 02:00:00,10.729610443115234
2012-05-31 03:00:00,4.382729530334473
2012-05-31 04:00:00,4.384627819061279
2012-05-31 05:00:00,23.0601749420166
2012-05-31 06:00:00,113.2904281616211
2012-05-31 07:00:00,367.1646423339844
2012-05-31 08:00:00,548.8154907226562
2012-05-31 09:00:00,249.66490173339844
2012-05-31 10:00:00,171.9722137451172
2012-05-31 11:00:00,199.43325805664062
2012-05-31 12:00:00,271.1607360839844
2012-05-31 13:00:00,240.93357849121094
2012-05-31 14:00:00,217.86830139160156
2012-05-31 15:00:00,223.16473388671875
2012-05-31 16:00:00,339.13702392578125
2012-05-31 17:00:00,611.8740844726562
2012-05-31 18:00:00,606.101318359375
2012-05-31 19:00:00,431.9903564453125
2012-05-31 20:00:00,353.5825500488281
2012-05-31 21:00:00,225.77023315429688
2012-05-31 22:00:00,216.4266815185547
2012-05-31 23:00:00,116.86560821533203
2012-06-20 00:00:00,32.1423454284668
2012-06-20 01:00:00,11.096485137939453
2012-06-20 02:00:00,5.752313137054443
2012-06-20 03:00:00,3.99460506439209
2012-06-20 04:00:00,4.635416507720947
2012-06-20 05:00:00,33.02878952026367
2012-06-20 06:00:00,119.95755767822266
2012-06-20 07:00:00,316.335693359375
2012-06-20 08:00:00,507.9692077636719
2012-06-20 09:00:00,221.9905242919922
2012-06-20 10:00:00,144.97476196289062
2012-06-20 11:00:00,181.81480407714844
2012-06-20 12:00:00,226.72042846679688
2012-06-20 13:00:00,192.2336883544922
2012-06-20 14:00:00,181.74029541015625
2012-06-20 15:00:00,196.76187133789062
2012-06-20 16:00:00,330.1111145019531
2012-06-20 17:00:00,575.3192749023438
2012-06-20 18:00:00,681.1229248046875
2012-06-20 19:00:00,453.9904479980469
2012-06-20 20:00:00,375.5848083496094
2012-06-20 21:00:00,246.67819213867188
2012-06-20 22:00:00,191.94265747070312
2012-06-20 23:00:00,105.82099914550781
2012-06-21 00:00:00,46.555545806884766
2012-06-21 01:00:00,15.779682159423828
2012-06-21 02:00:00,9.207886695861816
2012-06-21 03:00:00,4.523200035095215
2012-06-21 04:00:00,4.416957378387451
2012-06-21 05:00:00,36.76753616333008
2012-06-21 06:00:00,125.20081329345703
2012-06-21 07:00:00,384.1053466796875
2012-06-21 08:00:00,584.3229370117188
2012-06-21 09:00:00,218.9110870361328
2012-06-21 10:00:00,124.708984375
2012-06-21 11:00:00,159.9648895263672
2012-06-21 12:00:00,214.6066131591797
2012-06-21 13:00:00,186.7684326171875
2012-06-21 14:00:00,186.02212524414062
2012-06-21 15:00:00,188.54075622558594
2012-06-21 16:00:00,319.1080627441406
2012-06-21 17:00:00,557.3473510742188
2012-06-21 18:00:00,612.8907470703125
2012-06-21 19:00:00,414.43292236328125
2012-06-21 20:00:00,352.57257080078125
2012-06-21 21:00:00,240.962646484375
2012-06-21 22:00:00,202.938720703125
2012-06-21 23:00:00,151.6933135986328
2012-06-22 00:00:00,84.03166198730469
2012-06-22 01:00:00,30.31960105895996
2012-06-22 02:00:00,13.828557968139648
2012-06-22 03:00:00,8.76580810546875
2012-06-22 04:00:00,8.962455749511719
2012-06-22 05:00:00,45.061500549316406
2012-06-22 06:00:00,152.89251708984375
2012-06-22 07:00:00,442.75433349609375
2012-06-22 08:00:00,686.9139404296875
2012-06-22 09:00:00,327.2866516113281
2012-06-22 10:00:00,217.88697814941406
2012-06-22 11:00:00,264.2068786621094
2012-06-22 12:00:00,313.6818542480469
2012-06-22 13:00:00,317.0408630371094
2012-06-22 14:00:00,311.7712097167969
2012-06-22 15:00:00,325.0571594238281
2012-06-22 16:00:00,493.5414123535156
2012-06-22 17:00:00,720.0204467773438
2012-06-22 18:00:00,693.8797607421875
2012-06-22 19:00:00,458.9519958496094
2012-06-22 20:00:00,428.94049072265625
2012-06-22 21:00:00,223.95013427734375
2012-06-22 22:00:00,250.63458251953125
2012-06-22 23:00:00,170.96839904785156
2012-06-23 00:00:00,83.90209197998047
2012-06-23 01:00:00,67.3394546508789
2012-06-23 02:00:00,49.94457244873047
2012-06-23 03:00:00,18.709617614746094
2012-06-23 04:00:00,5.785103797912598
2012-06-23 05:00:00,9.80762004852295
2012-06-23 06:00:00,17.3348331451416
2012-06-23 07:00:00,54.61880111694336
2012-06-23 08:00:00,106.20804595947266
2012-06-23 09:00:00,158.34780883789062
2012-06-23 10:00:00,271.95013427734375
2012-06-23 11:00:00,320.0973205566406
2012-06-23 12:00:00,351.6723937988281
2012-06-23 13:00:00,332.3497314453125
2012-06-23 14:00:00,327.76458740234375
2012-06-23 15:00:00,306.6944885253906
2012-06-23 16:00:00,340.2132263183594
2012-06-23 17:00:00,360.7645568847656
2012-06-23 18:00:00,345.00482177734375
2012-06-23 19:00:00,250.126220703125
2012-06-23 20:00:00,230.6595001220703
2012-06-23 21:00:00,163.4263458251953
2012-06-23 22:00:00,149.54014587402344
2012-06-23 23:00:00,104.33763885498047
2012-06-24 00:00:00,137.29017639160156
2012-06-24 01:00:00,94.07359313964844
2012-06-24 02:00:00,69.52421569824219
2012-06-24 03:00:00,30.635009765625
2012-06-24 04:00:00,11.281593322753906
2012-06-24 05:00:00,10.18150520324707
2012-06-24 06:00:00,16.135955810546875
2012-06-24 07:00:00,39.544105529785156
2012-06-24 08:00:00,98.61968994140625
2012-06-24 09:00:00,167.94091796875
2012-06-24 10:00:00,298.09930419921875
2012-06-24 11:00:00,386.9348449707031
2012-06-24 12:00:00,452.0908508300781
2012-06-24 13:00:00,467.0621337890625
2012-06-24 14:00:00,420.6689147949219
2012-06-24 15:00:00,331.3000793457031
2012-06-24 16:00:00,431.178466796875
2012-06-24 17:00:00,392.6412658691406
2012-06-24 18:00:00,343.2526550292969
2012-06-24 19:00:00,271.83447265625
2012-06-24 20:00:00,220.1795654296875
2012-06-24 21:00:00,176.44570922851562
2012-06-24 22:00:00,132.4126434326172
2012-06-24 23:00:00,89.4310073852539
2012-06-25 00:00:00,41.82545852661133
2012-06-25 01:00:00,16.688703536987305
2012-06-25 02:00:00,8.15604305267334
2012-06-25 03:00:00,4.389997959136963
2012-06-25 04:00:00,5.0203142166137695
2012-06-25 05:00:00,38.121829986572266
2012-06-25 06:00:00,105.6066665649414
2012-06-25 07:00:00,374.3143615722656
2012-06-25 08:00:00,498.0434875488281
2012-06-25 09:00:00,259.91387939453125
2012-06-25 10:00:00,160.09927368164062
2012-06-25 11:00:00,194.2371063232422
2012-06-25 12:00:00,276.6159973144531
2012-06-25 13:00:00,231.3179168701172
2012-06-25 14:00:00,225.13983154296875
2012-06-25 15:00:00,264.47711181640625
2012-06-25 16:00:00,419.66217041015625
2012-06-25 17:00:00,850.1182250976562
2012-06-25 18:00:00,805.5406494140625
2012-06-25 19:00:00,506.12445068359375
2012-06-25 20:00:00,398.0838317871094
2012-06-25 21:00:00,264.3656311035156
2012-06-25 22:00:00,178.9384002685547
2012-06-25 23:00:00,97.73515319824219
2012-06-26 00:00:00,43.1595344543457
2012-06-26 01:00:00,15.336244583129883
2012-06-26 02:00:00,6.483028888702393
2012-06-26 03:00:00,4.935105800628662
2012-06-26 04:00:00,5.216659069061279
2012-06-26 05:00:00,44.80719757080078
2012-06-26 06:00:00,159.07327270507812
2012-06-26 07:00:00,478.1815490722656
2012-06-26 08:00:00,741.5347900390625
2012-06-26 09:00:00,341.9092102050781
2012-06-26 10:00:00,173.3538055419922
2012-06-26 11:00:00,196.6045379638672
2012-06-26 12:00:00,281.31097412109375
2012-06-26 13:00:00,268.4085693359375
2012-06-26 14:00:00,249.92129516601562
2012-06-26 15:00:00,252.22064208984375
2012-06-26 16:00:00,445.8945007324219
2012-06-26 17:00:00,832.0946655273438
2012-06-26 18:00:00,923.77880859375
2012-06-26 19:00:00,527.7783203125
2012-06-26 20:00:00,404.7202453613281
2012-06-26 21:00:00,290.7575988769531
2012-06-26 22:00:00,214.2723388671875
2012-06-26 23:00:00,121.35728454589844
2012-06-27 00:00:00,36.48576354980469
2012-06-27 01:00:00,11.89067268371582
2012-06-27 02:00:00,6.458549976348877
2012-06-27 03:00:00,4.328835964202881
2012-06-27 04:00:00,5.161049842834473
2012-06-27 05:00:00,41.22861099243164
2012-06-27 06:00:00,147.33518981933594
2012-06-27 07:00:00,389.643310546875
2012-06-27 08:00:00,558.9657592773438
2012-06-27 09:00:00,280.74102783203125
2012-06-27 10:00:00,142.94529724121094
2012-06-27 11:00:00,177.1355438232422
2012-06-27 12:00:00,213.08753967285156
2012-06-27 13:00:00,205.7024383544922
2012-06-27 14:00:00,184.19403076171875
2012-06-27 15:00:00,237.51654052734375
2012-06-27 16:00:00,365.6368103027344
2012-06-27 17:00:00,628.89208984375
2012-06-27 18:00:00,678.2144775390625
2012-06-27 19:00:00,437.52838134765625
2012-06-27 20:00:00,336.2383117675781
2012-06-27 21:00:00,214.91928100585938
2012-06-27 22:00:00,168.77406311035156
2012-06-27 23:00:00,109.1546401977539
2012-06-28 00:00:00,56.2066650390625
2012-06-28 01:00:00,17.34426498413086
2012-06-28 02:00:00,9.552963256835938
2012-06-28 03:00:00,5.118355751037598
2012-06-28 04:00:00,4.877778053283691
2012-06-28 05:00:00,40.50163269042969
2012-06-28 06:00:00,153.6844940185547
2012-06-28 07:00:00,477.6780090332031
2012-06-28 08:00:00,612.5445556640625
2012-06-28 09:00:00,243.73568725585938
2012-06-28 10:00:00,149.02439880371094
2012-06-28 11:00:00,173.44984436035156
2012-06-28 12:00:00,252.14881896972656
2012-06-28 13:00:00,229.57508850097656
2012-06-28 14:00:00,212.18080139160156
2012-06-28 15:00:00,217.47654724121094
2012-06-28 16:00:00,357.5970458984375
2012-06-28 17:00:00,628.4876708984375
2012-06-28 18:00:00,696.9464721679688
2012-06-28 19:00:00,442.9446105957031
2012-06-28 20:00:00,386.424072265625
2012-06-28 21:00:00,277.43609619140625
2012-06-28 22:00:00,228.14834594726562
2012-06-28 23:00:00,144.58811950683594
2012-06-29 00:00:00,101.31790161132812
2012-06-29 01:00:00,39.832550048828125
2012-06-29 02:00:00,20.862796783447266
2012-06-29 03:00:00,10.034894943237305
2012-06-29 04:00:00,9.81828784942627
2012-06-29 05:00:00,44.53984069824219
2012-06-29 06:00:00,162.66751098632812
2012-06-29 07:00:00,445.0823059082031
2012-06-29 08:00:00,613.4196166992188
2012-06-29 09:00:00,350.13165283203125
2012-06-29 10:00:00,244.780029296875
2012-06-29 11:00:00,295.78131103515625
2012-06-29 12:00:00,365.0954284667969
2012-06-29 13:00:00,336.90020751953125
2012-06-29 14:00:00,361.11248779296875
2012-06-29 15:00:00,304.3428039550781
2012-06-29 16:00:00,480.1338806152344
2012-06-29 17:00:00,737.4248657226562
2012-06-29 18:00:00,644.457763671875
2012-06-29 19:00:00,525.6836547851562
2012-06-29 20:00:00,484.8582458496094
2012-06-29 21:00:00,310.30621337890625
2012-06-29 22:00:00,199.83009338378906
2012-06-29 23:00:00,168.455078125
2012-06-30 00:00:00,98.0454330444336
2012-06-30 01:00:00,73.74626922607422
2012-06-30 02:00:00,58.38471221923828
2012-06-30 03:00:00,32.6839714050293
2012-06-30 04:00:00,8.390646934509277
2012-06-30 05:00:00,15.515527725219727
2012-06-30 06:00:00,24.543073654174805
2012-06-30 07:00:00,75.78484344482422
2012-06-30 08:00:00,142.8677520751953
2012-06-30 09:00:00,217.95755004882812
2012-06-30 10:00:00,437.92755126953125
2012-06-30 11:00:00,548.3739013671875
2012-06-30 12:00:00,643.6484985351562
2012-06-30 13:00:00,632.9261474609375
2012-06-30 14:00:00,566.0099487304688
2012-06-30 15:00:00,587.5560913085938
2012-06-30 16:00:00,581.9331665039062
2012-06-30 17:00:00,589.71142578125
2012-06-30 18:00:00,520.3862915039062
2012-06-30 19:00:00,445.2199401855469
2012-06-30 20:00:00,403.6797790527344
2012-06-30 21:00:00,303.8897399902344
2012-06-30 22:00:00,277.63836669921875
2012-06-30 23:00:00,195.68356323242188
2012-07-20 00:00:00,32.605682373046875
2012-07-20 01:00:00,17.274873733520508
2012-07-20 02:00:00,8.056265830993652
2012-07-20 03:00:00,3.8171629905700684
2012-07-20 04:00:00,5.806768417358398
2012-07-20 05:00:00,21.045108795166016
2012-07-20 06:00:00,90.45191955566406
2012-07-20 07:00:00,276.6329345703125
2012-07-20 08:00:00,420.830810546875
2012-07-20 09:00:00,212.51377868652344
2012-07-20 10:00:00,132.6244659423828
2012-07-20 11:00:00,131.6847686767578
2012-07-20 12:00:00,158.16714477539062
2012-07-20 13:00:00,148.671142578125
2012-07-20 14:00:00,105.23587036132812
2012-07-20 15:00:00,143.35433959960938
2012-07-20 16:00:00,262.36871337890625
2012-07-20 17:00:00,386.4560241699219
2012-07-20 18:00:00,404.98828125
2012-07-20 19:00:00,281.9256286621094
2012-07-20 20:00:00,135.16001892089844
2012-07-20 21:00:00,121.32514190673828
2012-07-20 22:00:00,140.36280822753906
2012-07-20 23:00:00,102.81307983398438
2012-07-21 00:00:00,77.07044982910156
2012-07-21 01:00:00,60.72607421875
2012-07-21 02:00:00,48.06393814086914
2012-07-21 03:00:00,17.67371940612793
2012-07-21 04:00:00,6.104274749755859
2012-07-21 05:00:00,5.305683612823486
2012-07-21 06:00:00,13.079361915588379
2012-07-21 07:00:00,37.38782501220703
2012-07-21 08:00:00,101.01969909667969
2012-07-21 09:00:00,155.6209716796875
2012-07-21 10:00:00,168.5743865966797
2012-07-21 11:00:00,284.5709533691406
2012-07-21 12:00:00,262.5106506347656
2012-07-21 13:00:00,223.32362365722656
2012-07-21 14:00:00,237.88429260253906
2012-07-21 15:00:00,174.5239715576172
2012-07-21 16:00:00,198.3206329345703
2012-07-21 17:00:00,199.18711853027344
2012-07-21 18:00:00,181.936279296875
2012-07-21 19:00:00,168.2801513671875
2012-07-21 20:00:00,103.67814636230469
2012-07-21 21:00:00,118.92713165283203
2012-07-21 22:00:00,99.3616714477539
2012-07-21 23:00:00,97.91847229003906
2012-07-22 00:00:00,100.42121124267578
2012-07-22 01:00:00,86.65283203125
2012-07-22 02:00:00,62.73249435424805
2012-07-22 03:00:00,35.319793701171875
2012-07-22 04:00:00,6.452026844024658
2012-07-22 05:00:00,7.508878707885742
2012-07-22 06:00:00,11.327666282653809
2012-07-22 07:00:00,29.249391555786133
2012-07-22 08:00:00,84.36222839355469
2012-07-22 09:00:00,154.86842346191406
2012-07-22 10:00:00,270.70379638671875
2012-07-22 11:00:00,305.3033752441406
2012-07-22 12:00:00,434.6877136230469
2012-07-22 13:00:00,447.1732177734375
2012-07-22 14:00:00,372.7605895996094
2012-07-22 15:00:00,289.3843994140625
2012-07-22 16:00:00,383.3379821777344
2012-07-22 17:00:00,329.0791931152344
2012-07-22 18:00:00,288.97509765625
2012-07-22 19:00:00,217.09205627441406
2012-07-22 20:00:00,184.42279052734375
2012-07-22 21:00:00,135.55604553222656
2012-07-22 22:00:00,114.15496826171875
2012-07-22 23:00:00,70.8666763305664
2012-07-23 00:00:00,23.300771713256836
2012-07-23 01:00:00,9.224050521850586
2012-07-23 02:00:00,4.024715423583984
2012-07-23 03:00:00,1.9545106887817383
2012-07-23 04:00:00,3.823261260986328
2012-07-23 05:00:00,14.005558967590332
2012-07-23 06:00:00,64.32091522216797
2012-07-23 07:00:00,239.25306701660156
2012-07-23 08:00:00,332.9062194824219
2012-07-23 09:00:00,155.1404571533203
2012-07-23 10:00:00,97.12589263916016
2012-07-23 11:00:00,121.5831069946289
2012-07-23 12:00:00,164.76844787597656
2012-07-23 13:00:00,150.0726318359375
2012-07-23 14:00:00,142.9486541748047
2012-07-23 15:00:00,138.5519561767578
2012-07-23 16:00:00,205.98471069335938
2012-07-23 17:00:00,416.6951599121094
2012-07-23 18:00:00,423.8909912109375
2012-07-23 19:00:00,333.4835510253906
2012-07-23 20:00:00,264.6170349121094
2012-07-23 21:00:00,184.0923309326172
2012-07-23 22:00:00,109.38994598388672
2012-07-23 23:00:00,66.0411148071289
2012-07-24 00:00:00,30.353954315185547
2012-07-24 01:00:00,11.415464401245117
2012-07-24 02:00:00,5.680647850036621
2012-07-24 03:00:00,2.781630516052246
2012-07-24 04:00:00,4.35749626159668
2012-07-24 05:00:00,22.116012573242188
2012-07-24 06:00:00,106.957275390625
2012-07-24 07:00:00,346.48529052734375
2012-07-24 08:00:00,495.1009826660156
2012-07-24 09:00:00,178.71974182128906
2012-07-24 10:00:00,148.1901092529297
2012-07-24 11:00:00,185.2310028076172
2012-07-24 12:00:00,225.15460205078125
2012-07-24 13:00:00,214.55377197265625
2012-07-24 14:00:00,202.20274353027344
2012-07-24 15:00:00,177.3632354736328
2012-07-24 16:00:00,293.642822265625
2012-07-24 17:00:00,642.429931640625
2012-07-24 18:00:00,605.3652954101562
2012-07-24 19:00:00,398.0008850097656
2012-07-24 20:00:00,325.046875
2012-07-24 21:00:00,211.52716064453125
2012-07-24 22:00:00,150.9886932373047
2012-07-24 23:00:00,85.48149108886719
2012-07-25 00:00:00,39.016056060791016
2012-07-25 01:00:00,13.484094619750977
2012-07-25 02:00:00,6.709928035736084
2012-07-25 03:00:00,3.599395751953125
2012-07-25 04:00:00,4.049881458282471
2012-07-25 05:00:00,32.18577194213867
2012-07-25 06:00:00,120.6487045288086
2012-07-25 07:00:00,355.7894287109375
2012-07-25 08:00:00,520.2716674804688
2012-07-25 09:00:00,263.549072265625
2012-07-25 10:00:00,138.71188354492188
2012-07-25 11:00:00,160.65138244628906
2012-07-25 12:00:00,209.6035614013672
2012-07-25 13:00:00,194.0255126953125
2012-07-25 14:00:00,175.9597625732422
2012-07-25 15:00:00,183.88609313964844
2012-07-25 16:00:00,301.3026428222656
2012-07-25 17:00:00,568.8092041015625
2012-07-25 18:00:00,559.3065795898438
2012-07-25 19:00:00,416.4492492675781
2012-07-25 20:00:00,332.6805114746094
2012-07-25 21:00:00,235.4781036376953
2012-07-25 22:00:00,174.5263214111328
2012-07-25 23:00:00,95.70137786865234
2012-07-26 00:00:00,55.5920295715332
2012-07-26 01:00:00,18.665706634521484
2012-07-26 02:00:00,9.262737274169922
2012-07-26 03:00:00,4.17154598236084
2012-07-26 04:00:00,5.299168586730957
2012-07-26 05:00:00,34.75381851196289
2012-07-26 06:00:00,143.8919677734375
2012-07-26 07:00:00,410.469482421875
2012-07-26 08:00:00,544.14697265625
2012-07-26 09:00:00,231.16786193847656
2012-07-26 10:00:00,130.2362823486328
2012-07-26 11:00:00,172.20233154296875
2012-07-26 12:00:00,214.4722900390625
2012-07-26 13:00:00,197.2368621826172
2012-07-26 14:00:00,175.79336547851562
2012-07-26 15:00:00,179.95327758789062
2012-07-26 16:00:00,299.4165954589844
2012-07-26 17:00:00,648.5657348632812
2012-07-26 18:00:00,564.8285522460938
2012-07-26 19:00:00,372.463623046875
2012-07-26 20:00:00,350.8993225097656
2012-07-26 21:00:00,225.933349609375
2012-07-26 22:00:00,184.9759521484375
2012-07-26 23:00:00,150.5150146484375
2012-07-27 00:00:00,46.178401947021484
2012-07-27 01:00:00,16.397886276245117
2012-07-27 02:00:00,8.311307907104492
2012-07-27 03:00:00,4.019200801849365
2012-07-27 04:00:00,3.672238349914551
2012-07-27 05:00:00,15.669742584228516
2012-07-27 06:00:00,66.3088607788086
2012-07-27 07:00:00,240.81524658203125
2012-07-27 08:00:00,357.43463134765625
2012-07-27 09:00:00,155.14767456054688
2012-07-27 10:00:00,112.04069519042969
2012-07-27 11:00:00,160.31781005859375
2012-07-27 12:00:00,186.79940795898438
2012-07-27 13:00:00,181.23342895507812
2012-07-27 14:00:00,159.85057067871094
2012-07-27 15:00:00,160.27713012695312
2012-07-27 16:00:00,242.3062286376953
2012-07-27 17:00:00,362.5448303222656
2012-07-27 18:00:00,343.7101135253906
2012-07-27 19:00:00,230.91238403320312
2012-07-27 20:00:00,216.9893341064453
2012-07-27 21:00:00,137.50108337402344
2012-07-27 22:00:00,139.98939514160156
2012-07-27 23:00:00,117.52710723876953
2012-07-28 00:00:00,104.82381439208984
2012-07-28 01:00:00,69.74506378173828
2012-07-28 02:00:00,42.318931579589844
2012-07-28 03:00:00,22.780517578125
2012-07-28 04:00:00,6.836737632751465
2012-07-28 05:00:00,9.413464546203613
2012-07-28 06:00:00,20.23975372314453
2012-07-28 07:00:00,54.188419342041016
2012-07-28 08:00:00,128.6764678955078
2012-07-28 09:00:00,146.5705108642578
2012-07-28 10:00:00,233.86358642578125
2012-07-28 11:00:00,292.7630920410156
2012-07-28 12:00:00,344.2829284667969
2012-07-28 13:00:00,333.1813049316406
2012-07-28 14:00:00,337.15130615234375
2012-07-28 15:00:00,312.08905029296875
2012-07-28 16:00:00,329.986572265625
2012-07-28 17:00:00,356.5672607421875
2012-07-28 18:00:00,324.63140869140625
2012-07-28 19:00:00,233.8529510498047
2012-07-28 20:00:00,186.2611846923828
2012-07-28 21:00:00,189.67880249023438
2012-07-28 22:00:00,148.57603454589844
2012-07-28 23:00:00,115.0624008178711
2012-07-29 00:00:00,112.59833526611328
2012-07-29 01:00:00,95.20584869384766
2012-07-29 02:00:00,84.54505920410156
2012-07-29 03:00:00,34.535579681396484
2012-07-29 04:00:00,8.935675621032715
2012-07-29 05:00:00,8.192479133605957
2012-07-29 06:00:00,13.277396202087402
2012-07-29 07:00:00,33.24233627319336
2012-07-29 08:00:00,89.43333435058594
2012-07-29 09:00:00,152.6744384765625
2012-07-29 10:00:00,253.63548278808594
2012-07-29 11:00:00,358.9231262207031
2012-07-29 12:00:00,415.91455078125
2012-07-29 13:00:00,382.721435546875
2012-07-29 14:00:00,367.56829833984375
2012-07-29 15:00:00,299.10748291015625
2012-07-29 16:00:00,390.08184814453125
2012-07-29 17:00:00,349.4072570800781
2012-07-29 18:00:00,320.6227722167969
2012-07-29 19:00:00,250.10455322265625
2012-07-29 20:00:00,214.20819091796875
2012-07-29 21:00:00,164.83840942382812
2012-07-29 22:00:00,127.99192810058594
2012-07-29 23:00:00,91.86408996582031
2012-07-30 00:00:00,50.515811920166016
2012-07-30 01:00:00,22.917259216308594
2012-07-30 02:00:00,10.714611053466797
2012-07-30 03:00:00,4.415381908416748
2012-07-30 04:00:00,4.731723308563232
2012-07-30 05:00:00,28.005334854125977
2012-07-30 06:00:00,120.58990478515625
2012-07-30 07:00:00,394.5274963378906
2012-07-30 08:00:00,527.3602294921875
2012-07-30 09:00:00,270.7256774902344
2012-07-30 10:00:00,190.91671752929688
2012-07-30 11:00:00,218.10000610351562
2012-07-30 12:00:00,299.6936340332031
2012-07-30 13:00:00,290.61865234375
2012-07-30 14:00:00,275.89666748046875
2012-07-30 15:00:00,289.07080078125
2012-07-30 16:00:00,423.95501708984375
2012-07-30 17:00:00,863.5263061523438
2012-07-30 18:00:00,845.34228515625
2012-07-30 19:00:00,544.3614501953125
2012-07-30 20:00:00,399.0805358886719
2012-07-30 21:00:00,303.3139953613281
2012-07-30 22:00:00,161.02279663085938
2012-07-30 23:00:00,123.6259536743164
2012-07-31 00:00:00,31.411853790283203
2012-07-31 01:00:00,10.05081558227539
2012-07-31 02:00:00,5.649903297424316
2012-07-31 03:00:00,2.811018466949463
2012-07-31 04:00:00,3.6720337867736816
2012-07-31 05:00:00,25.797033309936523
2012-07-31 06:00:00,112.8324203491211
2012-07-31 07:00:00,330.7294921875
2012-07-31 08:00:00,514.1048583984375
2012-07-31 09:00:00,230.450927734375
2012-07-31 10:00:00,144.8538360595703
2012-07-31 11:00:00,159.29476928710938
2012-07-31 12:00:00,206.95391845703125
2012-07-31 13:00:00,202.83314514160156
2012-07-31 14:00:00,202.73277282714844
2012-07-31 15:00:00,180.2244110107422
2012-07-31 16:00:00,301.0625915527344
2012-07-31 17:00:00,691.375
2012-07-31 18:00:00,661.1322021484375
2012-07-31 19:00:00,304.6514892578125
2012-07-31 20:00:00,226.47103881835938
2012-07-31 21:00:00,223.63381958007812
2012-07-31 22:00:00,155.54922485351562
2012-07-31 23:00:00,74.44243621826172
2012-08-20 00:00:00,19.742324829101562
2012-08-20 01:00:00,11.129060745239258
2012-08-20 02:00:00,4.995698928833008
2012-08-20 03:00:00,3.826671600341797
2012-08-20 04:00:00,5.251399517059326
2012-08-20 05:00:00,21.393203735351562
2012-08-20 06:00:00,89.88434600830078
2012-08-20 07:00:00,246.20599365234375
2012-08-20 08:00:00,403.0697021484375
2012-08-20 09:00:00,250.34173583984375
2012-08-20 10:00:00,154.08523559570312
2012-08-20 11:00:00,177.38067626953125
2012-08-20 12:00:00,222.57717895507812
2012-08-20 13:00:00,216.5374298095703
2012-08-20 14:00:00,208.20130920410156
2012-08-20 15:00:00,194.4836883544922
2012-08-20 16:00:00,344.20965576171875
2012-08-20 17:00:00,711.2252197265625
2012-08-20 18:00:00,473.66400146484375
2012-08-20 19:00:00,337.4361877441406
2012-08-20 20:00:00,217.48040771484375
2012-08-20 21:00:00,184.37266540527344
2012-08-20 22:00:00,86.1171875
2012-08-20 23:00:00,47.585289001464844
2012-08-21 00:00:00,16.9981632232666
2012-08-21 01:00:00,6.950954914093018
2012-08-21 02:00:00,3.6035685539245605
2012-08-21 03:00:00,2.5009984970092773
2012-08-21 04:00:00,3.8674449920654297
2012-08-21 05:00:00,19.838640213012695
2012-08-21 06:00:00,103.15858459472656
2012-08-21 07:00:00,309.461669921875
2012-08-21 08:00:00,458.5041198730469
2012-08-21 09:00:00,231.9446563720703
2012-08-21 10:00:00,144.92979431152344
2012-08-21 11:00:00,156.0781707763672
2012-08-21 12:00:00,219.81326293945312
2012-08-21 13:00:00,202.8515167236328
2012-08-21 14:00:00,221.4060516357422
2012-08-21 15:00:00,211.49807739257812
2012-08-21 16:00:00,335.49554443359375
2012-08-21 17:00:00,683.8400268554688
2012-08-21 18:00:00,706.8009033203125
2012-08-21 19:00:00,218.3188934326172
2012-08-21 20:00:00,255.97842407226562
2012-08-21 21:00:00,166.36671447753906
2012-08-21 22:00:00,102.28697204589844
2012-08-21 23:00:00,60.3138313293457
2012-08-22 00:00:00,37.2403450012207
2012-08-22 01:00:00,15.010116577148438
2012-08-22 02:00:00,6.809505939483643
2012-08-22 03:00:00,5.494028091430664
2012-08-22 04:00:00,6.622548580169678
2012-08-22 05:00:00,40.5821647644043
2012-08-22 06:00:00,172.33551025390625
2012-08-22 07:00:00,523.6651000976562
2012-08-22 08:00:00,798.4783935546875
2012-08-22 09:00:00,365.2047119140625
2012-08-22 10:00:00,196.8583526611328
2012-08-22 11:00:00,252.9232635498047
2012-08-22 12:00:00,311.55352783203125
2012-08-22 13:00:00,266.7320861816406
2012-08-22 14:00:00,265.0198669433594
2012-08-22 15:00:00,271.763427734375
2012-08-22 16:00:00,325.8067932128906
2012-08-22 17:00:00,607.1026000976562
2012-08-22 18:00:00,622.3672485351562
2012-08-22 19:00:00,518.6994018554688
2012-08-22 20:00:00,424.8822937011719
2012-08-22 21:00:00,282.9993591308594
2012-08-22 22:00:00,201.06732177734375
2012-08-22 23:00:00,103.07537078857422
2012-08-23 00:00:00,39.7507209777832
2012-08-23 01:00:00,15.101554870605469
2012-08-23 02:00:00,6.393823146820068
2012-08-23 03:00:00,4.497852802276611
2012-08-23 04:00:00,3.775702953338623
2012-08-23 05:00:00,25.701740264892578
2012-08-23 06:00:00,97.89923095703125
2012-08-23 07:00:00,302.4056701660156
2012-08-23 08:00:00,437.5447082519531
2012-08-23 09:00:00,226.21737670898438
2012-08-23 10:00:00,128.0909881591797
2012-08-23 11:00:00,173.9507598876953
2012-08-23 12:00:00,209.32095336914062
2012-08-23 13:00:00,188.20420837402344
2012-08-23 14:00:00,171.80487060546875
2012-08-23 15:00:00,188.3441925048828
2012-08-23 16:00:00,325.0700378417969
2012-08-23 17:00:00,621.3176879882812
2012-08-23 18:00:00,621.2280883789062
2012-08-23 19:00:00,412.1837463378906
2012-08-23 20:00:00,316.9738464355469
2012-08-23 21:00:00,238.39151000976562
2012-08-23 22:00:00,145.86962890625
2012-08-23 23:00:00,82.07315826416016
2012-08-24 00:00:00,54.805423736572266
2012-08-24 01:00:00,22.238483428955078
2012-08-24 02:00:00,13.306536674499512
2012-08-24 03:00:00,6.3593621253967285
2012-08-24 04:00:00,6.426815509796143
2012-08-24 05:00:00,26.17637062072754
2012-08-24 06:00:00,97.47533416748047
2012-08-24 07:00:00,282.8360900878906
2012-08-24 08:00:00,453.12237548828125
2012-08-24 09:00:00,281.3369445800781
2012-08-24 10:00:00,173.9391632080078
2012-08-24 11:00:00,227.38430786132812
2012-08-24 12:00:00,301.249755859375
2012-08-24 13:00:00,320.25872802734375
2012-08-24 14:00:00,262.0485534667969
2012-08-24 15:00:00,265.59320068359375
2012-08-24 16:00:00,399.6587829589844
2012-08-24 17:00:00,665.9490356445312
2012-08-24 18:00:00,528.1766357421875
2012-08-24 19:00:00,380.7731628417969
2012-08-24 20:00:00,274.23065185546875
2012-08-24 21:00:00,205.4271240234375
2012-08-24 22:00:00,153.84124755859375
2012-08-24 23:00:00,102.12063598632812
2012-08-25 00:00:00,126.8108139038086
2012-08-25 01:00:00,92.37120056152344
2012-08-25 02:00:00,57.65492248535156
2012-08-25 03:00:00,29.476633071899414
2012-08-25 04:00:00,10.017525672912598
2012-08-25 05:00:00,10.27505111694336
2012-08-25 06:00:00,16.967041015625
2012-08-25 07:00:00,41.365234375
2012-08-25 08:00:00,122.71361541748047
2012-08-25 09:00:00,228.3582305908203
2012-08-25 10:00:00,358.0872497558594
2012-08-25 11:00:00,460.6262512207031
2012-08-25 12:00:00,368.5726318359375
2012-08-25 13:00:00,502.768798828125
2012-08-25 14:00:00,358.7115783691406
2012-08-25 15:00:00,389.4036560058594
2012-08-25 16:00:00,411.8076171875
2012-08-25 17:00:00,360.2718811035156
2012-08-25 18:00:00,332.0951843261719
2012-08-25 19:00:00,266.5696105957031
2012-08-25 20:00:00,132.48849487304688
2012-08-25 21:00:00,152.95233154296875
2012-08-25 22:00:00,137.5672149658203
2012-08-25 23:00:00,99.3535385131836
2012-08-26 00:00:00,85.20748901367188
2012-08-26 01:00:00,69.10397338867188
2012-08-26 02:00:00,49.973838806152344
2012-08-26 03:00:00,24.425159454345703
2012-08-26 04:00:00,8.434091567993164
2012-08-26 05:00:00,8.239432334899902
2012-08-26 06:00:00,11.491143226623535
2012-08-26 07:00:00,27.666744232177734
2012-08-26 08:00:00,64.0815200805664
2012-08-26 09:00:00,120.24681091308594
2012-08-26 10:00:00,245.4601287841797
2012-08-26 11:00:00,329.1955261230469
2012-08-26 12:00:00,248.2552490234375
2012-08-26 13:00:00,199.51766967773438
2012-08-26 14:00:00,249.21253967285156
2012-08-26 15:00:00,127.17742919921875
2012-08-26 16:00:00,177.3809356689453
2012-08-26 17:00:00,207.0167999267578
2012-08-26 18:00:00,131.3681640625
2012-08-26 19:00:00,117.67822265625
2012-08-26 20:00:00,119.39674377441406
2012-08-26 21:00:00,103.61138153076172
2012-08-26 22:00:00,64.93328857421875
2012-08-26 23:00:00,49.41318893432617
2012-08-27 00:00:00,17.978307723999023
2012-08-27 01:00:00,8.121362686157227
2012-08-27 02:00:00,4.334316253662109
2012-08-27 03:00:00,2.3117551803588867
2012-08-27 04:00:00,3.6077494621276855
2012-08-27 05:00:00,15.785350799560547
2012-08-27 06:00:00,64.71693420410156
2012-08-27 07:00:00,194.265869140625
2012-08-27 08:00:00,311.4587707519531
2012-08-27 09:00:00,175.7195281982422
2012-08-27 10:00:00,120.96135711669922
2012-08-27 11:00:00,129.5202178955078
2012-08-27 12:00:00,173.4149932861328
2012-08-27 13:00:00,165.2760467529297
2012-08-27 14:00:00,155.40902709960938
2012-08-27 15:00:00,150.30433654785156
2012-08-27 16:00:00,235.2965087890625
2012-08-27 17:00:00,461.9649963378906
2012-08-27 18:00:00,548.3694458007812
2012-08-27 19:00:00,328.38958740234375
2012-08-27 20:00:00,261.7676086425781
2012-08-27 21:00:00,155.73834228515625
2012-08-27 22:00:00,89.96012878417969
2012-08-27 23:00:00,59.59741973876953
2012-08-28 00:00:00,27.83612632751465
2012-08-28 01:00:00,10.721503257751465
2012-08-28 02:00:00,6.062780857086182
2012-08-28 03:00:00,3.7090139389038086
2012-08-28 04:00:00,4.879700660705566
2012-08-28 05:00:00,25.10773468017578
2012-08-28 06:00:00,103.18142700195312
2012-08-28 07:00:00,305.5552673339844
2012-08-28 08:00:00,463.4942932128906
2012-08-28 09:00:00,248.16920471191406
2012-08-28 10:00:00,174.97021484375
2012-08-28 11:00:00,191.47943115234375
2012-08-28 12:00:00,266.9555969238281
2012-08-28 13:00:00,235.54554748535156
2012-08-28 14:00:00,218.64698791503906
2012-08-28 15:00:00,221.37254333496094
2012-08-28 16:00:00,408.197265625
2012-08-28 17:00:00,754.3750610351562
2012-08-28 18:00:00,866.628173828125
2012-08-28 19:00:00,511.53790283203125
2012-08-28 20:00:00,365.6352233886719
2012-08-28 21:00:00,278.728515625
2012-08-28 22:00:00,173.53346252441406
2012-08-28 23:00:00,86.95037841796875
2012-08-29 00:00:00,50.05703353881836
2012-08-29 01:00:00,21.21336555480957
2012-08-29 02:00:00,9.833516120910645
2012-08-29 03:00:00,7.142605781555176
2012-08-29 04:00:00,7.139054298400879
2012-08-29 05:00:00,50.32615661621094
2012-08-29 06:00:00,177.82830810546875
2012-08-29 07:00:00,475.6156311035156
2012-08-29 08:00:00,803.07421875
2012-08-29 09:00:00,415.25286865234375
2012-08-29 10:00:00,216.03140258789062
2012-08-29 11:00:00,258.3475036621094
2012-08-29 12:00:00,339.36029052734375
2012-08-29 13:00:00,284.00885009765625
2012-08-29 14:00:00,302.3138122558594
2012-08-29 15:00:00,315.3191223144531
2012-08-29 16:00:00,533.0927734375
2012-08-29 17:00:00,964.8041381835938
2012-08-29 18:00:00,1093.2376708984375
2012-08-29 19:00:00,720.817138671875
2012-08-29 20:00:00,495.460205078125
2012-08-29 21:00:00,384.0697326660156
2012-08-29 22:00:00,223.4447479248047
2012-08-29 23:00:00,148.3456268310547
2012-08-30 00:00:00,72.59982299804688
2012-08-30 01:00:00,29.28750228881836
2012-08-30 02:00:00,11.92055892944336
2012-08-30 03:00:00,6.399185657501221
2012-08-30 04:00:00,6.982311725616455
2012-08-30 05:00:00,36.66181945800781
2012-08-30 06:00:00,149.4398193359375
2012-08-30 07:00:00,494.514404296875
2012-08-30 08:00:00,691.6616821289062
2012-08-30 09:00:00,358.47393798828125
2012-08-30 10:00:00,204.42703247070312
2012-08-30 11:00:00,287.3929138183594
2012-08-30 12:00:00,364.3887634277344
2012-08-30 13:00:00,337.6686706542969
2012-08-30 14:00:00,283.216796875
2012-08-30 15:00:00,306.78826904296875
2012-08-30 16:00:00,507.202880859375
2012-08-30 17:00:00,905.8707275390625
2012-08-30 18:00:00,939.9719848632812
2012-08-30 19:00:00,637.1140747070312
2012-08-30 20:00:00,485.06170654296875
2012-08-30 21:00:00,352.4614562988281
2012-08-30 22:00:00,223.00296020507812
2012-08-30 23:00:00,155.1776885986328
2012-08-31 00:00:00,60.68326187133789
2012-08-31 01:00:00,24.41997718811035
2012-08-31 02:00:00,9.840005874633789
2012-08-31 03:00:00,5.892373561859131
2012-08-31 04:00:00,6.433851718902588
2012-08-31 05:00:00,28.131114959716797
2012-08-31 06:00:00,99.95805358886719
2012-08-31 07:00:00,284.6241760253906
2012-08-31 08:00:00,506.5117492675781
2012-08-31 09:00:00,259.59210205078125
2012-08-31 10:00:00,176.1974639892578
2012-08-31 11:00:00,220.8605499267578
2012-08-31 12:00:00,291.4465026855469
2012-08-31 13:00:00,280.0082092285156
2012-08-31 14:00:00,246.63294982910156
2012-08-31 15:00:00,245.8052978515625
2012-08-31 16:00:00,366.2730407714844
2012-08-31 17:00:00,613.6675415039062
2012-08-31 18:00:00,631.0444946289062
2012-08-31 19:00:00,397.0461730957031
2012-08-31 20:00:00,332.6007995605469
2012-08-31 21:00:00,233.313232421875
2012-08-31 22:00:00,196.4980010986328
2012-08-31 23:00:00,138.98770141601562
2012-09-20 00:00:00,40.586341857910156
2012-09-20 01:00:00,13.145248413085938
2012-09-20 02:00:00,6.685033321380615
2012-09-20 03:00:00,6.1833391189575195
2012-09-20 04:00:00,4.84345006942749
2012-09-20 05:00:00,38.60774612426758
2012-09-20 06:00:00,139.7136993408203
2012-09-20 07:00:00,479.8948669433594
2012-09-20 08:00:00,686.5358276367188
2012-09-20 09:00:00,304.6156311035156
2012-09-20 10:00:00,175.480712890625
2012-09-20 11:00:00,204.97109985351562
2012-09-20 12:00:00,298.11328125
2012-09-20 13:00:00,271.25732421875
2012-09-20 14:00:00,239.18479919433594
2012-09-20 15:00:00,239.28456115722656
2012-09-20 16:00:00,428.8455810546875
2012-09-20 17:00:00,875.5759887695312
2012-09-20 18:00:00,894.1444702148438
2012-09-20 19:00:00,529.3927612304688
2012-09-20 20:00:00,395.5085144042969
2012-09-20 21:00:00,316.6072692871094
2012-09-20 22:00:00,206.48631286621094
2012-09-20 23:00:00,120.30596923828125
2012-09-21 00:00:00,56.225791931152344
2012-09-21 01:00:00,19.26858901977539
2012-09-21 02:00:00,8.308355331420898
2012-09-21 03:00:00,6.48399019241333
2012-09-21 04:00:00,4.215999126434326
2012-09-21 05:00:00,20.256065368652344
2012-09-21 06:00:00,89.52760314941406
2012-09-21 07:00:00,274.7069396972656
2012-09-21 08:00:00,534.6595458984375
2012-09-21 09:00:00,262.09808349609375
2012-09-21 10:00:00,182.7213897705078
2012-09-21 11:00:00,239.49365234375
2012-09-21 12:00:00,267.3157653808594
2012-09-21 13:00:00,280.7926330566406
2012-09-21 14:00:00,257.7862854003906
2012-09-21 15:00:00,300.0929260253906
2012-09-21 16:00:00,426.1855773925781
2012-09-21 17:00:00,698.3466796875
2012-09-21 18:00:00,597.67431640625
2012-09-21 19:00:00,372.1700744628906
2012-09-21 20:00:00,274.5205993652344
2012-09-21 21:00:00,219.4308624267578
2012-09-21 22:00:00,165.05189514160156
2012-09-21 23:00:00,129.08119201660156
2012-09-22 00:00:00,108.58772277832031
2012-09-22 01:00:00,71.53201293945312
2012-09-22 02:00:00,51.90025329589844
2012-09-22 03:00:00,24.251712799072266
2012-09-22 04:00:00,7.079362869262695
2012-09-22 05:00:00,10.915003776550293
2012-09-22 06:00:00,19.70203971862793
2012-09-22 07:00:00,53.52638244628906
2012-09-22 08:00:00,122.72434997558594
2012-09-22 09:00:00,178.75315856933594
2012-09-22 10:00:00,344.1015319824219
2012-09-22 11:00:00,404.7496643066406
2012-09-22 12:00:00,466.4784240722656
2012-09-22 13:00:00,437.7637023925781
2012-09-22 14:00:00,433.36822509765625
2012-09-22 15:00:00,389.7703552246094
2012-09-22 16:00:00,447.8909912109375
2012-09-22 17:00:00,393.0433654785156
2012-09-22 18:00:00,380.25286865234375
2012-09-22 19:00:00,322.7924499511719
2012-09-22 20:00:00,247.36590576171875
2012-09-22 21:00:00,191.4056396484375
2012-09-22 22:00:00,185.5550537109375
2012-09-22 23:00:00,119.45606231689453
2012-09-23 00:00:00,75.27897644042969
2012-09-23 01:00:00,55.73617935180664
2012-09-23 02:00:00,40.534725189208984
2012-09-23 03:00:00,26.328561782836914
2012-09-23 04:00:00,5.10623836517334
2012-09-23 05:00:00,7.368131637573242
2012-09-23 06:00:00,10.238909721374512
2012-09-23 07:00:00,30.239133834838867
2012-09-23 08:00:00,69.01431274414062
2012-09-23 09:00:00,132.26055908203125
2012-09-23 10:00:00,204.15225219726562
2012-09-23 11:00:00,274.01617431640625
2012-09-23 12:00:00,293.0042419433594
2012-09-23 13:00:00,290.47503662109375
2012-09-23 14:00:00,286.9525146484375
2012-09-23 15:00:00,287.15771484375
2012-09-23 16:00:00,320.9910583496094
2012-09-23 17:00:00,300.7129211425781
2012-09-23 18:00:00,217.6920928955078
2012-09-23 19:00:00,162.88351440429688
2012-09-23 20:00:00,129.64407348632812
2012-09-23 21:00:00,92.70210266113281
2012-09-23 22:00:00,81.8045425415039
2012-09-23 23:00:00,40.28496170043945
2012-09-24 00:00:00,15.000843048095703
2012-09-24 01:00:00,7.343715667724609
2012-09-24 02:00:00,2.5743536949157715
2012-09-24 03:00:00,2.118438243865967
2012-09-24 04:00:00,2.452754259109497
2012-09-24 05:00:00,16.25164222717285
2012-09-24 06:00:00,61.468990325927734
2012-09-24 07:00:00,235.54306030273438
2012-09-24 08:00:00,381.94329833984375
2012-09-24 09:00:00,174.1033935546875
2012-09-24 10:00:00,95.81607055664062
2012-09-24 11:00:00,109.8847427368164
2012-09-24 12:00:00,150.802978515625
2012-09-24 13:00:00,139.2442626953125
2012-09-24 14:00:00,118.12062072753906
2012-09-24 15:00:00,115.75619506835938
2012-09-24 16:00:00,209.3124237060547
2012-09-24 17:00:00,364.99871826171875
2012-09-24 18:00:00,373.2917175292969
2012-09-24 19:00:00,231.17982482910156
2012-09-24 20:00:00,159.6905059814453
2012-09-24 21:00:00,108.74067687988281
2012-09-24 22:00:00,72.24394226074219
2012-09-24 23:00:00,35.192405700683594
2012-09-25 00:00:00,12.34325885772705
2012-09-25 01:00:00,5.038491725921631
2012-09-25 02:00:00,1.6736433506011963
2012-09-25 03:00:00,1.3126890659332275
2012-09-25 04:00:00,1.8536334037780762
2012-09-25 05:00:00,16.28618049621582
2012-09-25 06:00:00,69.47698974609375
2012-09-25 07:00:00,200.04595947265625
2012-09-25 08:00:00,318.93304443359375
2012-09-25 09:00:00,155.36868286132812
2012-09-25 10:00:00,90.3285903930664
2012-09-25 11:00:00,107.27892303466797
2012-09-25 12:00:00,141.70468139648438
2012-09-25 13:00:00,125.77809143066406
2012-09-25 14:00:00,127.46287536621094
2012-09-25 15:00:00,136.95152282714844
2012-09-25 16:00:00,232.41754150390625
2012-09-25 17:00:00,423.2016906738281
2012-09-25 18:00:00,471.43304443359375
2012-09-25 19:00:00,291.9953308105469
2012-09-25 20:00:00,193.48300170898438
2012-09-25 21:00:00,148.84445190429688
2012-09-25 22:00:00,106.74507904052734
2012-09-25 23:00:00,49.61737823486328
2012-09-26 00:00:00,23.079059600830078
2012-09-26 01:00:00,8.108115196228027
2012-09-26 02:00:00,3.2283921241760254
2012-09-26 03:00:00,2.748460054397583
2012-09-26 04:00:00,3.792006492614746
2012-09-26 05:00:00,24.93891716003418
2012-09-26 06:00:00,106.23688507080078
2012-09-26 07:00:00,287.7135009765625
2012-09-26 08:00:00,463.4418029785156
2012-09-26 09:00:00,198.87530517578125
2012-09-26 10:00:00,113.57389831542969
2012-09-26 11:00:00,152.23414611816406
2012-09-26 12:00:00,166.7163848876953
2012-09-26 13:00:00,144.34486389160156
2012-09-26 14:00:00,149.94813537597656
2012-09-26 15:00:00,170.75860595703125
2012-09-26 16:00:00,270.5663757324219
2012-09-26 17:00:00,479.13714599609375
2012-09-26 18:00:00,548.2416381835938
2012-09-26 19:00:00,361.8302917480469
2012-09-26 20:00:00,254.69927978515625
2012-09-26 21:00:00,182.81698608398438
2012-09-26 22:00:00,63.262779235839844
2012-09-26 23:00:00,46.15193176269531
2012-09-27 00:00:00,26.33075714111328
2012-09-27 01:00:00,8.520127296447754
2012-09-27 02:00:00,4.592995643615723
2012-09-27 03:00:00,3.563225746154785
2012-09-27 04:00:00,2.8604354858398438
2012-09-27 05:00:00,24.302082061767578
2012-09-27 06:00:00,84.14193725585938
2012-09-27 07:00:00,254.38392639160156
2012-09-27 08:00:00,376.3467712402344
2012-09-27 09:00:00,164.29879760742188
2012-09-27 10:00:00,95.0586166381836
2012-09-27 11:00:00,126.56616973876953
2012-09-27 12:00:00,153.042724609375
2012-09-27 13:00:00,135.22047424316406
2012-09-27 14:00:00,118.65751647949219
2012-09-27 15:00:00,124.24224090576172
2012-09-27 16:00:00,205.06678771972656
2012-09-27 17:00:00,301.554443359375
2012-09-27 18:00:00,315.71075439453125
2012-09-27 19:00:00,285.58831787109375
2012-09-27 20:00:00,183.83628845214844
2012-09-27 21:00:00,65.55950164794922
2012-09-27 22:00:00,50.859127044677734
2012-09-27 23:00:00,31.800350189208984
2012-09-28 00:00:00,20.098474502563477
2012-09-28 01:00:00,9.055996894836426
2012-09-28 02:00:00,5.25470495223999
2012-09-28 03:00:00,4.644392490386963
2012-09-28 04:00:00,3.615023136138916
2012-09-28 05:00:00,21.21022605895996
2012-09-28 06:00:00,69.8450927734375
2012-09-28 07:00:00,191.20693969726562
2012-09-28 08:00:00,383.71826171875
2012-09-28 09:00:00,146.12905883789062
2012-09-28 10:00:00,86.81201171875
2012-09-28 11:00:00,126.5858154296875
2012-09-28 12:00:00,232.8059844970703
2012-09-28 13:00:00,227.1624755859375
2012-09-28 14:00:00,184.75234985351562
2012-09-28 15:00:00,199.76451110839844
2012-09-28 16:00:00,334.0158996582031
2012-09-28 17:00:00,585.1516723632812
2012-09-28 18:00:00,491.2017822265625
2012-09-28 19:00:00,213.01966857910156
2012-09-28 20:00:00,163.74105834960938
2012-09-28 21:00:00,110.32563781738281
2012-09-28 22:00:00,132.58554077148438
2012-09-28 23:00:00,81.59183502197266
2012-09-29 00:00:00,84.55028533935547
2012-09-29 01:00:00,62.601707458496094
2012-09-29 02:00:00,37.22213363647461
2012-09-29 03:00:00,18.779891967773438
2012-09-29 04:00:00,5.450938701629639
2012-09-29 05:00:00,7.123146057128906
2012-09-29 06:00:00,15.755844116210938
2012-09-29 07:00:00,41.61948013305664
2012-09-29 08:00:00,90.27996063232422
2012-09-29 09:00:00,147.7288360595703
2012-09-29 10:00:00,248.81448364257812
2012-09-29 11:00:00,331.4528503417969
2012-09-29 12:00:00,395.80450439453125
2012-09-29 13:00:00,364.8111572265625
2012-09-29 14:00:00,371.0885009765625
2012-09-29 15:00:00,358.16259765625
2012-09-29 16:00:00,372.2837829589844
2012-09-29 17:00:00,320.0250549316406
2012-09-29 18:00:00,250.41342163085938
2012-09-29 19:00:00,192.09359741210938
2012-09-29 20:00:00,142.322998046875
2012-09-29 21:00:00,123.84078979492188
2012-09-29 22:00:00,103.22789001464844
2012-09-29 23:00:00,80.03199005126953
2012-09-30 00:00:00,110.35138702392578
2012-09-30 01:00:00,81.14134979248047
2012-09-30 02:00:00,50.03151321411133
2012-09-30 03:00:00,29.968425750732422
2012-09-30 04:00:00,7.485627174377441
2012-09-30 05:00:00,9.431641578674316
2012-09-30 06:00:00,11.65817928314209
2012-09-30 07:00:00,35.37202835083008
2012-09-30 08:00:00,82.81681823730469
2012-09-30 09:00:00,184.96185302734375
2012-09-30 10:00:00,342.7571105957031
2012-09-30 11:00:00,487.85931396484375
2012-09-30 12:00:00,539.8231201171875
2012-09-30 13:00:00,540.5781860351562
2012-09-30 14:00:00,486.4738464355469
2012-09-30 15:00:00,519.5781860351562
2012-09-30 16:00:00,540.7096557617188
2012-09-30 17:00:00,513.6410522460938
2012-09-30 18:00:00,261.3171691894531
2012-09-30 19:00:00,131.9991455078125
2012-09-30 20:00:00,86.56356048583984
2012-09-30 21:00:00,130.1241912841797
2012-09-30 22:00:00,94.61848449707031
2012-09-30 23:00:00,58.63095474243164
2012-10-20 00:00:00,98.5665054321289
2012-10-20 01:00:00,82.39996337890625
2012-10-20 02:00:00,42.61943054199219
2012-10-20 03:00:00,18.47426414489746
2012-10-20 04:00:00,9.290496826171875
2012-10-20 05:00:00,10.2030668258667
2012-10-20 06:00:00,22.113069534301758
2012-10-20 07:00:00,55.41813659667969
2012-10-20 08:00:00,149.1275177001953
2012-10-20 09:00:00,252.2537384033203
2012-10-20 10:00:00,323.58331298828125
2012-10-20 11:00:00,486.5566101074219
2012-10-20 12:00:00,527.4808959960938
2012-10-20 13:00:00,551.9249267578125
2012-10-20 14:00:00,496.7995300292969
2012-10-20 15:00:00,461.93365478515625
2012-10-20 16:00:00,558.4591674804688
2012-10-20 17:00:00,465.1343994140625
2012-10-20 18:00:00,378.9003601074219
2012-10-20 19:00:00,278.3752746582031
2012-10-20 20:00:00,208.49240112304688
2012-10-20 21:00:00,178.04144287109375
2012-10-20 22:00:00,151.0390625
2012-10-20 23:00:00,127.65087890625
2012-10-21 00:00:00,82.4515609741211
2012-10-21 01:00:00,74.94261169433594
2012-10-21 02:00:00,46.227752685546875
2012-10-21 03:00:00,24.914630889892578
2012-10-21 04:00:00,7.345871925354004
2012-10-21 05:00:00,7.300524711608887
2012-10-21 06:00:00,11.858285903930664
2012-10-21 07:00:00,30.930374145507812
2012-10-21 08:00:00,76.08621215820312
2012-10-21 09:00:00,149.0069580078125
2012-10-21 10:00:00,256.8177185058594
2012-10-21 11:00:00,343.25164794921875
2012-10-21 12:00:00,413.11553955078125
2012-10-21 13:00:00,408.234130859375
2012-10-21 14:00:00,385.9152526855469
2012-10-21 15:00:00,390.7380676269531
2012-10-21 16:00:00,372.86895751953125
2012-10-21 17:00:00,339.3988952636719
2012-10-21 18:00:00,267.3208923339844
2012-10-21 19:00:00,210.92990112304688
2012-10-21 20:00:00,138.41839599609375
2012-10-21 21:00:00,108.92131042480469
2012-10-21 22:00:00,82.20405578613281
2012-10-21 23:00:00,61.25458908081055
2012-10-22 00:00:00,28.333026885986328
2012-10-22 01:00:00,13.923332214355469
2012-10-22 02:00:00,4.838122844696045
2012-10-22 03:00:00,4.366196632385254
2012-10-22 04:00:00,6.241003513336182
2012-10-22 05:00:00,32.92609405517578
2012-10-22 06:00:00,144.2940673828125
2012-10-22 07:00:00,376.7693176269531
2012-10-22 08:00:00,523.7183837890625
2012-10-22 09:00:00,296.0086669921875
2012-10-22 10:00:00,170.57156372070312
2012-10-22 11:00:00,232.6171875
2012-10-22 12:00:00,286.76788330078125
2012-10-22 13:00:00,254.9744873046875
2012-10-22 14:00:00,260.99603271484375
2012-10-22 15:00:00,287.2896423339844
2012-10-22 16:00:00,452.7003173828125
2012-10-22 17:00:00,735.8241577148438
2012-10-22 18:00:00,605.8385009765625
2012-10-22 19:00:00,491.34100341796875
2012-10-22 20:00:00,327.0076599121094
2012-10-22 21:00:00,204.41400146484375
2012-10-22 22:00:00,125.54411315917969
2012-10-22 23:00:00,75.22988891601562
2012-10-23 00:00:00,14.834630966186523
2012-10-23 01:00:00,7.804740905761719
2012-10-23 02:00:00,2.3876571655273438
2012-10-23 03:00:00,2.3342812061309814
2012-10-23 04:00:00,2.951603412628174
2012-10-23 05:00:00,18.658052444458008
2012-10-23 06:00:00,85.54791259765625
2012-10-23 07:00:00,213.61770629882812
2012-10-23 08:00:00,299.21368408203125
2012-10-23 09:00:00,157.6726837158203
2012-10-23 10:00:00,110.87769317626953
2012-10-23 11:00:00,142.95709228515625
2012-10-23 12:00:00,190.51675415039062
2012-10-23 13:00:00,168.3953857421875
2012-10-23 14:00:00,196.92922973632812
2012-10-23 15:00:00,212.28797912597656
2012-10-23 16:00:00,305.263916015625
2012-10-23 17:00:00,492.1405334472656
2012-10-23 18:00:00,464.1800842285156
2012-10-23 19:00:00,349.7292175292969
2012-10-23 20:00:00,244.9529571533203
2012-10-23 21:00:00,151.79965209960938
2012-10-23 22:00:00,114.55689239501953
2012-10-23 23:00:00,51.66537857055664
2012-10-24 00:00:00,31.530052185058594
2012-10-24 01:00:00,13.658644676208496
2012-10-24 02:00:00,5.082681179046631
2012-10-24 03:00:00,3.569216251373291
2012-10-24 04:00:00,4.976006507873535
2012-10-24 05:00:00,27.345481872558594
2012-10-24 06:00:00,125.86251068115234
2012-10-24 07:00:00,357.2787780761719
2012-10-24 08:00:00,457.80242919921875
2012-10-24 09:00:00,221.51361083984375
2012-10-24 10:00:00,108.43096923828125
2012-10-24 11:00:00,159.37841796875
2012-10-24 12:00:00,203.5517120361328
2012-10-24 13:00:00,203.94174194335938
2012-10-24 14:00:00,250.96585083007812
2012-10-24 15:00:00,231.71762084960938
2012-10-24 16:00:00,433.55859375
2012-10-24 17:00:00,582.5592041015625
2012-10-24 18:00:00,586.2337646484375
2012-10-24 19:00:00,388.1205139160156
2012-10-24 20:00:00,249.4473419189453
2012-10-24 21:00:00,180.03448486328125
2012-10-24 22:00:00,124.01419830322266
2012-10-24 23:00:00,60.55703353881836
2012-10-25 00:00:00,37.84101486206055
2012-10-25 01:00:00,19.89388084411621
2012-10-25 02:00:00,6.538017272949219
2012-10-25 03:00:00,3.086434841156006
2012-10-25 04:00:00,5.046640396118164
2012-10-25 05:00:00,25.487789154052734
2012-10-25 06:00:00,118.56261444091797
2012-10-25 07:00:00,250.25450134277344
2012-10-25 08:00:00,391.5863037109375
2012-10-25 09:00:00,186.87876892089844
2012-10-25 10:00:00,98.87948608398438
2012-10-25 11:00:00,124.99956512451172
2012-10-25 12:00:00,160.90000915527344
2012-10-25 13:00:00,137.70411682128906
2012-10-25 14:00:00,161.25094604492188
2012-10-25 15:00:00,190.6870574951172
2012-10-25 16:00:00,288.8155822753906
2012-10-25 17:00:00,537.747802734375
2012-10-25 18:00:00,360.5993347167969
2012-10-25 19:00:00,271.4163818359375
2012-10-25 20:00:00,180.17144775390625
2012-10-25 21:00:00,122.28184509277344
2012-10-25 22:00:00,114.11994171142578
2012-10-25 23:00:00,56.81708526611328
2012-10-26 00:00:00,40.567970275878906
2012-10-26 01:00:00,13.276388168334961
2012-10-26 02:00:00,5.294943809509277
2012-10-26 03:00:00,3.922701835632324
2012-10-26 04:00:00,6.990804195404053
2012-10-26 05:00:00,24.386890411376953
2012-10-26 06:00:00,103.53428649902344
2012-10-26 07:00:00,228.29490661621094
2012-10-26 08:00:00,356.0263366699219
2012-10-26 09:00:00,153.9705810546875
2012-10-26 10:00:00,85.03730773925781
2012-10-26 11:00:00,137.50326538085938
2012-10-26 12:00:00,199.32977294921875
2012-10-26 13:00:00,199.26893615722656
2012-10-26 14:00:00,184.40892028808594
2012-10-26 15:00:00,205.49122619628906
2012-10-26 16:00:00,260.2209777832031
2012-10-26 17:00:00,433.748046875
2012-10-26 18:00:00,334.77587890625
2012-10-26 19:00:00,200.19297790527344
2012-10-26 20:00:00,161.69921875
2012-10-26 21:00:00,128.3344268798828
2012-10-26 22:00:00,99.50955963134766
2012-10-26 23:00:00,96.60826873779297
2012-10-27 00:00:00,65.43460083007812
2012-10-27 01:00:00,45.895694732666016
2012-10-27 02:00:00,33.33363342285156
2012-10-27 03:00:00,14.562808990478516
2012-10-27 04:00:00,5.378198146820068
2012-10-27 05:00:00,6.12208366394043
2012-10-27 06:00:00,16.655202865600586
2012-10-27 07:00:00,42.35792541503906
2012-10-27 08:00:00,81.35257720947266
2012-10-27 09:00:00,113.59001159667969
2012-10-27 10:00:00,196.76214599609375
2012-10-27 11:00:00,303.51953125
2012-10-27 12:00:00,366.3590393066406
2012-10-27 13:00:00,347.17059326171875
2012-10-27 14:00:00,343.6742858886719
2012-10-27 15:00:00,274.19927978515625
2012-10-27 16:00:00,265.7132263183594
2012-10-27 17:00:00,212.08303833007812
2012-10-27 18:00:00,178.50888061523438
2012-10-27 19:00:00,137.7375946044922
2012-10-27 20:00:00,100.34632873535156
2012-10-27 21:00:00,76.66962432861328
2012-10-27 22:00:00,78.47833251953125
2012-10-27 23:00:00,54.606178283691406
2012-10-28 00:00:00,66.10076141357422
2012-10-28 01:00:00,68.6384048461914
2012-10-28 02:00:00,56.78205871582031
2012-10-28 03:00:00,27.740427017211914
2012-10-28 04:00:00,8.33008098602295
2012-10-28 05:00:00,7.678356170654297
2012-10-28 06:00:00,14.106078147888184
2012-10-28 07:00:00,34.67298889160156
2012-10-28 08:00:00,91.24613189697266
2012-10-28 09:00:00,161.59373474121094
2012-10-28 10:00:00,241.6570587158203
2012-10-28 11:00:00,293.7476501464844
2012-10-28 12:00:00,338.32769775390625
2012-10-28 13:00:00,335.34027099609375
2012-10-28 14:00:00,336.5462341308594
2012-10-28 15:00:00,265.7193298339844
2012-10-28 16:00:00,215.90011596679688
2012-10-28 17:00:00,155.6420440673828
2012-10-28 18:00:00,86.37615966796875
2012-10-28 19:00:00,72.94452667236328
2012-10-28 20:00:00,53.9384880065918
2012-10-28 21:00:00,51.72672653198242
2012-10-28 22:00:00,40.05797576904297
2012-10-28 23:00:00,23.990795135498047
2012-10-29 00:00:00,16.09475326538086
2012-10-30 13:00:00,90.02426147460938
2012-10-30 14:00:00,73.89108276367188
2012-10-30 15:00:00,74.72445678710938
2012-10-30 16:00:00,121.66455841064453
2012-10-30 17:00:00,258.5359191894531
2012-10-30 18:00:00,284.09814453125
2012-10-30 19:00:00,389.3353271484375
2012-10-30 20:00:00,194.3639373779297
2012-10-30 21:00:00,131.78736877441406
2012-10-30 22:00:00,111.68281555175781
2012-10-30 23:00:00,57.92266082763672
2012-10-31 00:00:00,19.08036994934082
2012-10-31 01:00:00,8.510686874389648
2012-10-31 02:00:00,3.303391933441162
2012-10-31 03:00:00,3.5207276344299316
2012-10-31 04:00:00,5.1569905281066895
2012-10-31 05:00:00,26.14354133605957
2012-10-31 06:00:00,113.25800323486328
2012-10-31 07:00:00,218.6363067626953
2012-10-31 08:00:00,420.5376281738281
2012-10-31 09:00:00,223.5175323486328
2012-10-31 10:00:00,130.53575134277344
2012-10-31 11:00:00,126.38655090332031
2012-10-31 12:00:00,193.5556182861328
2012-10-31 13:00:00,183.05081176757812
2012-10-31 14:00:00,152.83448791503906
2012-10-31 15:00:00,181.04408264160156
2012-10-31 16:00:00,249.33187866210938
2012-10-31 17:00:00,531.7409057617188
2012-10-31 18:00:00,498.1417541503906
2012-10-31 19:00:00,312.59808349609375
2012-10-31 20:00:00,220.8013153076172
2012-10-31 21:00:00,154.7393035888672
2012-10-31 22:00:00,110.35478210449219
2012-10-31 23:00:00,59.51021957397461
2012-11-20 00:00:00,17.404123306274414
2012-11-20 01:00:00,8.634974479675293
2012-11-20 02:00:00,2.944540023803711
2012-11-20 03:00:00,3.1378870010375977
2012-11-20 04:00:00,4.491115570068359
2012-11-20 05:00:00,24.545881271362305
2012-11-20 06:00:00,107.12212371826172
2012-11-20 07:00:00,340.1556396484375
2012-11-20 08:00:00,524.0224609375
2012-11-20 09:00:00,222.3830108642578
2012-11-20 10:00:00,114.88306427001953
2012-11-20 11:00:00,134.76434326171875
2012-11-20 12:00:00,151.29904174804688
2012-11-20 13:00:00,155.03379821777344
2012-11-20 14:00:00,146.34542846679688
2012-11-20 15:00:00,160.46881103515625
2012-11-20 16:00:00,236.22372436523438
2012-11-20 17:00:00,423.5341796875
2012-11-20 18:00:00,465.9335021972656
2012-11-20 19:00:00,272.61785888671875
2012-11-20 20:00:00,179.54078674316406
2012-11-20 21:00:00,153.24147033691406
2012-11-20 22:00:00,100.79214477539062
2012-11-20 23:00:00,49.00947952270508
2012-11-21 00:00:00,14.573038101196289
2012-11-21 01:00:00,7.091395378112793
2012-11-21 02:00:00,2.462913751602173
2012-11-21 03:00:00,2.2658352851867676
2012-11-21 04:00:00,2.9240212440490723
2012-11-21 05:00:00,18.920740127563477
2012-11-21 06:00:00,74.7192611694336
2012-11-21 07:00:00,253.91818237304688
2012-11-21 08:00:00,419.52398681640625
2012-11-21 09:00:00,205.76602172851562
2012-11-21 10:00:00,106.73059844970703
2012-11-21 11:00:00,137.45816040039062
2012-11-21 12:00:00,178.78170776367188
2012-11-21 13:00:00,158.0957489013672
2012-11-21 14:00:00,134.6404266357422
2012-11-21 15:00:00,148.66258239746094
2012-11-21 16:00:00,224.25917053222656
2012-11-21 17:00:00,414.5946044921875
2012-11-21 18:00:00,408.1748352050781
2012-11-21 19:00:00,253.3771209716797
2012-11-21 20:00:00,166.36032104492188
2012-11-21 21:00:00,113.6303482055664
2012-11-21 22:00:00,79.24237060546875
2012-11-21 23:00:00,45.05190658569336
2012-11-22 00:00:00,41.36700439453125
2012-11-22 01:00:00,22.059057235717773
2012-11-22 02:00:00,8.425505638122559
2012-11-22 03:00:00,5.104360580444336
2012-11-22 04:00:00,4.574987411499023
2012-11-22 05:00:00,12.56859016418457
2012-11-22 06:00:00,34.44287109375
2012-11-22 07:00:00,106.88558959960938
2012-11-22 08:00:00,206.8651885986328
2012-11-22 09:00:00,205.35391235351562
2012-11-22 10:00:00,190.85595703125
2012-11-22 11:00:00,266.5809631347656
2012-11-22 12:00:00,369.3892822265625
2012-11-22 13:00:00,310.5436706542969
2012-11-22 14:00:00,263.225830078125
2012-11-22 15:00:00,278.7281188964844
2012-11-22 16:00:00,369.82879638671875
2012-11-22 17:00:00,374.6162109375
2012-11-22 18:00:00,328.1650695800781
2012-11-22 19:00:00,222.48785400390625
2012-11-22 20:00:00,175.14979553222656
2012-11-22 21:00:00,143.81936645507812
2012-11-22 22:00:00,102.94493865966797
2012-11-22 23:00:00,67.20055389404297
2012-11-23 00:00:00,30.88599967956543
2012-11-23 01:00:00,15.69601058959961
2012-11-23 02:00:00,7.4027509689331055
2012-11-23 03:00:00,5.8215413093566895
2012-11-23 04:00:00,4.782741069793701
2012-11-23 05:00:00,27.34788703918457
2012-11-23 06:00:00,91.68770599365234
2012-11-23 07:00:00,290.6133728027344
2012-11-23 08:00:00,460.1283874511719
2012-11-23 09:00:00,229.4019775390625
2012-11-23 10:00:00,120.11708068847656
2012-11-23 11:00:00,151.82981872558594
2012-11-23 12:00:00,185.91799926757812
2012-11-23 13:00:00,196.24417114257812
2012-11-23 14:00:00,175.45193481445312
2012-11-23 15:00:00,200.1036834716797
2012-11-23 16:00:00,263.7167663574219
2012-11-23 17:00:00,420.6819763183594
2012-11-23 18:00:00,358.4869689941406
2012-11-23 19:00:00,217.62547302246094
2012-11-23 20:00:00,198.72726440429688
2012-11-23 21:00:00,149.16990661621094
2012-11-23 22:00:00,132.4597930908203
2012-11-23 23:00:00,87.96199798583984
2012-11-24 00:00:00,97.64795684814453
2012-11-24 01:00:00,80.8950424194336
2012-11-24 02:00:00,49.4805908203125
2012-11-24 03:00:00,18.9378662109375
2012-11-24 04:00:00,6.090086460113525
2012-11-24 05:00:00,6.703952312469482
2012-11-24 06:00:00,15.558511734008789
2012-11-24 07:00:00,38.35771560668945
2012-11-24 08:00:00,99.24214935302734
2012-11-24 09:00:00,145.314208984375
2012-11-24 10:00:00,197.01937866210938
2012-11-24 11:00:00,254.4255828857422
2012-11-24 12:00:00,358.9078674316406
2012-11-24 13:00:00,384.2897644042969
2012-11-24 14:00:00,388.1697082519531
2012-11-24 15:00:00,378.7217712402344
2012-11-24 16:00:00,317.4827880859375
2012-11-24 17:00:00,233.67160034179688
2012-11-24 18:00:00,223.2474822998047
2012-11-24 19:00:00,148.7367401123047
2012-11-24 20:00:00,107.10511779785156
2012-11-24 21:00:00,93.28929138183594
2012-11-24 22:00:00,80.33192443847656
2012-11-24 23:00:00,79.39127349853516
2012-11-25 00:00:00,56.74850845336914
2012-11-25 01:00:00,55.1457633972168
2012-11-25 02:00:00,34.618080139160156
2012-11-25 03:00:00,21.31097412109375
2012-11-25 04:00:00,7.084602355957031
2012-11-25 05:00:00,5.068272113800049
2012-11-25 06:00:00,7.854827880859375
2012-11-25 07:00:00,22.01578140258789
2012-11-25 08:00:00,67.51689147949219
2012-11-25 09:00:00,105.63346099853516
2012-11-25 10:00:00,203.00350952148438
2012-11-25 11:00:00,212.50888061523438
2012-11-25 12:00:00,281.9585266113281
2012-11-25 13:00:00,308.7557373046875
2012-11-25 14:00:00,252.96298217773438
2012-11-25 15:00:00,255.46759033203125
2012-11-25 16:00:00,297.7335510253906
2012-11-25 17:00:00,197.1226043701172
2012-11-25 18:00:00,191.0255584716797
2012-11-25 19:00:00,115.5345458984375
2012-11-25 20:00:00,86.07100677490234
2012-11-25 21:00:00,69.95100402832031
2012-11-25 22:00:00,55.08978271484375
2012-11-25 23:00:00,32.018836975097656
2012-11-26 00:00:00,13.899999618530273
2012-11-26 01:00:00,6.780977725982666
2012-11-26 02:00:00,2.371450185775757
2012-11-26 03:00:00,2.444005250930786
2012-11-26 04:00:00,3.6723337173461914
2012-11-26 05:00:00,21.534053802490234
2012-11-26 06:00:00,84.30839538574219
2012-11-26 07:00:00,267.77252197265625
2012-11-26 08:00:00,444.3558349609375
2012-11-26 09:00:00,204.17172241210938
2012-11-26 10:00:00,106.23539733886719
2012-11-26 11:00:00,130.62986755371094
2012-11-26 12:00:00,164.9988555908203
2012-11-26 13:00:00,147.94403076171875
2012-11-26 14:00:00,131.27996826171875
2012-11-26 15:00:00,158.1235809326172
2012-11-26 16:00:00,239.26268005371094
2012-11-26 17:00:00,444.0603332519531
2012-11-26 18:00:00,394.3589172363281
2012-11-26 19:00:00,232.90243530273438
2012-11-26 20:00:00,175.0225067138672
2012-11-26 21:00:00,113.90057373046875
2012-11-26 22:00:00,77.93846130371094
2012-11-26 23:00:00,43.38709259033203
2012-11-27 00:00:00,13.867108345031738
2012-11-27 01:00:00,6.673614025115967
2012-11-27 02:00:00,2.6607601642608643
2012-11-27 03:00:00,1.794969081878662
2012-11-27 04:00:00,3.8587822914123535
2012-11-27 05:00:00,21.398334503173828
2012-11-27 06:00:00,91.30671691894531
2012-11-27 07:00:00,137.56219482421875
2012-11-27 08:00:00,220.06199645996094
2012-11-27 09:00:00,171.26303100585938
2012-11-27 10:00:00,54.678321838378906
2012-11-27 11:00:00,51.035030364990234
2012-11-27 12:00:00,53.4145393371582
2012-11-27 13:00:00,60.78384780883789
2012-11-27 14:00:00,44.38853073120117
2012-11-27 15:00:00,95.39881134033203
2012-11-27 16:00:00,136.7189178466797
2012-11-27 17:00:00,306.0491638183594
2012-11-27 18:00:00,302.4837951660156
2012-11-27 19:00:00,184.11351013183594
2012-11-27 20:00:00,134.93296813964844
2012-11-27 21:00:00,90.06250762939453
2012-11-27 22:00:00,68.28311157226562
2012-11-27 23:00:00,37.290191650390625
2012-11-28 00:00:00,17.03279685974121
2012-11-28 01:00:00,7.747514724731445
2012-11-28 02:00:00,3.7456278800964355
2012-11-28 03:00:00,3.421872615814209
2012-11-28 04:00:00,4.509888648986816
2012-11-28 05:00:00,24.67046356201172
2012-11-28 06:00:00,94.59236145019531
2012-11-28 07:00:00,290.0120544433594
2012-11-28 08:00:00,465.3682861328125
2012-11-28 09:00:00,228.14102172851562
2012-11-28 10:00:00,109.90272521972656
2012-11-28 11:00:00,126.1695785522461
2012-11-28 12:00:00,162.17416381835938
2012-11-28 13:00:00,141.93936157226562
2012-11-28 14:00:00,129.2564697265625
2012-11-28 15:00:00,152.4492645263672
2012-11-28 16:00:00,210.1960906982422
2012-11-28 17:00:00,383.465576171875
2012-11-28 18:00:00,408.7377014160156
2012-11-28 19:00:00,241.01654052734375
2012-11-28 20:00:00,182.5509796142578
2012-11-28 21:00:00,110.1156234741211
2012-11-28 22:00:00,88.47441864013672
2012-11-28 23:00:00,47.93426513671875
2012-11-29 00:00:00,28.355113983154297
2012-11-29 01:00:00,13.50108814239502
2012-11-29 02:00:00,7.0522918701171875
2012-11-29 04:00:00,5.450628757476807
2012-11-29 05:00:00,33.50165557861328
2012-11-29 06:00:00,133.1897430419922
2012-11-29 07:00:00,404.2728271484375
2012-11-29 08:00:00,617.0084838867188
2012-11-29 09:00:00,324.2059326171875
2012-11-29 10:00:00,170.47750854492188
2012-11-29 11:00:00,191.63836669921875
2012-11-29 12:00:00,233.7431182861328
2012-11-29 13:00:00,224.64564514160156
2012-11-29 14:00:00,196.8814697265625
2012-11-29 15:00:00,209.4921112060547
2012-11-29 16:00:00,319.7461242675781
2012-11-29 17:00:00,541.484619140625
2012-11-29 18:00:00,546.381591796875
2012-11-29 19:00:00,314.0758361816406
2012-11-29 20:00:00,232.1761474609375
2012-11-29 21:00:00,184.5918426513672
2012-11-29 22:00:00,131.2003173828125
2012-11-29 23:00:00,90.40897369384766
2012-11-30 00:00:00,38.16509246826172
2012-11-30 01:00:00,19.65595054626465
2012-11-30 02:00:00,8.181217193603516
2012-11-30 03:00:00,6.521295070648193
2012-11-30 04:00:00,6.338672637939453
2012-11-30 05:00:00,35.23162841796875
2012-11-30 06:00:00,104.673095703125
2012-11-30 07:00:00,362.1245422363281
2012-11-30 08:00:00,648.6109619140625
2012-11-30 09:00:00,315.8705749511719
2012-11-30 10:00:00,134.57046508789062
2012-11-30 11:00:00,173.1277313232422
2012-11-30 12:00:00,228.15980529785156
2012-11-30 13:00:00,259.2744445800781
2012-11-30 14:00:00,206.99359130859375
2012-11-30 15:00:00,225.4138946533203
2012-11-30 16:00:00,346.2215881347656
2012-11-30 17:00:00,578.5120239257812
2012-11-30 18:00:00,438.2225646972656
2012-11-30 19:00:00,315.8642272949219
2012-11-30 20:00:00,232.58021545410156
2012-11-30 21:00:00,157.4595489501953
2012-11-30 22:00:00,116.59564208984375
2012-11-30 23:00:00,97.240966796875
2012-12-20 00:00:00,21.974855422973633
2012-12-20 01:00:00,11.243525505065918
2012-12-20 02:00:00,5.190126895904541
2012-12-20 03:00:00,2.8111002445220947
2012-12-20 04:00:00,3.7134828567504883
2012-12-20 05:00:00,23.658601760864258
2012-12-20 06:00:00,103.78861236572266
2012-12-20 07:00:00,337.63409423828125
2012-12-20 08:00:00,573.0187377929688
2012-12-20 09:00:00,260.3735046386719
2012-12-20 10:00:00,121.2451400756836
2012-12-20 11:00:00,138.3428955078125
2012-12-20 12:00:00,186.5784454345703
2012-12-20 13:00:00,165.57269287109375
2012-12-20 14:00:00,143.24871826171875
2012-12-20 15:00:00,142.17306518554688
2012-12-20 16:00:00,233.9609375
2012-12-20 17:00:00,476.623046875
2012-12-20 18:00:00,374.7803039550781
2012-12-20 19:00:00,166.66712951660156
2012-12-20 20:00:00,119.09892272949219
2012-12-20 21:00:00,103.97860717773438
2012-12-20 22:00:00,54.9648323059082
2012-12-20 23:00:00,30.099878311157227
2012-12-21 00:00:00,22.75861930847168
2012-12-21 01:00:00,12.263644218444824
2012-12-21 02:00:00,6.740764617919922
2012-12-21 03:00:00,1.904433012008667
2012-12-21 04:00:00,2.358630418777466
2012-12-21 05:00:00,14.936193466186523
2012-12-21 06:00:00,63.836692810058594
2012-12-21 07:00:00,192.27883911132812
2012-12-21 08:00:00,436.46282958984375
2012-12-21 09:00:00,267.2983703613281
2012-12-21 10:00:00,137.476318359375
2012-12-21 11:00:00,164.70948791503906
2012-12-21 12:00:00,200.16429138183594
2012-12-21 13:00:00,226.78201293945312
2012-12-21 14:00:00,174.0578155517578
2012-12-21 15:00:00,158.3902130126953
2012-12-21 16:00:00,247.48744201660156
2012-12-21 17:00:00,348.9473876953125
2012-12-21 18:00:00,273.1405029296875
2012-12-21 19:00:00,221.9680938720703
2012-12-21 20:00:00,145.11578369140625
2012-12-21 21:00:00,84.50289154052734
2012-12-21 22:00:00,81.30802154541016
2012-12-21 23:00:00,67.54182434082031
2012-12-22 00:00:00,63.80979919433594
2012-12-22 01:00:00,50.80912399291992
2012-12-22 02:00:00,42.92953109741211
2012-12-22 03:00:00,12.704054832458496
2012-12-22 04:00:00,4.181676387786865
2012-12-22 05:00:00,5.377992630004883
2012-12-22 06:00:00,12.750823974609375
2012-12-22 07:00:00,34.740333557128906
2012-12-22 08:00:00,92.71774291992188
2012-12-22 09:00:00,152.62548828125
2012-12-22 10:00:00,217.2213592529297
2012-12-22 11:00:00,283.45489501953125
2012-12-22 12:00:00,302.155029296875
2012-12-22 13:00:00,363.4532775878906
2012-12-22 14:00:00,337.23388671875
2012-12-22 15:00:00,293.3900451660156
2012-12-22 16:00:00,303.0146179199219
2012-12-22 17:00:00,239.25523376464844
2012-12-22 18:00:00,206.4820556640625
2012-12-22 19:00:00,151.56390380859375
2012-12-22 20:00:00,109.2737808227539
2012-12-22 21:00:00,77.83629608154297
2012-12-22 22:00:00,72.28338623046875
2012-12-22 23:00:00,65.27548217773438
2012-12-23 00:00:00,65.56543731689453
2012-12-23 01:00:00,56.876197814941406
2012-12-23 02:00:00,43.55146026611328
2012-12-23 03:00:00,28.425228118896484
2012-12-23 04:00:00,5.49312162399292
2012-12-23 05:00:00,4.325485706329346
2012-12-23 06:00:00,5.1846022605896
2012-12-23 07:00:00,15.620410919189453
2012-12-23 08:00:00,45.97534942626953
2012-12-23 09:00:00,106.87261962890625
2012-12-23 10:00:00,200.50106811523438
2012-12-23 11:00:00,275.9246520996094
2012-12-23 12:00:00,357.2685241699219
2012-12-23 13:00:00,361.3373718261719
2012-12-23 14:00:00,336.27288818359375
2012-12-23 15:00:00,305.19134521484375
2012-12-23 16:00:00,327.54315185546875
2012-12-23 17:00:00,234.74346923828125
2012-12-23 18:00:00,199.05723571777344
2012-12-23 19:00:00,140.06155395507812
2012-12-23 20:00:00,106.14932250976562
2012-12-23 21:00:00,72.71833038330078
2012-12-23 22:00:00,53.236419677734375
2012-12-23 23:00:00,37.59758377075195
2012-12-24 00:00:00,17.727989196777344
2012-12-24 01:00:00,8.983098983764648
2012-12-24 02:00:00,3.6374826431274414
2012-12-24 03:00:00,2.3265581130981445
2012-12-24 05:00:00,18.136125564575195
2012-12-24 06:00:00,71.23284149169922
2012-12-24 07:00:00,255.8245849609375
2012-12-24 08:00:00,483.77984619140625
2012-12-24 09:00:00,215.89039611816406
2012-12-24 10:00:00,114.9383316040039
2012-12-24 11:00:00,112.17267608642578
2012-12-24 12:00:00,147.47091674804688
2012-12-24 13:00:00,92.9767074584961
2012-12-24 14:00:00,71.84461975097656
2012-12-24 15:00:00,63.618324279785156
2012-12-24 16:00:00,105.6053466796875
2012-12-24 17:00:00,199.62210083007812
2012-12-24 18:00:00,183.7721405029297
2012-12-24 19:00:00,186.07786560058594
2012-12-24 20:00:00,87.82766723632812
2012-12-24 21:00:00,72.18463134765625
2012-12-24 22:00:00,55.40452575683594
2012-12-24 23:00:00,23.865686416625977
2012-12-25 00:00:00,16.98818588256836
2012-12-25 01:00:00,15.242229461669922
2012-12-25 02:00:00,7.663975715637207
2012-12-25 04:00:00,2.4746153354644775
2012-12-25 05:00:00,4.9277520179748535
2012-12-25 06:00:00,11.771418571472168
2012-12-25 07:00:00,40.847572326660156
2012-12-25 08:00:00,110.44168853759766
2012-12-25 09:00:00,107.55508422851562
2012-12-25 10:00:00,122.53953552246094
2012-12-25 11:00:00,153.66754150390625
2012-12-25 12:00:00,161.97369384765625
2012-12-25 13:00:00,221.14976501464844
2012-12-25 14:00:00,214.12025451660156
2012-12-25 15:00:00,146.20814514160156
2012-12-25 16:00:00,231.6023406982422
2012-12-25 17:00:00,265.7284851074219
2012-12-25 18:00:00,247.88552856445312
2012-12-25 19:00:00,194.5684356689453
2012-12-25 20:00:00,127.40261840820312
2012-12-25 21:00:00,75.50933837890625
2012-12-25 22:00:00,56.566062927246094
2012-12-25 23:00:00,29.13491439819336
2012-12-26 00:00:00,18.965707778930664
2012-12-26 01:00:00,7.92338752746582
2012-12-26 02:00:00,3.784548282623291
2012-12-26 03:00:00,2.611699342727661
2012-12-26 04:00:00,2.13631272315979
2012-12-26 05:00:00,20.31338882446289
2012-12-26 06:00:00,80.0912857055664
2012-12-26 07:00:00,92.03441619873047
2012-12-26 08:00:00,195.59646606445312
2012-12-26 09:00:00,83.59662628173828
2012-12-26 10:00:00,39.54399108886719
2012-12-26 11:00:00,29.790502548217773
2012-12-26 12:00:00,39.63896942138672
2012-12-26 13:00:00,47.94270324707031
2012-12-26 14:00:00,37.54387664794922
2012-12-26 15:00:00,42.12165069580078
2012-12-26 16:00:00,60.69352722167969
2012-12-26 17:00:00,111.71328735351562
2012-12-26 18:00:00,132.20388793945312
2012-12-26 19:00:00,119.76299285888672
2012-12-26 20:00:00,55.861331939697266
2012-12-26 21:00:00,111.97932434082031
2012-12-26 22:00:00,18.008792877197266
2012-12-26 23:00:00,17.38651466369629
2012-12-27 00:00:00,10.59514045715332
2012-12-27 01:00:00,3.720123291015625
2012-12-27 02:00:00,5.910520076751709
2012-12-27 03:00:00,3.011922836303711
2012-12-27 04:00:00,2.601343870162964
2012-12-27 05:00:00,25.573509216308594
2012-12-27 06:00:00,97.92852020263672
2012-12-27 07:00:00,338.82269287109375
2012-12-27 08:00:00,565.20263671875
2012-12-27 09:00:00,264.6274108886719
2012-12-27 10:00:00,94.86862182617188
2012-12-27 11:00:00,120.25299072265625
2012-12-27 12:00:00,139.9694366455078
2012-12-27 13:00:00,146.02098083496094
2012-12-27 14:00:00,108.17536926269531
2012-12-27 15:00:00,111.2882080078125
2012-12-27 16:00:00,186.48500061035156
2012-12-27 17:00:00,408.0138854980469
2012-12-27 18:00:00,342.4526672363281
2012-12-27 19:00:00,225.02825927734375
2012-12-27 20:00:00,183.27992248535156
2012-12-27 21:00:00,111.8595199584961
2012-12-27 22:00:00,83.79261016845703
2012-12-27 23:00:00,48.30092239379883
2012-12-28 00:00:00,35.40217590332031
2012-12-28 01:00:00,15.142168045043945
2012-12-28 02:00:00,7.280765533447266
2012-12-28 03:00:00,3.1014609336853027
2012-12-28 04:00:00,2.3186135292053223
2012-12-28 05:00:00,16.875808715820312
2012-12-28 06:00:00,71.03087615966797
2012-12-28 07:00:00,246.1108856201172
2012-12-28 08:00:00,471.12451171875
2012-12-28 09:00:00,250.78941345214844
2012-12-28 10:00:00,122.87553405761719
2012-12-28 11:00:00,157.35409545898438
2012-12-28 12:00:00,232.08966064453125
2012-12-28 13:00:00,249.75228881835938
2012-12-28 14:00:00,194.96124267578125
2012-12-28 15:00:00,171.01580810546875
2012-12-28 16:00:00,304.0536193847656
2012-12-28 17:00:00,430.1903991699219
2012-12-28 18:00:00,340.12701416015625
2012-12-28 19:00:00,203.01800537109375
2012-12-28 20:00:00,142.06100463867188
2012-12-28 21:00:00,105.74247741699219
2012-12-28 22:00:00,95.06832885742188
2012-12-28 23:00:00,63.32335662841797
2012-12-29 00:00:00,72.88172149658203
2012-12-29 01:00:00,69.77482604980469
2012-12-29 02:00:00,42.06600570678711
2012-12-29 03:00:00,18.134746551513672
2012-12-29 04:00:00,6.3085222244262695
2012-12-29 05:00:00,4.549642086029053
2012-12-29 06:00:00,9.160873413085938
2012-12-29 07:00:00,25.539287567138672
2012-12-29 08:00:00,84.65576171875
2012-12-29 09:00:00,149.23272705078125
2012-12-29 10:00:00,129.42161560058594
2012-12-29 11:00:00,145.05287170410156
2012-12-29 12:00:00,117.32833099365234
2012-12-29 13:00:00,121.65525817871094
2012-12-29 14:00:00,233.0608673095703
2012-12-29 15:00:00,228.44781494140625
2012-12-29 16:00:00,279.9113464355469
2012-12-29 17:00:00,235.3881378173828
2012-12-29 18:00:00,222.53262329101562
2012-12-29 19:00:00,167.93092346191406
2012-12-29 20:00:00,96.87130737304688
2012-12-29 21:00:00,86.09089660644531
2012-12-29 22:00:00,80.73477935791016
2012-12-29 23:00:00,79.77883911132812
2012-12-30 00:00:00,79.98223876953125
2012-12-30 01:00:00,70.44715881347656
2012-12-30 02:00:00,69.070556640625
2012-12-30 03:00:00,27.203922271728516
2012-12-30 04:00:00,6.497145175933838
2012-12-30 05:00:00,6.502981662750244
2012-12-30 06:00:00,8.394229888916016
2012-12-30 07:00:00,23.47425651550293
2012-12-30 08:00:00,68.2501449584961
2012-12-30 09:00:00,146.43202209472656
2012-12-30 10:00:00,249.1573028564453
2012-12-30 11:00:00,316.979736328125
2012-12-30 12:00:00,333.6327209472656
2012-12-30 13:00:00,456.39306640625
2012-12-30 14:00:00,357.22222900390625
2012-12-30 15:00:00,336.3946533203125
2012-12-30 16:00:00,364.6923828125
2012-12-30 17:00:00,257.9913330078125
2012-12-30 18:00:00,193.0552978515625
2012-12-30 19:00:00,224.7484130859375
2012-12-30 20:00:00,104.74744415283203
2012-12-30 21:00:00,74.41941833496094
2012-12-30 22:00:00,61.782901763916016
2012-12-30 23:00:00,40.18001174926758
2012-12-31 00:00:00,17.643054962158203
2012-12-31 01:00:00,6.707733631134033
2012-12-31 02:00:00,3.777925968170166
2012-12-31 03:00:00,2.166335105895996
2012-12-31 04:00:00,2.7904751300811768
2012-12-31 05:00:00,17.024930953979492
2012-12-31 06:00:00,71.70758056640625
2012-12-31 07:00:00,237.5913848876953
2012-12-31 08:00:00,530.5685424804688
2012-12-31 09:00:00,231.2089385986328
2012-12-31 10:00:00,128.57862854003906
2012-12-31 11:00:00,135.31565856933594
2012-12-31 12:00:00,173.3399200439453
2012-12-31 13:00:00,175.2902069091797
2012-12-31 14:00:00,152.6087188720703
2012-12-31 15:00:00,142.47950744628906
2012-12-31 16:00:00,223.14955139160156
2012-12-31 17:00:00,451.134765625
2012-12-31 18:00:00,411.71746826171875
2012-12-31 19:00:00,289.73809814453125
2012-12-31 20:00:00,194.28924560546875
2012-12-31 21:00:00,128.54428100585938
2012-12-31 22:00:00,86.25550079345703
2012-12-31 23:00:00,42.838905334472656
