datetime,count
2011-01-20 00:00:00,4.5626435269003025
2011-01-20 01:00:00,2.7196166224266762
2011-01-20 02:00:00,1.4339172514948055
2011-01-20 03:00:00,0.6535504557414209
2011-01-20 04:00:00,0.6154535013094766
2011-01-20 05:00:00,3.0823139994876287
2011-01-20 06:00:00,19.02500218997015
2011-01-20 07:00:00,53.31748854272747
2011-01-20 08:00:00,106.66103153526271
2011-01-20 09:00:00,58.67674950065341
2011-01-20 10:00:00,25.615131582076053
2011-01-20 11:00:00,30.172998400544223
2011-01-20 12:00:00,42.76943363301402
2011-01-20 13:00:00,35.59004216917802
2011-01-20 14:00:00,33.47949097524037
2011-01-20 15:00:00,36.38736809475392
2011-01-20 16:00:00,52.86736519429328
2011-01-20 17:00:00,113.16552895447919
2011-01-20 18:00:00,94.1489351881202
2011-01-20 19:00:00,55.923008380208294
2011-01-20 20:00:00,38.81236683991341
2011-01-20 21:00:00,29.030524212767773
2011-01-20 22:00:00,19.48980632638064
2011-01-20 23:00:00,11.772704889596055
2011-01-21 00:00:00,5.880567647544968
2011-01-21 01:00:00,2.1177268974469463
2011-01-21 02:00:00,1.5787227883781818
2011-01-21 03:00:00,-0.03357246086445568
2011-01-21 04:00:00,0.763077130689473
2011-01-21 05:00:00,3.4924954569753632
2011-01-21 06:00:00,16.878110179865253
2011-01-21 07:00:00,47.04921261014689
2011-01-21 08:00:00,97.86216930209844
2011-01-21 09:00:00,66.26786269863383
2011-01-21 10:00:00,29.44201582369308
2011-01-21 11:00:00,31.10072024621747
2011-01-21 12:00:00,38.74307031762523
2011-01-21 13:00:00,43.95151404849143
2011-01-21 14:00:00,31.8966805297731
2011-01-21 15:00:00,36.80701932453046
2011-01-21 16:00:00,40.822207823073136
2011-01-21 17:00:00,78.75364830381538
2011-01-21 18:00:00,62.07024288207899
2011-01-21 19:00:00,44.11828174021266
2011-01-21 20:00:00,24.320275331337008
2011-01-21 21:00:00,20.070012874211685
2011-01-21 22:00:00,17.313052401673414
2011-01-21 23:00:00,10.410288620010167
2011-01-22 00:00:00,7.689119752111322
2011-01-22 01:00:00,5.860684102643782
2011-01-22 02:00:00,5.47700114020175
2011-01-22 03:00:00,2.926935366032974
2011-01-22 04:00:00,0.2233922434303945
2011-01-22 06:00:00,0.4768571178479145
2011-01-22 07:00:00,2.459549381952331
2011-01-22 08:00:00,8.322188928829084
2011-01-22 09:00:00,17.049803531952595
2011-01-22 10:00:00,27.770729263666354
2011-01-22 11:00:00,29.78306744706967
2011-01-22 12:00:00,40.080413085875854
2011-01-22 13:00:00,48.1834218090528
2011-01-22 14:00:00,41.18454409130645
2011-01-22 15:00:00,45.99379379491758
2011-01-22 16:00:00,35.04984746273102
2011-01-22 17:00:00,30.35603594773797
2011-01-22 18:00:00,21.93985672298269
2011-01-22 19:00:00,18.028612873305534
2011-01-22 20:00:00,11.83952581057388
2011-01-22 21:00:00,9.610734576371604
2011-01-22 22:00:00,11.552315200883244
2011-01-22 23:00:00,7.2085132759840285
2011-01-23 00:00:00,7.738576113717032
2011-01-23 01:00:00,7.976263178311202
2011-01-23 02:00:00,6.6358356717813365
2011-01-23 03:00:00,3.586602981845738
2011-01-23 05:00:00,-0.003548355373392687
2011-01-23 06:00:00,-0.004581021526739691
2011-01-23 07:00:00,1.6811059519837257
2011-01-23 08:00:00,6.491407312783093
2011-01-23 09:00:00,17.3176600003102
2011-01-23 10:00:00,30.006740959317746
2011-01-23 11:00:00,39.196272437396246
2011-01-23 12:00:00,42.77350804485708
2011-01-23 13:00:00,45.558815341176064
2011-01-23 14:00:00,41.70426302484916
2011-01-23 15:00:00,37.32519300147325
2011-01-23 16:00:00,35.613933783054726
2011-01-23 17:00:00,29.335005506417613
2011-01-23 18:00:00,22.596212154689358
2011-01-23 19:00:00,18.681851265094366
2011-01-23 20:00:00,12.14131013223864
2011-01-23 21:00:00,9.343792527119938
2011-01-23 22:00:00,6.705988452320514
2011-01-23 23:00:00,3.6620310542179997
2011-01-24 00:00:00,2.5142245433725
2011-01-24 01:00:00,0.7205995397693805
2011-01-24 03:00:00,0.22389227024379613
2011-01-24 04:00:00,0.5554223127331377
2011-01-24 05:00:00,2.354077811216694
2011-01-24 06:00:00,11.85648778203973
2011-01-24 07:00:00,35.700056712825955
2011-01-24 08:00:00,75.62612580331194
2011-01-24 09:00:00,48.63508487361186
2011-01-24 10:00:00,21.889720927328298
2011-01-24 11:00:00,18.59865999118253
2011-01-24 12:00:00,22.872993263467865
2011-01-24 13:00:00,23.29370857965765
2011-01-24 14:00:00,23.62145213498805
2011-01-24 15:00:00,23.48327736046858
2011-01-24 16:00:00,30.905992277208657
2011-01-24 17:00:00,62.56651171595521
2011-01-24 18:00:00,64.42219423835749
2011-01-24 19:00:00,46.14359725964789
2011-01-24 20:00:00,31.948792152484074
2011-01-24 21:00:00,20.769550027996722
2011-01-24 22:00:00,15.806480137696465
2011-01-24 23:00:00,7.570799230942244
2011-01-25 00:00:00,2.695319782539847
2011-01-25 01:00:00,0.8995707514550642
2011-01-25 02:00:00,0.3334813684817684
2011-01-25 04:00:00,0.7247532902123617
2011-01-25 05:00:00,3.1285993025308754
2011-01-25 06:00:00,20.265460400927612
2011-01-25 07:00:00,45.46524091895144
2011-01-25 08:00:00,96.58157011583098
2011-01-25 09:00:00,59.18492423790585
2011-01-25 10:00:00,24.782725045368736
2011-01-25 11:00:00,24.386584797584526
2011-01-25 12:00:00,32.17107927025628
2011-01-25 13:00:00,31.22002623520376
2011-01-25 14:00:00,35.8365340754302
2011-01-25 15:00:00,40.5105893616914
2011-01-25 16:00:00,59.894102174378155
2011-01-25 17:00:00,120.6937516337739
2011-01-25 18:00:00,107.65097635480866
2011-01-25 19:00:00,54.073418329281516
2011-01-25 20:00:00,39.44931677465611
2011-01-25 21:00:00,28.291623213831155
2011-01-25 22:00:00,20.551337911929185
2011-01-25 23:00:00,9.768701729913223
2011-01-26 00:00:00,4.250596475041295
2011-01-26 01:00:00,1.4758563756226315
2011-01-26 02:00:00,0.5287498661096779
2011-01-26 05:00:00,1.552299617508547
2011-01-26 06:00:00,5.859874664150303
2011-01-26 07:00:00,14.43457126803413
2011-01-26 08:00:00,38.3618130540499
2011-01-26 09:00:00,25.550008384185606
2011-01-26 10:00:00,9.58297697176243
2011-01-26 11:00:00,8.393798692593258
2011-01-26 12:00:00,6.442437159654401
2011-01-26 13:00:00,8.745072782346208
2011-01-26 14:00:00,7.332882721042445
2011-01-26 15:00:00,7.632535274398977
2011-01-26 16:00:00,13.546389024466478
2011-01-26 17:00:00,23.367471522247495
2011-01-27 16:00:00,44.95032900806004
2011-01-27 17:00:00,103.86633154637313
2011-01-27 18:00:00,90.69907071586557
2011-01-27 19:00:00,60.92067163383691
2011-01-27 20:00:00,42.28631682379576
2011-01-27 21:00:00,30.130318250082208
2011-01-27 22:00:00,21.427883547063402
2011-01-27 23:00:00,12.95744875105806
2011-01-28 00:00:00,5.820415942881795
2011-01-28 01:00:00,2.4879987859000323
2011-01-28 02:00:00,1.620145159601571
2011-01-28 03:00:00,0.7055286492835864
2011-01-28 05:00:00,4.475620906681506
2011-01-28 06:00:00,12.798699709742028
2011-01-28 07:00:00,33.97797108666434
2011-01-28 08:00:00,74.9951078813315
2011-01-28 09:00:00,36.979498527901626
2011-01-28 10:00:00,16.039513182446203
2011-01-28 11:00:00,15.58892128671425
2011-01-28 12:00:00,11.952118950342346
2011-01-28 13:00:00,15.41146466693251
2011-01-28 14:00:00,23.262480803535794
2011-01-28 15:00:00,30.582046324738954
2011-01-28 16:00:00,50.109631417422
2011-01-28 17:00:00,84.03605535195138
2011-01-28 18:00:00,69.90189203709251
2011-01-28 19:00:00,47.309048673983945
2011-01-28 20:00:00,30.397117127291907
2011-01-28 21:00:00,23.93601641107834
2011-01-28 22:00:00,22.73873599671022
2011-01-28 23:00:00,16.213410587141716
2011-01-29 00:00:00,13.01856449784538
2011-01-29 01:00:00,11.804535585877382
2011-01-29 02:00:00,8.83435243168018
2011-01-29 03:00:00,3.716632930105975
2011-01-29 04:00:00,0.43758146484181054
2011-01-29 06:00:00,0.8142511428593375
2011-01-29 07:00:00,3.694571630842205
2011-01-29 08:00:00,11.465166794013385
2011-01-29 09:00:00,23.757024048804933
2011-01-29 10:00:00,34.34242655200336
2011-01-29 11:00:00,39.17485153374485
2011-01-29 12:00:00,51.06010776924721
2011-01-29 13:00:00,52.129418404068765
2011-01-29 14:00:00,47.500451219354275
2011-01-29 15:00:00,42.870846893113196
2011-01-29 16:00:00,55.62967868760089
2011-01-29 17:00:00,42.77397008751771
2011-01-29 18:00:00,33.25492252637487
2011-01-29 19:00:00,22.015847147286614
2011-01-29 20:00:00,18.680185870806913
2011-01-29 21:00:00,13.576555316879288
2011-01-29 22:00:00,12.536362313717175
2011-01-29 23:00:00,10.475059752768665
2011-01-30 00:00:00,9.7394785831751
2011-01-30 01:00:00,12.907167087623094
2011-01-30 02:00:00,11.843082592316616
2011-01-30 03:00:00,4.288298158185595
2011-01-30 04:00:00,0.907947516551078
2011-01-30 05:00:00,0.15672373171600792
2011-01-30 07:00:00,1.6238987666563633
2011-01-30 08:00:00,5.903096476255598
2011-01-30 09:00:00,18.833667601947376
2011-01-30 10:00:00,30.359034699513703
2011-01-30 11:00:00,49.77365723968242
2011-01-30 12:00:00,86.92764472062005
2011-01-30 13:00:00,71.37174211405113
2011-01-30 14:00:00,62.10547300736427
2011-01-30 15:00:00,64.4560072068938
2011-01-30 16:00:00,73.32680721844756
2011-01-30 17:00:00,44.84633269567495
2011-01-30 18:00:00,31.602869615896715
2011-01-30 19:00:00,26.112723329458646
2011-01-30 20:00:00,16.733233642749564
2011-01-30 21:00:00,11.506793305225298
2011-01-30 22:00:00,8.244975638532715
2011-01-30 23:00:00,4.692578871450686
2011-01-31 00:00:00,3.7001950434203312
2011-01-31 01:00:00,1.0323055739112683
2011-01-31 02:00:00,0.6206252134980701
2011-01-31 03:00:00,0.22395313975823394
2011-01-31 04:00:00,0.5887264999878232
2011-01-31 05:00:00,2.243091271966211
2011-01-31 06:00:00,13.4073225220971
2011-01-31 07:00:00,39.88590464441351
2011-01-31 08:00:00,83.47909770435157
2011-01-31 09:00:00,48.3045483991221
2011-01-31 10:00:00,20.490713974291754
2011-01-31 11:00:00,20.265571531875597
2011-01-31 12:00:00,26.6065564212895
2011-01-31 13:00:00,28.910577148438847
2011-01-31 14:00:00,24.766048441866815
2011-01-31 15:00:00,23.414866618430104
2011-01-31 16:00:00,34.15863583703735
2011-01-31 17:00:00,64.5141034999073
2011-01-31 18:00:00,64.90639451230598
2011-01-31 19:00:00,63.502991271549575
2011-01-31 20:00:00,23.87822091949215
2011-01-31 21:00:00,17.557222218523407
2011-01-31 22:00:00,16.63392332136001
2011-01-31 23:00:00,8.825681780710559
2011-02-20 00:00:00,13.950352395502254
2011-02-20 01:00:00,12.800720077600777
2011-02-20 02:00:00,8.626271480033509
2011-02-20 03:00:00,5.324148611859152
2011-02-20 04:00:00,0.2841962581600063
2011-02-20 06:00:00,1.1337666704535345
2011-02-20 07:00:00,3.640034435048495
2011-02-20 08:00:00,12.601788253505404
2011-02-20 09:00:00,28.503240392240155
2011-02-20 10:00:00,50.704305805306035
2011-02-20 11:00:00,64.21614802892205
2011-02-20 12:00:00,96.29031015114495
2011-02-20 13:00:00,90.03431422563098
2011-02-20 14:00:00,87.15675518601365
2011-02-20 15:00:00,90.41335617878366
2011-02-20 16:00:00,87.6229351774748
2011-02-20 17:00:00,64.5569888853637
2011-02-20 18:00:00,49.896040308282
2011-02-20 19:00:00,36.82778227225945
2011-02-20 20:00:00,31.576145165790187
2011-02-20 21:00:00,21.804987893350933
2011-02-20 22:00:00,16.08631883692949
2011-02-20 23:00:00,10.545618436438406
2011-02-21 00:00:00,9.860465563380675
2011-02-21 01:00:00,4.642939447243151
2011-02-21 02:00:00,3.662187951923018
2011-02-21 03:00:00,1.155427833324985
2011-02-21 04:00:00,0.11485820887358386
2011-02-21 05:00:00,0.46821142454723613
2011-02-21 06:00:00,3.3594027319095483
2011-02-21 07:00:00,11.97210771463259
2011-02-21 08:00:00,29.588147003088004
2011-02-21 09:00:00,50.00766561653564
2011-02-21 10:00:00,38.22262638646692
2011-02-21 11:00:00,47.261574942353874
2011-02-21 12:00:00,54.642242142244065
2011-02-21 13:00:00,44.21620007368138
2011-02-21 14:00:00,50.6934581711574
2011-02-21 15:00:00,45.53257281745363
2011-02-21 16:00:00,40.82507206689707
2011-02-21 17:00:00,55.39961081063641
2011-02-21 18:00:00,56.22552853492159
2011-02-21 19:00:00,46.047708983056914
2011-02-21 20:00:00,23.74145079622199
2011-02-21 21:00:00,16.187619296649647
2011-02-21 22:00:00,13.446350759623513
2011-02-21 23:00:00,6.876474038318702
2011-02-22 06:00:00,19.455486080357083
2011-02-22 07:00:00,56.50779008056839
2011-02-22 08:00:00,125.00182527101786
2011-02-22 09:00:00,62.193007640419474
2011-02-22 10:00:00,30.096826428977323
2011-02-22 11:00:00,32.323715363574074
2011-02-22 12:00:00,41.06393694918285
2011-02-22 13:00:00,39.99785545724441
2011-02-22 14:00:00,30.037452369450847
2011-02-22 15:00:00,40.11491739597093
2011-02-22 16:00:00,54.199295769301706
2011-02-22 17:00:00,104.9520497365175
2011-02-22 18:00:00,110.00660402240833
2011-02-22 19:00:00,56.23531171975294
2011-02-22 20:00:00,40.54099012851265
2011-02-22 21:00:00,29.328468871003512
2011-02-22 22:00:00,18.974727495572985
2011-02-22 23:00:00,10.69832879394075
2011-02-23 00:00:00,4.493079062878121
2011-02-23 01:00:00,1.4319206019774815
2011-02-23 02:00:00,0.729408885024488
2011-02-23 03:00:00,0.34213437205741715
2011-02-23 05:00:00,2.4768030441782876
2011-02-23 06:00:00,16.944990367670727
2011-02-23 07:00:00,52.798317750609066
2011-02-23 08:00:00,124.32743435552027
2011-02-23 09:00:00,63.60680616717278
2011-02-23 10:00:00,29.439010691278234
2011-02-23 11:00:00,32.118231520156115
2011-02-23 12:00:00,42.12651148788365
2011-02-23 13:00:00,36.50113555058319
2011-02-23 14:00:00,33.85253211691922
2011-02-23 15:00:00,41.005345753249294
2011-02-23 16:00:00,51.93057178433072
2011-02-23 17:00:00,112.69827889867595
2011-02-23 18:00:00,98.76578519209166
2011-02-23 19:00:00,67.01451368117165
2011-02-23 20:00:00,50.222792624406715
2011-02-23 21:00:00,36.521813652522546
2011-02-23 22:00:00,26.401396484971844
2011-02-23 23:00:00,13.65117449724976
2011-02-24 00:00:00,7.315340893321528
2011-02-24 01:00:00,3.05580375585488
2011-02-24 02:00:00,1.5869670986878806
2011-02-24 03:00:00,0.6869890472772586
2011-02-24 05:00:00,3.7423336545509676
2011-02-24 06:00:00,20.311712475317805
2011-02-24 07:00:00,62.58793925786433
2011-02-24 08:00:00,137.60113267020802
2011-02-24 09:00:00,61.02311519505996
2011-02-24 10:00:00,28.121829520802763
2011-02-24 11:00:00,31.239873211122593
2011-02-24 12:00:00,40.44649330293034
2011-02-24 13:00:00,47.4946894560535
2011-02-24 14:00:00,37.76831343058561
2011-02-24 15:00:00,33.349590498312836
2011-02-24 16:00:00,43.094576846286216
2011-02-24 17:00:00,85.67592600402729
2011-02-24 18:00:00,82.85760243311056
2011-02-24 19:00:00,38.99138310304696
2011-02-24 20:00:00,42.10943739344961
2011-02-24 21:00:00,33.80832016832593
2011-02-24 22:00:00,21.07509211576193
2011-02-24 23:00:00,20.763783820489135
2011-02-25 00:00:00,6.89883417500061
2011-02-25 01:00:00,4.526069982724463
2011-02-25 02:00:00,2.1467579220122284
2011-02-25 03:00:00,0.9721097562229362
2011-02-25 05:00:00,5.158266649959794
2011-02-25 06:00:00,13.914882732561411
2011-02-25 07:00:00,34.321263194496765
2011-02-25 08:00:00,80.40203950333193
2011-02-25 09:00:00,38.866309016469394
2011-02-25 10:00:00,21.09413853727136
2011-02-25 11:00:00,43.961669197522205
2011-02-25 12:00:00,45.90632687294521
2011-02-25 13:00:00,46.91989525411881
2011-02-25 14:00:00,34.520493399767574
2011-02-25 15:00:00,52.578404930363206
2011-02-25 16:00:00,55.77266620489443
2011-02-25 17:00:00,90.35821343406933
2011-02-25 18:00:00,90.56273839120618
2011-02-25 19:00:00,61.91198323491246
2011-02-25 20:00:00,35.01065720570217
2011-02-25 21:00:00,30.46169949609764
2011-02-25 22:00:00,24.53858101842606
2011-02-25 23:00:00,21.358418592128093
2011-02-26 00:00:00,18.516990265171277
2011-02-26 01:00:00,11.296887006524619
2011-02-26 02:00:00,7.667111901245754
2011-02-26 03:00:00,4.085793256384697
2011-02-26 04:00:00,0.5880251632108897
2011-02-26 05:00:00,0.2860438895113441
2011-02-26 06:00:00,1.8907569648294666
2011-02-26 07:00:00,6.322592181941742
2011-02-26 08:00:00,15.449589996314188
2011-02-26 09:00:00,31.72377640315272
2011-02-26 10:00:00,53.122194411645346
2011-02-26 11:00:00,76.24671414569549
2011-02-26 12:00:00,77.4040039511191
2011-02-26 13:00:00,78.71102344681789
2011-02-26 14:00:00,70.89477751908208
2011-02-26 15:00:00,86.68694732916137
2011-02-26 16:00:00,86.21849538038194
2011-02-26 17:00:00,74.80563646089415
2011-02-26 18:00:00,59.460498261245526
2011-02-26 19:00:00,46.19666318785378
2011-02-26 20:00:00,33.27254441700336
2011-02-26 21:00:00,24.271658583275464
2011-02-26 22:00:00,25.020700882043165
2011-02-26 23:00:00,21.44328980974818
2011-02-27 00:00:00,20.03505569254214
2011-02-27 01:00:00,19.74394319545392
2011-02-27 02:00:00,14.530043239800175
2011-02-27 03:00:00,8.52437514627457
2011-02-27 04:00:00,1.1460848275856441
2011-02-27 06:00:00,1.0725099323751865
2011-02-27 07:00:00,3.652770525598415
2011-02-27 08:00:00,13.075476389216725
2011-02-27 09:00:00,33.52623265502666
2011-02-27 10:00:00,57.65860548357269
2011-02-27 11:00:00,89.2924357558136
2011-02-27 12:00:00,123.99437918212449
2011-02-27 13:00:00,112.27518254455168
2011-02-27 14:00:00,113.90851046729307
2011-02-27 15:00:00,124.97362131926167
2011-02-27 16:00:00,128.18497658961854
2011-02-27 17:00:00,83.80688039232615
2011-02-27 18:00:00,61.36717038776081
2011-02-27 19:00:00,53.31926635405779
2011-02-27 20:00:00,40.66266429308478
2011-02-27 21:00:00,29.10312396164671
2011-02-27 22:00:00,20.98758900451698
2011-02-27 23:00:00,12.961309472100476
2011-02-28 00:00:00,6.159706393871161
2011-02-28 01:00:00,2.817771483454015
2011-02-28 03:00:00,0.3019697640395438
2011-02-28 05:00:00,5.036638501617721
2011-02-28 06:00:00,21.709552636467013
2011-02-28 07:00:00,59.721398006346256
2011-02-28 08:00:00,132.5456344210118
2011-02-28 09:00:00,75.99675924037652
2011-02-28 10:00:00,34.862097089083846
2011-02-28 11:00:00,46.33390589315711
2011-02-28 12:00:00,59.50766846921846
2011-02-28 13:00:00,28.016313808327503
2011-02-28 14:00:00,21.74534584990539
2011-02-28 15:00:00,20.004841810319686
2011-02-28 16:00:00,26.836965981435043
2011-02-28 17:00:00,59.44553607643954
2011-02-28 18:00:00,65.51551094996063
2011-02-28 19:00:00,47.591302340498984
2011-02-28 20:00:00,32.657470572290265
2011-02-28 21:00:00,33.14498376120393
2011-02-28 22:00:00,17.904075515841857
2011-02-28 23:00:00,12.475576284248197
2011-03-20 00:00:00,23.847016583983415
2011-03-20 01:00:00,17.260210310255324
2011-03-20 02:00:00,13.213286229257879
2011-03-20 03:00:00,6.722746266819265
2011-03-20 04:00:00,1.3968002364916172
2011-03-20 05:00:00,0.4992907555235762
2011-03-20 06:00:00,1.988285085906755
2011-03-20 07:00:00,4.563043962420453
2011-03-20 08:00:00,18.56781066570449
2011-03-20 09:00:00,46.53778114149961
2011-03-20 10:00:00,78.5188613814051
2011-03-20 11:00:00,96.09187217938606
2011-03-20 12:00:00,141.33738074727347
2011-03-20 13:00:00,118.7118673187807
2011-03-20 14:00:00,121.8003504357686
2011-03-20 15:00:00,119.49023250127671
2011-03-20 16:00:00,119.13670101741897
2011-03-20 17:00:00,98.53570184010565
2011-03-20 18:00:00,68.8200559060242
2011-03-20 19:00:00,52.07496874112351
2011-03-20 20:00:00,35.12604213899162
2011-03-20 21:00:00,26.506567689791503
2011-03-20 22:00:00,19.829781933227917
2011-03-20 23:00:00,6.2910660635264986
2011-03-21 00:00:00,6.061914780682982
2011-03-21 01:00:00,3.1826953272040583
2011-03-21 02:00:00,2.180102418531937
2011-03-21 03:00:00,0.7558924087018717
2011-03-21 05:00:00,5.115651994375422
2011-03-21 06:00:00,20.71275180678465
2011-03-21 07:00:00,42.0762390572957
2011-03-21 08:00:00,152.3568299854688
2011-03-21 09:00:00,97.48328887021013
2011-03-21 10:00:00,44.07542569803463
2011-03-21 11:00:00,56.038265212496185
2011-03-21 12:00:00,67.42998387199147
2011-03-21 13:00:00,85.60464166719363
2011-03-21 14:00:00,75.83169350692788
2011-03-21 15:00:00,92.32086898198669
2011-03-21 16:00:00,118.3146818801397
2011-03-21 17:00:00,244.57926717357196
2011-03-21 18:00:00,229.70152460953523
2011-03-21 19:00:00,160.70747200632715
2011-03-21 20:00:00,128.75680058304522
2011-03-21 21:00:00,61.15983262734839
2011-03-21 22:00:00,47.528006949773115
2011-03-21 23:00:00,30.915470572772602
2011-03-22 00:00:00,12.121659149870759
2011-03-22 01:00:00,3.969141410348069
2011-03-22 02:00:00,1.9910697138725078
2011-03-22 03:00:00,1.4155509178259553
2011-03-22 04:00:00,1.3808896946310174
2011-03-22 05:00:00,8.149142868659615
2011-03-22 06:00:00,46.92900327822159
2011-03-22 07:00:00,127.96257339743173
2011-03-22 08:00:00,221.34791073482504
2011-03-22 09:00:00,107.03221409322265
2011-03-22 10:00:00,56.06386360078918
2011-03-22 11:00:00,62.48628564980471
2011-03-22 12:00:00,92.15233450996307
2011-03-22 13:00:00,90.81535380219262
2011-03-22 14:00:00,84.3621698898724
2011-03-22 15:00:00,87.38628764007656
2011-03-22 16:00:00,136.70015859946042
2011-03-22 17:00:00,265.76642537049923
2011-03-22 18:00:00,273.9158119187851
2011-03-22 19:00:00,141.20828882524748
2011-03-22 20:00:00,86.68481572910665
2011-03-22 21:00:00,74.037321494557
2011-03-22 22:00:00,47.08621964594624
2011-03-22 23:00:00,27.310947250486752
2011-03-23 00:00:00,4.7640391326446405
2011-03-23 01:00:00,2.152135029433062
2011-03-23 02:00:00,0.9057661408307285
2011-03-23 03:00:00,0.736983828682928
2011-03-23 05:00:00,3.1917889436275972
2011-03-23 06:00:00,36.514612254084334
2011-03-23 07:00:00,87.3429700623749
2011-03-23 08:00:00,197.48178201936548
2011-03-23 09:00:00,101.53275075972708
2011-03-23 10:00:00,43.716779484109175
2011-03-23 11:00:00,47.83209227724866
2011-03-23 12:00:00,42.67762045955005
2011-03-23 13:00:00,20.474415512996686
2011-03-23 14:00:00,47.72758935940974
2011-03-23 15:00:00,54.71966663139292
2011-03-23 16:00:00,88.09675598139603
2011-03-23 17:00:00,190.31196521343585
2011-03-23 18:00:00,79.63419989618644
2011-03-23 19:00:00,58.06520170172028
2011-03-23 20:00:00,18.211789330097673
2011-03-23 21:00:00,13.568030958284663
2011-03-23 22:00:00,30.548461869520988
2011-03-23 23:00:00,10.852672490993198
2011-03-24 00:00:00,7.582886793588873
2011-03-24 01:00:00,2.6001672516129983
2011-03-24 02:00:00,2.605349067637312
2011-03-24 03:00:00,1.1693499514411312
2011-03-24 04:00:00,0.9166755680404766
2011-03-24 05:00:00,7.4408337931303326
2011-03-24 06:00:00,36.03217368544037
2011-03-24 07:00:00,29.090484179715954
2011-03-24 08:00:00,72.16157267425594
2011-03-24 09:00:00,75.18520440032749
2011-03-24 10:00:00,27.182398829720395
2011-03-24 11:00:00,41.72472436782135
2011-03-24 12:00:00,40.46511036117789
2011-03-24 13:00:00,48.75915483384367
2011-03-24 14:00:00,49.773746789428436
2011-03-24 15:00:00,54.281563194308035
2011-03-24 16:00:00,74.04078650523448
2011-03-24 17:00:00,152.7672427788471
2011-03-24 18:00:00,140.8225912885239
2011-03-24 19:00:00,88.2688782745618
2011-03-24 20:00:00,60.56943588766992
2011-03-24 21:00:00,54.07492157844805
2011-03-24 22:00:00,39.888953163247606
2011-03-24 23:00:00,22.577885936401188
2011-03-25 00:00:00,13.61490296094444
2011-03-25 01:00:00,5.154594319449923
2011-03-25 02:00:00,2.796736108723058
2011-03-25 03:00:00,1.2202991908090546
2011-03-25 04:00:00,0.8735841423959336
2011-03-25 05:00:00,5.750009920905765
2011-03-25 06:00:00,29.870105629635503
2011-03-25 07:00:00,69.88225512776216
2011-03-25 08:00:00,165.9615099963634
2011-03-25 09:00:00,103.321842904883
2011-03-25 10:00:00,58.54462888141862
2011-03-25 11:00:00,65.30434529047605
2011-03-25 12:00:00,78.24419652829765
2011-03-25 13:00:00,79.5650151918003
2011-03-25 14:00:00,69.1059636720914
2011-03-25 15:00:00,79.8532002260406
2011-03-25 16:00:00,85.04577771005702
2011-03-25 17:00:00,166.96695926300978
2011-03-25 18:00:00,142.75135234135203
2011-03-25 19:00:00,86.83089707481314
2011-03-25 20:00:00,59.51876262454526
2011-03-25 21:00:00,48.69458811302614
2011-03-25 22:00:00,36.45848934660493
2011-03-25 23:00:00,23.673167659563813
2011-03-26 00:00:00,20.91985029256672
2011-03-26 01:00:00,16.006040373721056
2011-03-26 02:00:00,10.936713011562173
2011-03-26 03:00:00,4.194776082064681
2011-03-26 04:00:00,1.2606505784884163
2011-03-26 05:00:00,0.8646216685918326
2011-03-26 06:00:00,3.6752419579997886
2011-03-26 07:00:00,9.487632286982311
2011-03-26 08:00:00,31.26052652769664
2011-03-26 09:00:00,61.456524218022885
2011-03-26 10:00:00,90.97221817705777
2011-03-26 11:00:00,93.17847178233596
2011-03-26 12:00:00,124.29006420751864
2011-03-26 13:00:00,113.11390982136956
2011-03-26 14:00:00,130.6883187982772
2011-03-26 15:00:00,141.27849092198446
2011-03-26 16:00:00,127.91101092034756
2011-03-26 17:00:00,108.6169966559561
2011-03-26 18:00:00,85.04861940692349
2011-03-26 19:00:00,54.71212093054106
2011-03-26 20:00:00,36.749251682837176
2011-03-26 21:00:00,32.42013856398386
2011-03-26 22:00:00,34.0082955986943
2011-03-26 23:00:00,21.020741214876292
2011-03-27 00:00:00,24.236501241999783
2011-03-27 01:00:00,18.92762252506104
2011-03-27 02:00:00,9.239270322481364
2011-03-27 03:00:00,3.052852919831893
2011-03-27 04:00:00,0.7066503846978094
2011-03-27 06:00:00,0.9868256924489935
2011-03-27 07:00:00,3.20878074337989
2011-03-27 08:00:00,25.12474168804064
2011-03-27 09:00:00,54.98894734353394
2011-03-27 10:00:00,81.81381892511577
2011-03-27 11:00:00,97.60854308758478
2011-03-27 12:00:00,121.33411939131419
2011-03-27 13:00:00,125.18234486341545
2011-03-27 14:00:00,134.05878392416122
2011-03-27 15:00:00,133.085418839455
2011-03-27 16:00:00,143.45630475927862
2011-03-27 17:00:00,105.2647053408683
2011-03-27 18:00:00,83.41887809879204
2011-03-27 19:00:00,63.368853427858724
2011-03-27 20:00:00,43.23475220874593
2011-03-27 21:00:00,34.79153596174911
2011-03-27 22:00:00,27.412643865776193
2011-03-27 23:00:00,16.481956333337468
2011-03-28 00:00:00,7.172080049615152
2011-03-28 01:00:00,2.774799603687134
2011-03-28 02:00:00,1.5180863156225919
2011-03-28 03:00:00,0.6012816945445885
2011-03-28 05:00:00,4.33042360701698
2011-03-28 06:00:00,27.255261081876757
2011-03-28 07:00:00,79.65552100927064
2011-03-28 08:00:00,154.77974090311247
2011-03-28 09:00:00,78.55539555746353
2011-03-28 10:00:00,41.491826163001534
2011-03-28 11:00:00,38.42914903359418
2011-03-28 12:00:00,60.286874441958695
2011-03-28 13:00:00,51.78683420990241
2011-03-28 14:00:00,52.44576616454829
2011-03-28 15:00:00,55.51267505326417
2011-03-28 16:00:00,75.613401640706
2011-03-28 17:00:00,152.63340020770002
2011-03-28 18:00:00,152.93884438259056
2011-03-28 19:00:00,102.08198748682638
2011-03-28 20:00:00,70.8829297901314
2011-03-28 21:00:00,50.1647545006994
2011-03-28 22:00:00,33.83228110210965
2011-03-28 23:00:00,16.564861393632253
2011-03-29 00:00:00,6.276856182183177
2011-03-29 01:00:00,2.281196808213748
2011-03-29 02:00:00,1.0969272258419345
2011-03-29 03:00:00,0.4917967199876918
2011-03-29 04:00:00,0.6660206890660589
2011-03-29 05:00:00,4.203466436545787
2011-03-29 06:00:00,31.67349264386724
2011-03-29 07:00:00,77.50948133727314
2011-03-29 08:00:00,144.6644843454392
2011-03-29 09:00:00,83.43379270878883
2011-03-29 10:00:00,41.86313116118241
2011-03-29 11:00:00,39.566492464496626
2011-03-29 12:00:00,63.78112930937341
2011-03-29 13:00:00,53.68690432673712
2011-03-29 14:00:00,54.65496229251613
2011-03-29 15:00:00,63.835517898844515
2011-03-29 16:00:00,87.62019678279079
2011-03-29 17:00:00,193.3438534409462
2011-03-29 18:00:00,184.0441770219688
2011-03-29 19:00:00,101.05362836675806
2011-03-29 20:00:00,69.80678976690054
2011-03-29 21:00:00,75.11375188943336
2011-03-29 22:00:00,48.43240953528357
2011-03-29 23:00:00,25.037405557730057
2011-03-30 00:00:00,9.207746174153817
2011-03-30 01:00:00,4.150432107463146
2011-03-30 02:00:00,1.973721470644087
2011-03-30 03:00:00,1.063665799359406
2011-03-30 04:00:00,0.9055767674272936
2011-03-30 05:00:00,5.5144804809741865
2011-03-30 06:00:00,36.31519596738433
2011-03-30 07:00:00,112.85466971070215
2011-03-30 08:00:00,200.72684308044634
2011-03-30 09:00:00,96.95730715932172
2011-03-30 10:00:00,48.141779842997686
2011-03-30 11:00:00,50.31756868631771
2011-03-30 12:00:00,63.193049582475595
2011-03-30 13:00:00,60.757424646207916
2011-03-30 14:00:00,51.589458803494125
2011-03-30 15:00:00,20.794812544762067
2011-03-30 16:00:00,24.35421096161352
2011-03-30 17:00:00,59.005215551395025
2011-03-30 18:00:00,110.86515226780136
2011-03-30 19:00:00,82.87466071021976
2011-03-30 20:00:00,21.77018616342936
2011-03-30 21:00:00,37.16786167327413
2011-03-30 22:00:00,12.52466651936934
2011-03-30 23:00:00,7.047314479071316
2011-03-31 00:00:00,3.6659159909192365
2011-03-31 01:00:00,1.9724920446843717
2011-03-31 02:00:00,1.4120271088808427
2011-03-31 03:00:00,0.3903202588315503
2011-03-31 04:00:00,0.13071611551692583
2011-03-31 05:00:00,3.579935095006239
2011-03-31 06:00:00,13.198829357106034
2011-03-31 07:00:00,30.179453616298975
2011-03-31 08:00:00,155.29196053368923
2011-03-31 09:00:00,45.22542347160833
2011-03-31 10:00:00,18.983225661312712
2011-03-31 11:00:00,23.479332769879893
2011-03-31 12:00:00,18.725814252838276
2011-03-31 13:00:00,23.278450421059567
2011-03-31 14:00:00,23.455623782958014
2011-03-31 15:00:00,22.624248550729998
2011-03-31 16:00:00,55.09249816485658
2011-03-31 17:00:00,121.53823420821415
2011-03-31 18:00:00,129.49182529047403
2011-03-31 19:00:00,98.65480502215773
2011-03-31 20:00:00,24.1034387198252
2011-03-31 21:00:00,44.662190516100985
2011-03-31 22:00:00,15.8930362807824
2011-03-31 23:00:00,10.130821240233429
2011-04-20 00:00:00,8.201997534166548
2011-04-20 01:00:00,2.624902405342417
2011-04-20 02:00:00,1.7219518090065193
2011-04-20 03:00:00,0.8833011967279085
2011-04-20 04:00:00,0.7002912740033096
2011-04-20 05:00:00,6.469338475849373
2011-04-20 06:00:00,35.04610231478105
2011-04-20 07:00:00,109.34280321915489
2011-04-20 08:00:00,201.65320069311804
2011-04-20 09:00:00,102.14264767523161
2011-04-20 10:00:00,57.152360648967246
2011-04-20 11:00:00,59.972858492590376
2011-04-20 12:00:00,82.83387545614276
2011-04-20 13:00:00,81.46319340365085
2011-04-20 14:00:00,85.06797342618819
2011-04-20 15:00:00,82.94842737496137
2011-04-20 16:00:00,125.36169229654243
2011-04-20 17:00:00,284.9120838122002
2011-04-20 18:00:00,279.3716277664605
2011-04-20 19:00:00,171.4189598837953
2011-04-20 20:00:00,123.9556207042399
2011-04-20 21:00:00,99.72729000521046
2011-04-20 22:00:00,66.16063260561319
2011-04-20 23:00:00,35.41928608430173
2011-04-21 00:00:00,16.108051955004203
2011-04-21 01:00:00,6.2905352640103995
2011-04-21 02:00:00,3.240219462198601
2011-04-21 03:00:00,1.4676842188460966
2011-04-21 04:00:00,0.8853115703171677
2011-04-21 05:00:00,6.385288375635858
2011-04-21 06:00:00,34.465791148730275
2011-04-21 07:00:00,94.50555391211124
2011-04-21 08:00:00,181.72460388067242
2011-04-21 09:00:00,98.41521502519582
2011-04-21 10:00:00,49.37024729849726
2011-04-21 11:00:00,59.95522043562788
2011-04-21 12:00:00,80.3978570840853
2011-04-21 13:00:00,70.71627702116545
2011-04-21 14:00:00,72.51369331361376
2011-04-21 15:00:00,69.18973292226279
2011-04-21 16:00:00,94.1962913596547
2011-04-21 17:00:00,201.32737718089507
2011-04-21 18:00:00,199.97537674918098
2011-04-21 19:00:00,117.27581070370151
2011-04-21 20:00:00,80.74624561553676
2011-04-21 21:00:00,70.31877436548203
2011-04-21 22:00:00,49.60162965824399
2011-04-21 23:00:00,30.519418761220034
2011-04-22 00:00:00,14.49723471599016
2011-04-22 01:00:00,5.540977278433112
2011-04-22 02:00:00,3.8033306109315834
2011-04-22 03:00:00,1.5818112811454133
2011-04-22 04:00:00,0.8474717178096387
2011-04-22 05:00:00,5.501083567354692
2011-04-22 06:00:00,30.80324524425064
2011-04-22 07:00:00,73.25175652760555
2011-04-22 08:00:00,174.60189780585483
2011-04-22 09:00:00,60.664446071970744
2011-04-22 10:00:00,47.42471060341923
2011-04-22 11:00:00,36.76231513558989
2011-04-22 12:00:00,32.00623762537626
2011-04-22 13:00:00,24.656226928858196
2011-04-22 14:00:00,16.33255765820835
2011-04-22 15:00:00,27.524923891606388
2011-04-22 16:00:00,33.124118670561934
2011-04-22 17:00:00,52.80085961248886
2011-04-22 18:00:00,44.82196398358385
2011-04-22 19:00:00,39.734488527996696
2011-04-22 20:00:00,28.260905389692248
2011-04-22 21:00:00,18.81713408386635
2011-04-22 22:00:00,13.998898534927378
2011-04-22 23:00:00,16.655203968730504
2011-04-23 00:00:00,17.96193124738425
2011-04-23 01:00:00,10.368651295374171
2011-04-23 02:00:00,9.000852699080395
2011-04-23 03:00:00,3.276869333431562
2011-04-23 04:00:00,1.657617185650686
2011-04-23 05:00:00,1.454561962600493
2011-04-23 06:00:00,3.9789577272185133
2011-04-23 07:00:00,6.020925815066468
2011-04-23 08:00:00,24.360642379731086
2011-04-23 09:00:00,37.57292213155676
2011-04-23 10:00:00,67.44132696912772
2011-04-23 11:00:00,88.53368960490621
2011-04-23 12:00:00,90.82727548613398
2011-04-23 13:00:00,91.07771119083549
2011-04-23 14:00:00,126.16980397804289
2011-04-23 15:00:00,134.391526651445
2011-04-23 16:00:00,172.8937938783217
2011-04-23 17:00:00,149.62077802751298
2011-04-23 18:00:00,132.773481488983
2011-04-23 19:00:00,92.27149721429936
2011-04-23 20:00:00,57.446022768681814
2011-04-23 21:00:00,51.63688298914311
2011-04-23 22:00:00,59.9271783381753
2011-04-23 23:00:00,38.88358460562356
2011-04-24 00:00:00,46.37015606264398
2011-04-24 01:00:00,28.977685297786216
2011-04-24 02:00:00,27.25015409729173
2011-04-24 03:00:00,11.7959078808659
2011-04-24 04:00:00,3.770279453651751
2011-04-24 05:00:00,2.5811692300089986
2011-04-24 06:00:00,3.9310182290773676
2011-04-24 07:00:00,8.994533118563522
2011-04-24 08:00:00,26.739466854128832
2011-04-24 09:00:00,63.91163077488058
2011-04-24 10:00:00,139.45488785016724
2011-04-24 11:00:00,214.17260274924513
2011-04-24 12:00:00,232.05066405678642
2011-04-24 13:00:00,245.90212424225504
2011-04-24 14:00:00,248.77592886670138
2011-04-24 15:00:00,201.70093364533219
2011-04-24 16:00:00,247.85504548869795
2011-04-24 17:00:00,174.826976376484
2011-04-24 18:00:00,148.4628999762516
2011-04-24 19:00:00,65.1933404026468
2011-04-24 20:00:00,52.28582951008288
2011-04-24 21:00:00,32.774258046394024
2011-04-24 22:00:00,20.777317371143027
2011-04-24 23:00:00,17.78746666557398
2011-04-25 00:00:00,6.843451164152531
2011-04-25 01:00:00,4.037907363131335
2011-04-25 02:00:00,2.501742007034373
2011-04-25 03:00:00,0.9787458210891062
2011-04-25 04:00:00,1.294625800965322
2011-04-25 05:00:00,7.945265062502305
2011-04-25 06:00:00,37.01456555369709
2011-04-25 07:00:00,104.5248787818266
2011-04-25 08:00:00,186.64955981378193
2011-04-25 09:00:00,101.82150328889459
2011-04-25 10:00:00,57.515270717190084
2011-04-25 11:00:00,58.245387438842435
2011-04-25 12:00:00,76.51888724857743
2011-04-25 13:00:00,84.40851231631548
2011-04-25 14:00:00,80.74413718223408
2011-04-25 15:00:00,85.53716474219246
2011-04-25 16:00:00,124.79697691441713
2011-04-25 17:00:00,248.65661767233505
2011-04-25 18:00:00,222.710409136901
2011-04-25 19:00:00,149.0221443776691
2011-04-25 20:00:00,116.6796261552818
2011-04-25 21:00:00,79.56816212154901
2011-04-25 22:00:00,50.12856138223801
2011-04-25 23:00:00,26.575312416661195
2011-04-26 00:00:00,15.344461407164754
2011-04-26 01:00:00,6.054612170232232
2011-04-26 02:00:00,2.8512734487840863
2011-04-26 03:00:00,1.1120005425985404
2011-04-26 04:00:00,1.0970704297799574
2011-04-26 05:00:00,6.3326813218563
2011-04-26 06:00:00,35.81316315810558
2011-04-26 07:00:00,101.92779899537965
2011-04-26 08:00:00,153.91205273825966
2011-04-26 09:00:00,101.4918338968227
2011-04-26 10:00:00,54.88420246294563
2011-04-26 11:00:00,62.69168408740686
2011-04-26 12:00:00,87.86599432478478
2011-04-26 13:00:00,97.84621529305474
2011-04-26 14:00:00,80.78941106470144
2011-04-26 15:00:00,79.16204388231195
2011-04-26 16:00:00,122.6369481956783
2011-04-26 17:00:00,244.7516075940799
2011-04-26 18:00:00,210.39663533532473
2011-04-26 19:00:00,122.66243893061925
2011-04-26 20:00:00,98.73974240416302
2011-04-26 21:00:00,74.49596403667867
2011-04-26 22:00:00,47.571302281915834
2011-04-26 23:00:00,28.536370641912956
2011-04-27 00:00:00,12.224828150820949
2011-04-27 01:00:00,4.649370110117044
2011-04-27 02:00:00,2.4383832668451806
2011-04-27 03:00:00,1.2882383665806332
2011-04-27 04:00:00,0.907858236456867
2011-04-27 05:00:00,7.472260333599905
2011-04-27 06:00:00,37.75565896365178
2011-04-27 07:00:00,108.61556667025587
2011-04-27 08:00:00,177.4645622888736
2011-04-27 09:00:00,68.70897028062637
2011-04-27 10:00:00,41.420102718687616
2011-04-27 11:00:00,45.89572167885206
2011-04-27 12:00:00,55.87692024209892
2011-04-27 13:00:00,55.341771019700936
2011-04-27 14:00:00,58.94184991203183
2011-04-27 15:00:00,59.24827618804356
2011-04-27 16:00:00,94.97818315283158
2011-04-27 17:00:00,94.03138032979427
2011-04-27 18:00:00,89.74577394482519
2011-04-27 19:00:00,117.77928692613285
2011-04-27 20:00:00,81.8212701749522
2011-04-27 21:00:00,57.06530615806791
2011-04-27 22:00:00,43.64382470431992
2011-04-27 23:00:00,26.15775214407242
2011-04-28 00:00:00,14.635591614761326
2011-04-28 01:00:00,3.6381316129203682
2011-04-28 02:00:00,3.2527646436739683
2011-04-28 03:00:00,2.070368993353654
2011-04-28 04:00:00,1.1075687990156045
2011-04-28 05:00:00,8.107738453103428
2011-04-28 06:00:00,44.84686346260674
2011-04-28 07:00:00,119.26046030308468
2011-04-28 08:00:00,203.91180258572933
2011-04-28 09:00:00,45.50631868487892
2011-04-28 10:00:00,31.693207095855307
2011-04-28 11:00:00,39.2808951512698
2011-04-28 12:00:00,50.84151500272581
2011-04-28 13:00:00,40.653983419682476
2011-04-28 14:00:00,43.47582535627994
2011-04-28 15:00:00,68.08333699849986
2011-04-28 16:00:00,82.28737352347339
2011-04-28 17:00:00,254.98596412666282
2011-04-28 18:00:00,255.13361146450677
2011-04-28 19:00:00,164.2791567591481
2011-04-28 20:00:00,102.50687832230997
2011-04-28 21:00:00,88.88707257520093
2011-04-28 22:00:00,58.302902655370765
2011-04-28 23:00:00,36.42896941026317
2011-04-29 00:00:00,21.90088420327206
2011-04-29 01:00:00,10.031812957764425
2011-04-29 02:00:00,5.611209068955385
2011-04-29 03:00:00,2.6188662024240132
2011-04-29 04:00:00,1.4036500303704198
2011-04-29 05:00:00,6.937491543013835
2011-04-29 06:00:00,35.87263910996514
2011-04-29 07:00:00,100.13155123042277
2011-04-29 08:00:00,196.81100411895264
2011-04-29 09:00:00,123.31860825177422
2011-04-29 10:00:00,69.91658535533722
2011-04-29 11:00:00,89.9377406218426
2011-04-29 12:00:00,112.17119192950553
2011-04-29 13:00:00,100.95581986239736
2011-04-29 14:00:00,105.6062044188964
2011-04-29 15:00:00,90.54179778041309
2011-04-29 16:00:00,117.09879895113644
2011-04-29 17:00:00,220.9716782466347
2011-04-29 18:00:00,185.62162080711957
2011-04-29 19:00:00,115.32399294712616
2011-04-29 20:00:00,87.90151679735733
2011-04-29 21:00:00,65.55270639316494
2011-04-29 22:00:00,52.12768527677077
2011-04-29 23:00:00,37.95813189460859
2011-04-30 00:00:00,31.39879289446211
2011-04-30 01:00:00,22.96204264124092
2011-04-30 02:00:00,16.7277655924091
2011-04-30 03:00:00,7.569063917285456
2011-04-30 04:00:00,2.466884735130114
2011-04-30 05:00:00,1.7771586899880591
2011-04-30 06:00:00,6.341357842611401
2011-04-30 07:00:00,14.545258271583318
2011-04-30 08:00:00,39.77530550344417
2011-04-30 09:00:00,78.57980244310308
2011-04-30 10:00:00,142.3606705809751
2011-04-30 11:00:00,156.0304460842436
2011-04-30 12:00:00,193.7566009206708
2011-04-30 13:00:00,198.48776707240148
2011-04-30 14:00:00,218.78342074155603
2011-04-30 15:00:00,211.55452581479528
2011-04-30 16:00:00,200.10485490109474
2011-04-30 17:00:00,168.32496443029027
2011-04-30 18:00:00,148.68073817831527
2011-04-30 19:00:00,123.10303528984764
2011-04-30 20:00:00,72.18453213526828
2011-04-30 21:00:00,60.18486409253989
2011-04-30 22:00:00,58.16004717831464
2011-04-30 23:00:00,42.5237186031203
2011-05-20 00:00:00,25.68428431229011
2011-05-20 01:00:00,9.800285689880134
2011-05-20 02:00:00,5.583486630581981
2011-05-20 03:00:00,2.3764181866723524
2011-05-20 04:00:00,2.3900156001996744
2011-05-20 05:00:00,10.29883971232181
2011-05-20 06:00:00,45.685834463424506
2011-05-20 07:00:00,127.75005790388397
2011-05-20 08:00:00,221.2682425906204
2011-05-20 09:00:00,129.80602110706323
2011-05-20 10:00:00,85.49351024021446
2011-05-20 11:00:00,104.57413260638266
2011-05-20 12:00:00,140.4871055472956
2011-05-20 13:00:00,107.70265293942462
2011-05-20 14:00:00,126.42058435770822
2011-05-20 15:00:00,131.5067575460012
2011-05-20 16:00:00,179.82921740663673
2011-05-20 17:00:00,285.4400931241243
2011-05-20 18:00:00,244.93032576355324
2011-05-20 19:00:00,166.7798874945256
2011-05-20 20:00:00,129.9105533186181
2011-05-20 21:00:00,101.03071737841158
2011-05-20 22:00:00,100.4606281178475
2011-05-20 23:00:00,68.26273055252393
2011-05-21 00:00:00,66.172907066132
2011-05-21 01:00:00,44.45326252851648
2011-05-21 02:00:00,36.48198237216677
2011-05-21 03:00:00,11.97374426185692
2011-05-21 04:00:00,3.876862602800464
2011-05-21 05:00:00,4.093738608979601
2011-05-21 06:00:00,12.094025464367164
2011-05-21 07:00:00,30.0180480573587
2011-05-21 08:00:00,70.74332537368002
2011-05-21 09:00:00,115.81614414177906
2011-05-21 10:00:00,176.71702920909598
2011-05-21 11:00:00,225.95566235433176
2011-05-21 12:00:00,230.7496298991859
2011-05-21 13:00:00,241.97112425143774
2011-05-21 14:00:00,252.55403413967514
2011-05-21 15:00:00,250.35881980052272
2011-05-21 16:00:00,209.3513910245018
2011-05-21 17:00:00,237.33332546761042
2011-05-21 18:00:00,212.6246318664092
2011-05-21 19:00:00,190.31271151320811
2011-05-21 20:00:00,153.7826823128752
2011-05-21 21:00:00,125.19251054676151
2011-05-21 22:00:00,99.97672491474289
2011-05-21 23:00:00,80.07154588104777
2011-05-22 00:00:00,61.14485222212246
2011-05-22 01:00:00,46.187964532552854
2011-05-22 02:00:00,38.64770896951784
2011-05-22 03:00:00,13.531218757975559
2011-05-22 04:00:00,5.214264415898692
2011-05-22 05:00:00,3.3379949393412955
2011-05-22 06:00:00,8.061846721821297
2011-05-22 07:00:00,21.515911793604744
2011-05-22 08:00:00,61.707226442989004
2011-05-22 09:00:00,107.65865675033037
2011-05-22 10:00:00,176.29381738142487
2011-05-22 11:00:00,228.6023027036539
2011-05-22 12:00:00,242.42982700610423
2011-05-22 13:00:00,242.55755281897848
2011-05-22 14:00:00,162.91265945681704
2011-05-22 15:00:00,209.69078954810786
2011-05-22 16:00:00,244.332751162437
2011-05-22 17:00:00,254.53878871867272
2011-05-22 18:00:00,206.39896279959152
2011-05-22 19:00:00,172.1344427430788
2011-05-22 20:00:00,138.12974493894282
2011-05-22 21:00:00,105.42499407122455
2011-05-22 22:00:00,89.00060309779002
2011-05-22 23:00:00,48.35746991576364
2011-05-23 00:00:00,16.9060858898473
2011-05-23 01:00:00,8.826359976820559
2011-05-23 02:00:00,4.597482148704661
2011-05-23 03:00:00,2.2300511690581426
2011-05-23 04:00:00,2.3196306247585667
2011-05-23 05:00:00,9.840798257365948
2011-05-23 06:00:00,40.92670028174943
2011-05-23 07:00:00,125.35725136505323
2011-05-23 08:00:00,188.80766144863222
2011-05-23 09:00:00,95.478394903294
2011-05-23 10:00:00,58.26749697536668
2011-05-23 11:00:00,69.03684868568519
2011-05-23 12:00:00,84.39316649650503
2011-05-23 13:00:00,92.83058926678308
2011-05-23 14:00:00,74.41593395995987
2011-05-23 15:00:00,82.73235369003369
2011-05-23 16:00:00,131.71902829256237
2011-05-23 17:00:00,229.30115418430927
2011-05-23 18:00:00,228.53812559773743
2011-05-23 19:00:00,168.7599010721389
2011-05-23 20:00:00,115.25541308905758
2011-05-23 21:00:00,80.21767372514333
2011-05-23 22:00:00,65.9715204147246
2011-05-23 23:00:00,40.198623335374066
2011-05-24 00:00:00,15.269997911550565
2011-05-24 01:00:00,5.710888327241806
2011-05-24 02:00:00,2.9479671446770452
2011-05-24 03:00:00,1.684101085189916
2011-05-24 04:00:00,2.2271504376542577
2011-05-24 05:00:00,8.800649603169475
2011-05-24 06:00:00,44.16254357116129
2011-05-24 07:00:00,94.60447832512901
2011-05-24 08:00:00,138.89611289097544
2011-05-24 09:00:00,115.96390621794386
2011-05-24 10:00:00,66.76714918879087
2011-05-24 11:00:00,89.41205012428196
2011-05-24 12:00:00,117.52577402931348
2011-05-24 13:00:00,104.04086902448272
2011-05-24 14:00:00,97.29722269480203
2011-05-24 15:00:00,100.48760574966226
2011-05-24 16:00:00,134.23409395135027
2011-05-24 17:00:00,286.58652199425893
2011-05-24 18:00:00,270.1777105855647
2011-05-24 19:00:00,179.8673064249899
2011-05-24 20:00:00,150.57777008036788
2011-05-24 21:00:00,112.82261266172466
2011-05-24 22:00:00,49.533272619681114
2011-05-24 23:00:00,40.510164871699146
2011-05-25 00:00:00,18.397885447143793
2011-05-25 01:00:00,7.960289679712874
2011-05-25 02:00:00,2.7488288547657467
2011-05-25 03:00:00,1.6614495787211747
2011-05-25 04:00:00,1.9359887801212459
2011-05-25 05:00:00,11.284676832465653
2011-05-25 06:00:00,55.115011840242616
2011-05-25 07:00:00,180.4944652242717
2011-05-25 08:00:00,249.75473927445083
2011-05-25 09:00:00,113.47024291658492
2011-05-25 10:00:00,68.64889616719437
2011-05-25 11:00:00,80.59001477479214
2011-05-25 12:00:00,104.53439096459152
2011-05-25 13:00:00,100.47522658740817
2011-05-25 14:00:00,88.29540993204691
2011-05-25 15:00:00,94.33589238928363
2011-05-25 16:00:00,139.59765146891797
2011-05-25 17:00:00,292.3239642037879
2011-05-25 18:00:00,305.9496221585925
2011-05-25 19:00:00,227.6929324214207
2011-05-25 20:00:00,169.76005743219974
2011-05-25 21:00:00,116.65024309704027
2011-05-25 22:00:00,87.82334124869101
2011-05-25 23:00:00,57.99006206200717
2011-05-26 00:00:00,36.29350494662082
2011-05-26 01:00:00,12.16221146870594
2011-05-26 02:00:00,6.37545728431567
2011-05-26 03:00:00,2.5184446480371667
2011-05-26 04:00:00,2.836851469148093
2011-05-26 05:00:00,13.141558574826032
2011-05-26 06:00:00,48.868346889371345
2011-05-26 07:00:00,132.94730044566978
2011-05-26 08:00:00,236.3388328710423
2011-05-26 09:00:00,106.76014337958495
2011-05-26 10:00:00,57.57032868099535
2011-05-26 11:00:00,79.59745233581671
2011-05-26 12:00:00,99.44050120348255
2011-05-26 13:00:00,108.11841605124225
2011-05-26 14:00:00,94.26581637591423
2011-05-26 15:00:00,110.28775512610338
2011-05-26 16:00:00,153.5990137704535
2011-05-26 17:00:00,293.35811224487543
2011-05-26 18:00:00,309.8353384612521
2011-05-26 19:00:00,231.22986801764077
2011-05-26 20:00:00,174.76988262541235
2011-05-26 21:00:00,138.46984736510277
2011-05-26 22:00:00,107.74856229489725
2011-05-26 23:00:00,66.27382829460089
2011-05-27 00:00:00,46.54299496951171
2011-05-27 01:00:00,20.989177586360814
2011-05-27 02:00:00,11.163776838322448
2011-05-27 03:00:00,5.294852002992743
2011-05-27 04:00:00,3.0601764983781434
2011-05-27 05:00:00,14.279094077161043
2011-05-27 06:00:00,57.110224817676304
2011-05-27 07:00:00,154.1528320279403
2011-05-27 08:00:00,220.60028580169507
2011-05-27 09:00:00,118.79701350379459
2011-05-27 10:00:00,89.98588617940631
2011-05-27 11:00:00,112.28655932003095
2011-05-27 12:00:00,138.59728567090738
2011-05-27 13:00:00,128.7974397714247
2011-05-27 14:00:00,118.6940409603117
2011-05-27 15:00:00,128.46706550666588
2011-05-27 16:00:00,164.06943492152485
2011-05-27 17:00:00,285.7180837491624
2011-05-27 18:00:00,257.763610943408
2011-05-27 19:00:00,137.46992259528253
2011-05-27 20:00:00,109.49394418670359
2011-05-27 21:00:00,91.3216814381418
2011-05-27 22:00:00,109.36777446230657
2011-05-27 23:00:00,66.7104854125684
2011-05-28 00:00:00,66.14643384135879
2011-05-28 01:00:00,41.88306110471691
2011-05-28 02:00:00,29.173062131479757
2011-05-28 03:00:00,11.811409600423435
2011-05-28 04:00:00,3.858372495095968
2011-05-28 05:00:00,4.459354532851434
2011-05-28 06:00:00,13.457971793429007
2011-05-28 07:00:00,28.278159459998868
2011-05-28 08:00:00,75.92841534693054
2011-05-28 09:00:00,115.16426831827783
2011-05-28 10:00:00,164.1891243304661
2011-05-28 11:00:00,217.72236836586922
2011-05-28 12:00:00,225.2621235744455
2011-05-28 13:00:00,247.3884395207812
2011-05-28 14:00:00,251.76184995916446
2011-05-28 15:00:00,251.51317930177683
2011-05-28 16:00:00,229.9925073433708
2011-05-28 17:00:00,242.01358993353415
2011-05-28 18:00:00,215.6282187498585
2011-05-28 19:00:00,180.4444848702615
2011-05-28 20:00:00,153.93217234105632
2011-05-28 21:00:00,106.23583325144462
2011-05-28 22:00:00,100.05645454166753
2011-05-28 23:00:00,79.95935683314146
2011-05-29 00:00:00,67.16852205812698
2011-05-29 01:00:00,49.05976415793139
2011-05-29 02:00:00,41.50380765491397
2011-05-29 03:00:00,16.12106979130756
2011-05-29 04:00:00,5.378913285454876
2011-05-29 05:00:00,3.923534102546256
2011-05-29 06:00:00,8.767624069305576
2011-05-29 07:00:00,19.076185908745067
2011-05-29 08:00:00,48.70428546686549
2011-05-29 09:00:00,78.8397865707678
2011-05-29 10:00:00,142.21446314069703
2011-05-29 11:00:00,158.14649376955012
2011-05-29 12:00:00,202.41372496983396
2011-05-29 13:00:00,230.46679631569458
2011-05-29 14:00:00,206.6182078387528
2011-05-29 15:00:00,195.73129899240624
2011-05-29 16:00:00,222.66915871088855
2011-05-29 17:00:00,229.14031706950317
2011-05-29 18:00:00,186.38140226500954
2011-05-29 19:00:00,156.19587759870555
2011-05-29 20:00:00,133.21230982802453
2011-05-29 21:00:00,101.26629076070259
2011-05-29 22:00:00,91.26890287536672
2011-05-29 23:00:00,60.89144961997742
2011-05-30 00:00:00,38.99234671618813
2011-05-30 01:00:00,21.274269773596078
2011-05-30 02:00:00,16.02934736556773
2011-05-30 03:00:00,5.304308574349337
2011-05-30 04:00:00,3.7853180021787924
2011-05-30 05:00:00,5.696380269804489
2011-05-30 06:00:00,14.167234662624022
2011-05-30 07:00:00,38.49563494600016
2011-05-30 08:00:00,85.83412050266715
2011-05-30 09:00:00,139.57926197185913
2011-05-30 10:00:00,140.85441190445226
2011-05-30 11:00:00,173.5947787445785
2011-05-30 12:00:00,181.08543046135202
2011-05-30 13:00:00,175.15931218790297
2011-05-30 14:00:00,185.39241325590984
2011-05-30 15:00:00,190.85184813431835
2011-05-30 16:00:00,236.84986146490613
2011-05-30 17:00:00,292.3598212639853
2011-05-30 18:00:00,244.65164764911088
2011-05-30 19:00:00,141.773244089979
2011-05-30 20:00:00,176.71009751836962
2011-05-30 21:00:00,119.1638620175537
2011-05-30 22:00:00,103.18902072504666
2011-05-30 23:00:00,59.28070815844506
2011-05-31 00:00:00,27.28961758064611
2011-05-31 01:00:00,9.147991651402346
2011-05-31 02:00:00,3.127315046118494
2011-05-31 03:00:00,1.7450648526257777
2011-05-31 04:00:00,2.5322348010524975
2011-05-31 05:00:00,11.45088448069958
2011-05-31 06:00:00,59.54707095840562
2011-05-31 07:00:00,155.89744323131626
2011-05-31 08:00:00,203.981266979647
2011-05-31 09:00:00,107.25832536939768
2011-05-31 10:00:00,62.55859135987131
2011-05-31 11:00:00,82.5399911505421
2011-05-31 12:00:00,100.97988120141326
2011-05-31 13:00:00,98.51986923376477
2011-05-31 14:00:00,91.02818242505809
2011-05-31 15:00:00,100.19420102015545
2011-05-31 16:00:00,146.7690870444303
2011-05-31 17:00:00,268.28453338018437
2011-05-31 18:00:00,271.0619554105587
2011-05-31 19:00:00,203.2762200863587
2011-05-31 20:00:00,171.83335474498202
2011-05-31 21:00:00,129.09997580967345
2011-05-31 22:00:00,94.5509261886842
2011-05-31 23:00:00,52.938180155332965
2011-06-20 00:00:00,20.010467203537356
2011-06-20 01:00:00,7.631659339619393
2011-06-20 02:00:00,3.455169688832312
2011-06-20 03:00:00,1.4607358648993811
2011-06-20 04:00:00,2.500090060661177
2011-06-20 05:00:00,9.457526248435858
2011-06-20 06:00:00,37.1895449288291
2011-06-20 07:00:00,77.8642728154228
2011-06-20 08:00:00,134.6228211406633
2011-06-20 09:00:00,105.27859993765618
2011-06-20 10:00:00,57.17691351700034
2011-06-20 11:00:00,61.37499889800873
2011-06-20 12:00:00,89.28133275282538
2011-06-20 13:00:00,96.71703897933968
2011-06-20 14:00:00,89.70278141147745
2011-06-20 15:00:00,98.30594153229843
2011-06-20 16:00:00,152.76678529349607
2011-06-20 17:00:00,264.1856706070162
2011-06-20 18:00:00,280.47623708122524
2011-06-20 19:00:00,196.41984877707378
2011-06-20 20:00:00,146.54833955156863
2011-06-20 21:00:00,115.56355627169442
2011-06-20 22:00:00,71.60707440065278
2011-06-20 23:00:00,43.740105504796695
2011-06-21 00:00:00,24.980213888873536
2011-06-21 01:00:00,7.914465800539292
2011-06-21 02:00:00,3.659055565038301
2011-06-21 03:00:00,2.024823105582888
2011-06-21 04:00:00,3.7373759578762247
2011-06-21 05:00:00,13.914899508428428
2011-06-21 06:00:00,68.06259419648498
2011-06-21 07:00:00,148.5616941543458
2011-06-21 08:00:00,265.6358216104222
2011-06-21 09:00:00,137.43718132871925
2011-06-21 10:00:00,74.6951026685319
2011-06-21 11:00:00,85.64520786324326
2011-06-21 12:00:00,119.25834587351552
2011-06-21 13:00:00,103.64338139571309
2011-06-21 14:00:00,103.79912753519324
2011-06-21 15:00:00,112.36369769802576
2011-06-21 16:00:00,183.8431677938438
2011-06-21 17:00:00,329.8033014339452
2011-06-21 18:00:00,331.5848438713624
2011-06-21 19:00:00,232.44790023055404
2011-06-21 20:00:00,132.15314968482517
2011-06-21 21:00:00,143.81724699112183
2011-06-21 22:00:00,113.42199374411676
2011-06-21 23:00:00,70.42924199711841
2011-06-22 00:00:00,24.27764788675706
2011-06-22 01:00:00,9.194493821517746
2011-06-22 02:00:00,4.012710226896676
2011-06-22 03:00:00,3.5026260565834466
2011-06-22 04:00:00,3.4316746879794033
2011-06-22 05:00:00,16.90900220348843
2011-06-22 06:00:00,78.409338032735
2011-06-22 07:00:00,200.93188741600667
2011-06-22 08:00:00,296.4478453273797
2011-06-22 09:00:00,129.80198527337785
2011-06-22 10:00:00,72.82739995899816
2011-06-22 11:00:00,80.15153656820496
2011-06-22 12:00:00,108.49997840927108
2011-06-22 13:00:00,96.25091470449851
2011-06-22 14:00:00,91.11222935906582
2011-06-22 15:00:00,105.1094084505234
2011-06-22 16:00:00,168.42285869768344
2011-06-22 17:00:00,324.703785881764
2011-06-22 18:00:00,325.0119227279993
2011-06-22 19:00:00,229.49529318905843
2011-06-22 20:00:00,188.318232037988
2011-06-22 21:00:00,133.3021516233777
2011-06-22 22:00:00,91.67577440666787
2011-06-22 23:00:00,55.77687045714236
2011-06-23 00:00:00,31.154239653619513
2011-06-23 01:00:00,10.756489996650258
2011-06-23 02:00:00,6.028408126021868
2011-06-23 03:00:00,3.2066016810543614
2011-06-23 04:00:00,3.417428776943516
2011-06-23 05:00:00,17.906297580774552
2011-06-23 06:00:00,83.60522083378197
2011-06-23 07:00:00,201.10379754570744
2011-06-23 08:00:00,304.44674111930954
2011-06-23 09:00:00,130.7789533533582
2011-06-23 10:00:00,72.41218566706866
2011-06-23 11:00:00,78.32142910209092
2011-06-23 12:00:00,108.06666570882578
2011-06-23 13:00:00,106.00542354895599
2011-06-23 14:00:00,96.00289013206455
2011-06-23 15:00:00,110.89447365163475
2011-06-23 16:00:00,171.15522304410632
2011-06-23 17:00:00,303.20171203464196
2011-06-23 18:00:00,290.50640157018813
2011-06-23 19:00:00,215.79341899670618
2011-06-23 20:00:00,171.59084136263579
2011-06-23 21:00:00,136.2456508884845
2011-06-23 22:00:00,90.95971294736837
2011-06-23 23:00:00,60.03162693740513
2011-06-24 00:00:00,45.261659212279774
2011-06-24 01:00:00,15.851682650342536
2011-06-24 02:00:00,8.996575207491757
2011-06-24 03:00:00,5.417330328932155
2011-06-24 04:00:00,4.823224273787177
2011-06-24 05:00:00,17.250551630667335
2011-06-24 06:00:00,66.64599260783541
2011-06-24 07:00:00,144.49164861239962
2011-06-24 08:00:00,298.191040842097
2011-06-24 09:00:00,153.4078293738079
2011-06-24 10:00:00,100.48327498481876
2011-06-24 11:00:00,125.78267092367994
2011-06-24 12:00:00,151.56810290016455
2011-06-24 13:00:00,141.58487086731765
2011-06-24 14:00:00,134.09685519479243
2011-06-24 15:00:00,148.73270050680208
2011-06-24 16:00:00,194.55913548726082
2011-06-24 17:00:00,320.060840495436
2011-06-24 18:00:00,282.08955782668835
2011-06-24 19:00:00,209.34529525966778
2011-06-24 20:00:00,151.7913612805852
2011-06-24 21:00:00,126.39622306528938
2011-06-24 22:00:00,118.70344946955392
2011-06-24 23:00:00,89.78681916147532
2011-06-25 00:00:00,69.12799295263899
2011-06-25 01:00:00,49.834302762253515
2011-06-25 02:00:00,39.82184858105924
2011-06-25 03:00:00,16.423542398951305
2011-06-25 04:00:00,5.727098872680187
2011-06-25 05:00:00,5.7665016943781735
2011-06-25 06:00:00,16.548989817889886
2011-06-25 07:00:00,32.89387135865324
2011-06-25 08:00:00,76.23739237279744
2011-06-25 09:00:00,125.18225014604313
2011-06-25 10:00:00,178.70049722569675
2011-06-25 11:00:00,223.93432258730164
2011-06-25 12:00:00,248.75426429629368
2011-06-25 13:00:00,265.5440671590745
2011-06-25 14:00:00,272.0791735765105
2011-06-25 15:00:00,280.6094819166566
2011-06-25 16:00:00,241.17827782984847
2011-06-25 17:00:00,238.96845550141046
2011-06-25 18:00:00,220.04078489977275
2011-06-25 19:00:00,195.97488875246074
2011-06-25 20:00:00,158.1422410382899
2011-06-25 21:00:00,124.73594037511732
2011-06-25 22:00:00,105.38510668200038
2011-06-25 23:00:00,70.55995097814167
2011-06-26 00:00:00,83.14872522580313
2011-06-26 01:00:00,59.599016783768555
2011-06-26 02:00:00,49.29234560206657
2011-06-26 03:00:00,25.231921264623313
2011-06-26 04:00:00,7.142511637399359
2011-06-26 05:00:00,5.396274185538228
2011-06-26 06:00:00,10.09528189858602
2011-06-26 07:00:00,20.216701930420427
2011-06-26 08:00:00,59.9872746453942
2011-06-26 09:00:00,101.3566951670614
2011-06-26 10:00:00,181.65406035190873
2011-06-26 11:00:00,245.83462092470472
2011-06-26 12:00:00,277.76282952564924
2011-06-26 13:00:00,252.67317489989105
2011-06-26 14:00:00,267.3249345573063
2011-06-26 15:00:00,253.4970308665848
2011-06-26 16:00:00,280.7133833321554
2011-06-26 17:00:00,216.42601539781887
2011-06-26 18:00:00,187.84128386453955
2011-06-26 19:00:00,166.6122715489658
2011-06-26 20:00:00,122.96936506469397
2011-06-26 21:00:00,102.69078043407805
2011-06-26 22:00:00,90.85712507222875
2011-06-26 23:00:00,60.82547003278511
2011-06-27 00:00:00,19.589197309435445
2011-06-27 01:00:00,8.582299521472732
2011-06-27 02:00:00,4.519906958661564
2011-06-27 03:00:00,2.323463663559991
2011-06-27 04:00:00,2.762990926863745
2011-06-27 05:00:00,12.56730579417991
2011-06-27 06:00:00,60.381384035178144
2011-06-27 07:00:00,163.75015955437763
2011-06-27 08:00:00,254.08492198215205
2011-06-27 09:00:00,121.89671499793623
2011-06-27 10:00:00,73.35223213195066
2011-06-27 11:00:00,81.60850458606862
2011-06-27 12:00:00,108.42837850963926
2011-06-27 13:00:00,106.47462529511263
2011-06-27 14:00:00,96.67419652179927
2011-06-27 15:00:00,103.18154325336535
2011-06-27 16:00:00,172.15517739092823
2011-06-27 17:00:00,315.66389672296594
2011-06-27 18:00:00,294.09865301509575
2011-06-27 19:00:00,226.4075919832005
2011-06-27 20:00:00,173.5260977136516
2011-06-27 21:00:00,130.12595270882144
2011-06-27 22:00:00,90.00259441897295
2011-06-27 23:00:00,53.301111725349344
2011-06-28 00:00:00,21.24078063761508
2011-06-28 01:00:00,9.591067208764864
2011-06-28 02:00:00,3.8287503181468674
2011-06-28 03:00:00,2.524012076280175
2011-06-28 04:00:00,4.242544001740265
2011-06-28 05:00:00,17.606816476800326
2011-06-28 06:00:00,78.48510933045497
2011-06-28 07:00:00,202.702341590212
2011-06-28 08:00:00,284.81525268417795
2011-06-28 09:00:00,140.67335340527708
2011-06-28 10:00:00,75.06808319175428
2011-06-28 11:00:00,92.91027588255535
2011-06-28 12:00:00,115.44531658461794
2011-06-28 13:00:00,101.97313381735025
2011-06-28 14:00:00,101.93642499070356
2011-06-28 15:00:00,117.59693709519817
2011-06-28 16:00:00,184.28017614628362
2011-06-28 17:00:00,329.89619524514853
2011-06-28 18:00:00,316.5912433413552
2011-06-28 19:00:00,241.67875708166937
2011-06-28 20:00:00,190.67752449466707
2011-06-28 21:00:00,148.19062753592243
2011-06-28 22:00:00,104.67475165238552
2011-06-28 23:00:00,59.84596662852699
2011-06-29 00:00:00,19.04890560848352
2011-06-29 01:00:00,8.659126399059062
2011-06-29 02:00:00,3.968556096023291
2011-06-29 03:00:00,2.58197698516532
2011-06-29 04:00:00,3.355445608194371
2011-06-29 05:00:00,16.101500804641617
2011-06-29 06:00:00,75.48282551007632
2011-06-29 07:00:00,218.94627016899557
2011-06-29 08:00:00,314.4845045219977
2011-06-29 09:00:00,125.93563331709743
2011-06-29 10:00:00,70.132816763963
2011-06-29 11:00:00,83.18792095184453
2011-06-29 12:00:00,109.58081080310588
2011-06-29 13:00:00,96.38437380692469
2011-06-29 14:00:00,91.501910684867
2011-06-29 15:00:00,108.40995394725947
2011-06-29 16:00:00,145.1325450366936
2011-06-29 17:00:00,291.380022776255
2011-06-29 18:00:00,298.5560340747763
2011-06-29 19:00:00,212.01153004670132
2011-06-29 20:00:00,167.28189701448272
2011-06-29 21:00:00,132.8082787403963
2011-06-29 22:00:00,94.68691198990882
2011-06-29 23:00:00,56.86124407550862
2011-06-30 00:00:00,30.132746998839227
2011-06-30 01:00:00,11.053635952664635
2011-06-30 02:00:00,6.174653131091511
2011-06-30 03:00:00,3.0014522173329166
2011-06-30 04:00:00,2.8452661183917964
2011-06-30 05:00:00,16.489613055889475
2011-06-30 06:00:00,86.3290933487654
2011-06-30 07:00:00,223.23187102136694
2011-06-30 08:00:00,296.2667950055985
2011-06-30 09:00:00,131.93125361528533
2011-06-30 10:00:00,70.32373862551508
2011-06-30 11:00:00,89.1057982529922
2011-06-30 12:00:00,116.38574010565534
2011-06-30 13:00:00,104.56599066201176
2011-06-30 14:00:00,94.9312100851235
2011-06-30 15:00:00,108.39250923343852
2011-06-30 16:00:00,157.11259510091142
2011-06-30 17:00:00,300.15920512561433
2011-06-30 18:00:00,283.5965685235613
2011-06-30 19:00:00,221.3295140201038
2011-06-30 20:00:00,168.96286121105783
2011-06-30 21:00:00,128.60114276952848
2011-06-30 22:00:00,94.0805946871264
2011-06-30 23:00:00,64.85591432732318
2011-07-20 00:00:00,26.148772346481856
2011-07-20 01:00:00,9.912302566738463
2011-07-20 02:00:00,4.509159428575569
2011-07-20 03:00:00,3.6906401121080377
2011-07-20 04:00:00,3.0854118637579546
2011-07-20 05:00:00,17.270200584868714
2011-07-20 06:00:00,68.8023532335865
2011-07-20 07:00:00,164.4525491400153
2011-07-20 08:00:00,248.29957502219116
2011-07-20 09:00:00,122.90446167086027
2011-07-20 10:00:00,70.85037520454627
2011-07-20 11:00:00,83.1895337581697
2011-07-20 12:00:00,109.23673098697265
2011-07-20 13:00:00,92.69579566461886
2011-07-20 14:00:00,80.29460865098159
2011-07-20 15:00:00,99.23218165010348
2011-07-20 16:00:00,157.20941372536387
2011-07-20 17:00:00,286.67497795972196
2011-07-20 18:00:00,289.6059656139127
2011-07-20 19:00:00,224.78760681077867
2011-07-20 20:00:00,173.93587264680562
2011-07-20 21:00:00,143.94646939903896
2011-07-20 22:00:00,110.26743949810864
2011-07-20 23:00:00,69.30580202992263
2011-07-21 00:00:00,30.36432904877677
2011-07-21 01:00:00,9.477239482822986
2011-07-21 02:00:00,7.045831097113187
2011-07-21 03:00:00,3.924696173903609
2011-07-21 04:00:00,3.724249930080184
2011-07-21 05:00:00,17.91524498538294
2011-07-21 06:00:00,73.63696053482829
2011-07-21 07:00:00,180.71754007080523
2011-07-21 08:00:00,252.89225456637547
2011-07-21 09:00:00,117.04197929595892
2011-07-21 10:00:00,73.91714625093515
2011-07-21 11:00:00,89.58056785198816
2011-07-21 12:00:00,109.5049538747592
2011-07-21 13:00:00,106.66981020947239
2011-07-21 14:00:00,98.74620716429634
2011-07-21 15:00:00,109.26431464196308
2011-07-21 16:00:00,157.09612793822933
2011-07-21 17:00:00,307.3413730060714
2011-07-21 18:00:00,303.24803158991784
2011-07-21 19:00:00,213.18169948896974
2011-07-21 20:00:00,171.01239084997695
2011-07-21 21:00:00,143.08898355402903
2011-07-21 22:00:00,110.82278794815984
2011-07-21 23:00:00,64.0245153895221
2011-07-22 00:00:00,58.103341557986916
2011-07-22 01:00:00,23.912328450444207
2011-07-22 02:00:00,12.271241701057512
2011-07-22 03:00:00,6.582577017873767
2011-07-22 04:00:00,4.781266164869325
2011-07-22 05:00:00,19.81675872735541
2011-07-22 06:00:00,66.56097428385544
2011-07-22 07:00:00,154.07953671994434
2011-07-22 08:00:00,245.7759231849414
2011-07-22 09:00:00,128.38622964558664
2011-07-22 10:00:00,96.30122229434302
2011-07-22 11:00:00,117.53114490905321
2011-07-22 12:00:00,134.8947996321018
2011-07-22 13:00:00,132.75056505180348
2011-07-22 14:00:00,133.9676482349984
2011-07-22 15:00:00,147.82456432679356
2011-07-22 16:00:00,219.28676448518502
2011-07-22 17:00:00,274.82593416619915
2011-07-22 18:00:00,251.13452582092026
2011-07-22 19:00:00,240.53994094844552
2011-07-22 20:00:00,178.8995018318022
2011-07-22 21:00:00,148.98608010916328
2011-07-22 22:00:00,143.87192482494686
2011-07-22 23:00:00,102.08234527656226
2011-07-23 00:00:00,75.97419248200376
2011-07-23 01:00:00,47.09512289572497
2011-07-23 02:00:00,38.433339538191476
2011-07-23 03:00:00,16.395319046394317
2011-07-23 04:00:00,5.048111347923855
2011-07-23 05:00:00,5.925358108475843
2011-07-23 06:00:00,17.320429044311023
2011-07-23 07:00:00,36.259242471025836
2011-07-23 08:00:00,83.417482687972
2011-07-23 09:00:00,101.18084832838319
2011-07-23 10:00:00,149.46643518260385
2011-07-23 11:00:00,196.62729668420977
2011-07-23 12:00:00,190.37774750783382
2011-07-23 13:00:00,202.10196188781075
2011-07-23 14:00:00,202.85130897637433
2011-07-23 15:00:00,200.8244605269975
2011-07-23 16:00:00,194.31693552691806
2011-07-23 17:00:00,193.91201318469865
2011-07-23 18:00:00,197.54935553376163
2011-07-23 19:00:00,185.76459381009707
2011-07-23 20:00:00,154.37388106034345
2011-07-23 21:00:00,139.4306361743875
2011-07-23 22:00:00,106.36265758420022
2011-07-23 23:00:00,93.66076113194204
2011-07-24 00:00:00,89.9972567039081
2011-07-24 01:00:00,62.0018141477896
2011-07-24 02:00:00,53.93544237225453
2011-07-24 03:00:00,22.685566469096333
2011-07-24 04:00:00,5.661272045550677
2011-07-24 05:00:00,6.109621265748896
2011-07-24 06:00:00,12.516892092715866
2011-07-24 07:00:00,28.673482319712864
2011-07-24 08:00:00,66.92430853061374
2011-07-24 09:00:00,109.05893457473591
2011-07-24 10:00:00,180.25396401250322
2011-07-24 11:00:00,216.99498860589983
2011-07-24 12:00:00,243.2299687397603
2011-07-24 13:00:00,245.11731172124874
2011-07-24 14:00:00,230.964315092396
2011-07-24 15:00:00,225.40676366334336
2011-07-24 16:00:00,242.94590787584735
2011-07-24 17:00:00,220.28004506004308
2011-07-24 18:00:00,206.6810863528404
2011-07-24 19:00:00,177.6232406510912
2011-07-24 20:00:00,150.35688309268195
2011-07-24 21:00:00,122.0494391241002
2011-07-24 22:00:00,105.60188667034556
2011-07-24 23:00:00,65.86364033120267
2011-07-25 00:00:00,25.84508069541371
2011-07-25 01:00:00,11.401063115155928
2011-07-25 02:00:00,5.7297082109360336
2011-07-25 03:00:00,2.9608557878141455
2011-07-25 04:00:00,3.470680722292414
2011-07-25 05:00:00,13.264545345090443
2011-07-25 06:00:00,57.83421710897804
2011-07-25 07:00:00,142.0593747914584
2011-07-25 08:00:00,216.7429441785138
2011-07-25 09:00:00,113.11263085101791
2011-07-25 10:00:00,62.84128905559341
2011-07-25 11:00:00,78.61883707071067
2011-07-25 12:00:00,104.99784910717699
2011-07-25 13:00:00,92.12354753897313
2011-07-25 14:00:00,86.45556403055548
2011-07-25 15:00:00,81.55966102746302
2011-07-25 16:00:00,139.63417267120306
2011-07-25 17:00:00,273.980318815302
2011-07-25 18:00:00,277.77915555436033
2011-07-25 19:00:00,213.9728560898801
2011-07-25 20:00:00,179.36251305371914
2011-07-25 21:00:00,111.28050959741032
2011-07-25 22:00:00,81.14019740977383
2011-07-25 23:00:00,47.46587358802375
2011-07-26 00:00:00,26.476085207835645
2011-07-26 01:00:00,9.879008113987645
2011-07-26 02:00:00,4.180872298128097
2011-07-26 03:00:00,3.1112190152119146
2011-07-26 04:00:00,3.7267494881435663
2011-07-26 05:00:00,14.344322204610286
2011-07-26 06:00:00,67.50206493506701
2011-07-26 07:00:00,200.22607074855603
2011-07-26 08:00:00,261.0483555207643
2011-07-26 09:00:00,150.02516246097545
2011-07-26 10:00:00,79.54810217614386
2011-07-26 11:00:00,90.98935196988697
2011-07-26 12:00:00,112.45708000141578
2011-07-26 13:00:00,119.38876578325997
2011-07-26 14:00:00,109.11314821234248
2011-07-26 15:00:00,127.13289167783176
2011-07-26 16:00:00,180.82418483365564
2011-07-26 17:00:00,355.5871039788475
2011-07-26 18:00:00,365.86159212986513
2011-07-26 19:00:00,270.15244113187657
2011-07-26 20:00:00,218.97302956430255
2011-07-26 21:00:00,177.2065414293988
2011-07-26 22:00:00,115.30083154064185
2011-07-26 23:00:00,67.72553535946551
2011-07-27 00:00:00,32.06384106165077
2011-07-27 01:00:00,11.013122539584565
2011-07-27 02:00:00,5.816817568506931
2011-07-27 03:00:00,3.817610675290333
2011-07-27 04:00:00,2.5463941032482986
2011-07-27 05:00:00,15.190528289490882
2011-07-27 06:00:00,70.0947406973169
2011-07-27 07:00:00,186.30126904684508
2011-07-27 08:00:00,259.43167645625147
2011-07-27 09:00:00,125.73097596801946
2011-07-27 10:00:00,66.40338625032012
2011-07-27 11:00:00,85.27154125647834
2011-07-27 12:00:00,110.92174846282455
2011-07-27 13:00:00,99.49897152948243
2011-07-27 14:00:00,87.42170667800832
2011-07-27 15:00:00,110.70412862729246
2011-07-27 16:00:00,153.22250091132045
2011-07-27 17:00:00,300.91893986312436
2011-07-27 18:00:00,268.0683707018718
2011-07-27 19:00:00,200.19704120267386
2011-07-27 20:00:00,178.96331641581216
2011-07-27 21:00:00,147.86369074757636
2011-07-27 22:00:00,108.6056871524622
2011-07-27 23:00:00,66.85098184236307
2011-07-28 00:00:00,34.18673476114531
2011-07-28 01:00:00,13.544799711779378
2011-07-28 02:00:00,8.064267411227162
2011-07-28 03:00:00,3.578399884143307
2011-07-28 04:00:00,2.9452402430921087
2011-07-28 05:00:00,17.844875154628188
2011-07-28 06:00:00,71.44620789564573
2011-07-28 07:00:00,198.107263581559
2011-07-28 08:00:00,265.66555553367346
2011-07-28 09:00:00,128.50819136826937
2011-07-28 10:00:00,71.65292546148655
2011-07-28 11:00:00,92.7404844722066
2011-07-28 12:00:00,110.39036124133474
2011-07-28 13:00:00,108.58359021361238
2011-07-28 14:00:00,104.1336376643483
2011-07-28 15:00:00,111.74712677752855
2011-07-28 16:00:00,164.19990184872051
2011-07-28 17:00:00,290.695589390592
2011-07-28 18:00:00,293.83372191948126
2011-07-28 19:00:00,221.85619358002933
2011-07-28 20:00:00,182.20499413367654
2011-07-28 21:00:00,155.7553057318309
2011-07-28 22:00:00,108.0309351324368
2011-07-28 23:00:00,65.49153430629197
2011-07-29 00:00:00,52.69862231077693
2011-07-29 01:00:00,19.02389662786664
2011-07-29 02:00:00,11.055581372068582
2011-07-29 03:00:00,5.978557966990976
2011-07-29 04:00:00,4.90271829934317
2011-07-29 05:00:00,19.152167348452494
2011-07-29 06:00:00,63.65661358869515
2011-07-29 07:00:00,152.07742259598064
2011-07-29 08:00:00,219.3644093982231
2011-07-29 09:00:00,143.8636188263158
2011-07-29 10:00:00,106.20340409233877
2011-07-29 11:00:00,130.3787058057039
2011-07-29 12:00:00,145.52496102858075
2011-07-29 13:00:00,119.05427921594347
2011-07-29 14:00:00,142.90176105835062
2011-07-29 15:00:00,164.05706134243545
2011-07-29 16:00:00,225.47885393230047
2011-07-29 17:00:00,321.4389604471076
2011-07-29 18:00:00,284.81241298165736
2011-07-29 19:00:00,228.57721342451347
2011-07-29 20:00:00,209.9970026409089
2011-07-29 21:00:00,161.8737683053824
2011-07-29 22:00:00,144.2471599131671
2011-07-29 23:00:00,98.74320372026752
2011-07-30 00:00:00,75.68348451465319
2011-07-30 01:00:00,49.92770935105362
2011-07-30 02:00:00,41.11595293689431
2011-07-30 03:00:00,16.897646673786202
2011-07-30 04:00:00,5.072270851203261
2011-07-30 05:00:00,5.89203235154782
2011-07-30 06:00:00,16.790317066348788
2011-07-30 07:00:00,34.5327754243226
2011-07-30 08:00:00,80.29689714976338
2011-07-30 09:00:00,108.98120086982622
2011-07-30 10:00:00,156.0771231847494
2011-07-30 11:00:00,204.22863247680036
2011-07-30 12:00:00,214.30273457775482
2011-07-30 13:00:00,193.83859386110436
2011-07-30 14:00:00,199.4022583067024
2011-07-30 15:00:00,220.8765987081772
2011-07-30 16:00:00,199.75660793020666
2011-07-30 17:00:00,198.18147665302894
2011-07-30 18:00:00,197.47316549147115
2011-07-30 19:00:00,169.5400029593138
2011-07-30 20:00:00,150.77481267169287
2011-07-30 21:00:00,139.1331859434306
2011-07-30 22:00:00,107.22450940375404
2011-07-30 23:00:00,95.12405665904373
2011-07-31 00:00:00,92.29454071009728
2011-07-31 01:00:00,61.438177098315286
2011-07-31 02:00:00,53.41215859786472
2011-07-31 03:00:00,21.434338024480258
2011-07-31 04:00:00,5.844669789131706
2011-07-31 05:00:00,5.965777907085158
2011-07-31 06:00:00,12.723521412040123
2011-07-31 07:00:00,28.383972653029115
2011-07-31 08:00:00,63.8397616344285
2011-07-31 09:00:00,101.34614286603913
2011-07-31 10:00:00,174.3140673956123
2011-07-31 11:00:00,223.14646988534352
2011-07-31 12:00:00,248.68898006170636
2011-07-31 13:00:00,226.71166225656248
2011-07-31 14:00:00,232.48486625091957
2011-07-31 15:00:00,247.19008707741267
2011-07-31 16:00:00,237.11690595793007
2011-07-31 17:00:00,240.64774779108026
2011-07-31 18:00:00,213.11504239158225
2011-07-31 19:00:00,166.9746278024038
2011-07-31 20:00:00,149.72742156810068
2011-07-31 21:00:00,119.38528038751657
2011-07-31 22:00:00,90.06360915146882
2011-07-31 23:00:00,61.229094796965256
2011-08-20 00:00:00,61.03143705974379
2011-08-20 01:00:00,45.81231507596431
2011-08-20 02:00:00,41.38176948573427
2011-08-20 03:00:00,14.99246415346834
2011-08-20 04:00:00,4.886154930809202
2011-08-20 05:00:00,4.3486188931303325
2011-08-20 06:00:00,8.612501224183037
2011-08-20 07:00:00,24.46422235837821
2011-08-20 08:00:00,63.22811422634844
2011-08-20 09:00:00,97.65094760246475
2011-08-20 10:00:00,155.668229165793
2011-08-20 11:00:00,193.00453898582595
2011-08-20 12:00:00,214.50759035526437
2011-08-20 13:00:00,222.7813135353963
2011-08-20 14:00:00,233.76588045579948
2011-08-20 15:00:00,231.31779591070494
2011-08-20 16:00:00,225.8298541844384
2011-08-20 17:00:00,222.7160155115064
2011-08-20 18:00:00,220.90590440435315
2011-08-20 19:00:00,175.39115337113452
2011-08-20 20:00:00,143.84069458196288
2011-08-20 21:00:00,112.42425904122427
2011-08-20 22:00:00,81.46321606342013
2011-08-20 23:00:00,83.73170078976996
2011-08-21 00:00:00,70.36356488053998
2011-08-21 01:00:00,54.52537824514051
2011-08-21 02:00:00,48.76237777141273
2011-08-21 03:00:00,19.091327662563845
2011-08-21 04:00:00,6.204293217342946
2011-08-21 05:00:00,3.520842385941526
2011-08-21 06:00:00,6.584889420115414
2011-08-21 07:00:00,17.070020597929762
2011-08-21 08:00:00,46.0656115148166
2011-08-21 09:00:00,90.30980981008797
2011-08-21 10:00:00,158.91587197532516
2011-08-21 11:00:00,198.09709188715163
2011-08-21 12:00:00,229.82889916080566
2011-08-21 13:00:00,238.34231434875747
2011-08-21 14:00:00,110.44559203538962
2011-08-21 15:00:00,162.67909885391862
2011-08-21 16:00:00,189.17679033920516
2011-08-21 17:00:00,145.57752229679485
2011-08-21 18:00:00,141.7199460008271
2011-08-21 19:00:00,139.1245741554203
2011-08-21 20:00:00,97.76210707242512
2011-08-21 21:00:00,83.38675340085724
2011-08-21 22:00:00,61.89703219610529
2011-08-21 23:00:00,50.13578317293275
2011-08-22 00:00:00,22.308900237074152
2011-08-22 01:00:00,9.3136263699707
2011-08-22 02:00:00,4.6765925433044435
2011-08-22 03:00:00,2.8785842317256716
2011-08-22 04:00:00,3.5519238216083684
2011-08-22 05:00:00,11.907499824747884
2011-08-22 06:00:00,64.37621413320836
2011-08-22 07:00:00,180.8030106366182
2011-08-22 08:00:00,229.9281695609638
2011-08-22 09:00:00,129.1517016574052
2011-08-22 10:00:00,76.20565249754092
2011-08-22 11:00:00,84.03092170523078
2011-08-22 12:00:00,110.09053106467204
2011-08-22 13:00:00,116.13106604798514
2011-08-22 14:00:00,99.18028683119437
2011-08-22 15:00:00,103.2848372576495
2011-08-22 16:00:00,173.09738482348772
2011-08-22 17:00:00,299.74783968012315
2011-08-22 18:00:00,300.8592465080758
2011-08-22 19:00:00,219.44662215282153
2011-08-22 20:00:00,162.05535117889318
2011-08-22 21:00:00,119.85206056789848
2011-08-22 22:00:00,73.68830696735569
2011-08-22 23:00:00,45.74770239559142
2011-08-23 00:00:00,21.81371869228949
2011-08-23 01:00:00,8.599555682041926
2011-08-23 02:00:00,4.223742131738545
2011-08-23 03:00:00,3.4987084223532525
2011-08-23 04:00:00,3.629139656764492
2011-08-23 05:00:00,12.846385673288367
2011-08-23 06:00:00,64.31707443790286
2011-08-23 07:00:00,191.20662748405647
2011-08-23 08:00:00,255.7702410487766
2011-08-23 09:00:00,143.34877925238223
2011-08-23 10:00:00,73.74566675304632
2011-08-23 11:00:00,90.57872835286248
2011-08-23 12:00:00,121.37223670680397
2011-08-23 13:00:00,111.93305010345068
2011-08-23 14:00:00,105.87190086887867
2011-08-23 15:00:00,114.95887883901132
2011-08-23 16:00:00,192.6290170700548
2011-08-23 17:00:00,379.0503824292544
2011-08-23 18:00:00,375.42418691508107
2011-08-23 19:00:00,237.2179290308017
2011-08-23 20:00:00,169.62799521971567
2011-08-23 21:00:00,125.31317907483532
2011-08-23 22:00:00,94.81196349293867
2011-08-23 23:00:00,50.95886964847661
2011-08-24 00:00:00,23.261854136854993
2011-08-24 01:00:00,8.317359493607082
2011-08-24 02:00:00,3.913521302200725
2011-08-24 03:00:00,2.472203020513152
2011-08-24 04:00:00,2.314075933992484
2011-08-24 05:00:00,12.46651562343661
2011-08-24 06:00:00,65.31526331292022
2011-08-24 07:00:00,179.08939696512348
2011-08-24 08:00:00,277.995562296221
2011-08-24 09:00:00,123.7167594514547
2011-08-24 10:00:00,74.58913831069212
2011-08-24 11:00:00,80.9477625212096
2011-08-24 12:00:00,95.91063096968574
2011-08-24 13:00:00,93.84855384101074
2011-08-24 14:00:00,93.31770580790716
2011-08-24 15:00:00,89.73957573929997
2011-08-24 16:00:00,146.3943109021988
2011-08-24 17:00:00,306.67043233657773
2011-08-24 18:00:00,323.1238529436831
2011-08-24 19:00:00,221.28683074989286
2011-08-24 20:00:00,165.7353354596519
2011-08-24 21:00:00,124.46662346433851
2011-08-24 22:00:00,88.27646468273633
2011-08-24 23:00:00,50.93556109078049
2011-08-25 00:00:00,27.47739873403971
2011-08-25 01:00:00,10.038164344784258
2011-08-25 02:00:00,5.738159694200429
2011-08-25 03:00:00,3.241304083745133
2011-08-25 04:00:00,3.0662684313084743
2011-08-25 05:00:00,12.611007334474216
2011-08-25 06:00:00,71.30671732495006
2011-08-25 07:00:00,173.3963629497588
2011-08-25 08:00:00,283.8885098161248
2011-08-25 09:00:00,125.348296173592
2011-08-25 10:00:00,75.47564656521396
2011-08-25 11:00:00,62.07943001386297
2011-08-25 12:00:00,61.131660043806875
2011-08-25 13:00:00,84.90077518075911
2011-08-25 14:00:00,85.72321686422703
2011-08-25 15:00:00,102.254567139779
2011-08-25 16:00:00,141.8624728847569
2011-08-25 17:00:00,258.75108311584785
2011-08-25 18:00:00,255.35589081681843
2011-08-25 19:00:00,158.9357537774607
2011-08-25 20:00:00,121.01626194926085
2011-08-25 21:00:00,106.52387381505751
2011-08-25 22:00:00,86.64490057508212
2011-08-25 23:00:00,53.69457944902024
2011-08-26 00:00:00,32.09908384683008
2011-08-26 01:00:00,13.111051538895925
2011-08-26 02:00:00,7.350562271315193
2011-08-26 03:00:00,2.5916516352208627
2011-08-26 04:00:00,3.029501446105984
2011-08-26 05:00:00,11.018744487449341
2011-08-26 06:00:00,44.11114879711868
2011-08-26 07:00:00,131.38841699024036
2011-08-26 08:00:00,198.1283938385282
2011-08-26 09:00:00,113.79419901506249
2011-08-26 10:00:00,90.36386213854728
2011-08-26 11:00:00,96.21058672240054
2011-08-26 12:00:00,117.09427996867983
2011-08-26 13:00:00,131.97166216761858
2011-08-26 14:00:00,116.9567738074116
2011-08-26 15:00:00,142.79513606820632
2011-08-26 16:00:00,182.3551824071992
2011-08-26 17:00:00,254.28509488308356
2011-08-26 18:00:00,229.44180454545554
2011-08-26 19:00:00,155.33961957147352
2011-08-26 20:00:00,115.32882320449943
2011-08-26 21:00:00,100.77967383919989
2011-08-26 22:00:00,99.54895330699924
2011-08-26 23:00:00,74.38753293896168
2011-08-27 00:00:00,71.05731204611676
2011-08-27 01:00:00,52.61991626195555
2011-08-27 02:00:00,40.913605761756855
2011-08-27 03:00:00,18.416982823330912
2011-08-27 04:00:00,5.271474816894626
2011-08-27 05:00:00,4.942317905531478
2011-08-27 06:00:00,10.924463590752048
2011-08-27 07:00:00,22.642658939688715
2011-08-27 08:00:00,50.47349833492189
2011-08-27 09:00:00,93.39674324218477
2011-08-27 10:00:00,135.4680503063829
2011-08-27 11:00:00,79.54529508779994
2011-08-27 12:00:00,75.89912827117702
2011-08-27 13:00:00,99.1775074590691
2011-08-27 14:00:00,59.977893238327695
2011-08-27 15:00:00,66.1241954139165
2011-08-27 16:00:00,59.03022532000682
2011-08-27 17:00:00,52.42641953898928
2011-08-28 07:00:00,9.211584217999063
2011-08-28 08:00:00,25.150089671240902
2011-08-28 09:00:00,92.0695034455383
2011-08-28 10:00:00,174.4340513084147
2011-08-28 11:00:00,198.49639138712465
2011-08-28 12:00:00,236.50284638864053
2011-08-28 13:00:00,246.93820990120085
2011-08-28 14:00:00,241.91646233852015
2011-08-28 15:00:00,224.9723927401878
2011-08-28 16:00:00,245.66101848717585
2011-08-28 17:00:00,232.61475660289463
2011-08-28 18:00:00,191.35232595416102
2011-08-28 19:00:00,160.56551135510313
2011-08-28 20:00:00,119.9937160250494
2011-08-28 21:00:00,96.21474788134284
2011-08-28 22:00:00,67.38571488831796
2011-08-28 23:00:00,44.172352470960305
2011-08-29 00:00:00,21.567677771445183
2011-08-29 01:00:00,9.32762737508885
2011-08-29 02:00:00,4.654443643834336
2011-08-29 03:00:00,2.642022359297482
2011-08-29 04:00:00,3.3478720558257544
2011-08-29 05:00:00,11.350216028699329
2011-08-29 06:00:00,59.34277686576491
2011-08-29 07:00:00,175.64063060262268
2011-08-29 08:00:00,240.58788839720646
2011-08-29 09:00:00,132.16055072726004
2011-08-29 10:00:00,74.71353310747274
2011-08-29 11:00:00,80.91225247061244
2011-08-29 12:00:00,105.07958795552518
2011-08-29 13:00:00,96.38140406676263
2011-08-29 14:00:00,89.22239542775088
2011-08-29 15:00:00,101.75836096486829
2011-08-29 16:00:00,162.44570916759508
2011-08-29 17:00:00,301.681980128888
2011-08-29 18:00:00,320.6727786151735
2011-08-29 19:00:00,215.60141858934253
2011-08-29 20:00:00,162.44226884252151
2011-08-29 21:00:00,127.1429245589928
2011-08-29 22:00:00,80.94292066584043
2011-08-29 23:00:00,47.2871027348998
2011-08-30 00:00:00,20.06818737251075
2011-08-30 01:00:00,7.319737601867004
2011-08-30 02:00:00,3.5940462256567978
2011-08-30 03:00:00,2.3315684585940932
2011-08-30 04:00:00,3.40331721435684
2011-08-30 05:00:00,12.785458642233646
2011-08-30 06:00:00,65.53053433127987
2011-08-30 07:00:00,180.4305587379012
2011-08-30 08:00:00,273.21828991620646
2011-08-30 09:00:00,151.38414381134797
2011-08-30 10:00:00,86.7788063542222
2011-08-30 11:00:00,93.23464328960665
2011-08-30 12:00:00,112.79177942770939
2011-08-30 13:00:00,109.95339078240008
2011-08-30 14:00:00,109.0840949260846
2011-08-30 15:00:00,113.45949732571347
2011-08-30 16:00:00,194.44682148685422
2011-08-30 17:00:00,372.18041423364645
2011-08-30 18:00:00,373.40932067767864
2011-08-30 19:00:00,236.0022427182746
2011-08-30 20:00:00,177.99673480438662
2011-08-30 21:00:00,120.55079790121175
2011-08-30 22:00:00,91.35787699357655
2011-08-30 23:00:00,50.371370277594266
2011-08-31 00:00:00,22.76827617989149
2011-08-31 01:00:00,8.368853967988048
2011-08-31 02:00:00,3.6782780757719946
2011-08-31 03:00:00,2.1298575910195
2011-08-31 04:00:00,2.5695905298819106
2011-08-31 05:00:00,11.879572846065955
2011-08-31 06:00:00,64.44097035729992
2011-08-31 07:00:00,174.3888618358609
2011-08-31 08:00:00,276.96605264753407
2011-08-31 09:00:00,123.81531785925009
2011-08-31 10:00:00,76.02216029379629
2011-08-31 11:00:00,85.3639545340919
2011-08-31 12:00:00,108.53978822891494
2011-08-31 13:00:00,104.09400833394656
2011-08-31 14:00:00,93.33612394505975
2011-08-31 15:00:00,99.94862926841
2011-08-31 16:00:00,162.41302936815674
2011-08-31 17:00:00,330.0469291705441
2011-08-31 18:00:00,337.722322014501
2011-08-31 19:00:00,240.58684993775864
2011-08-31 20:00:00,162.56510965122436
2011-08-31 21:00:00,123.06268009730941
2011-08-31 22:00:00,93.88994885869727
2011-08-31 23:00:00,49.03227359320237
2011-09-20 00:00:00,14.623806861130367
2011-09-20 01:00:00,3.6012030681531213
2011-09-20 02:00:00,2.315823160457002
2011-09-20 03:00:00,2.139884835284688
2011-09-20 04:00:00,2.4821305434474046
2011-09-20 05:00:00,12.376438918836355
2011-09-20 06:00:00,58.063267357713315
2011-09-20 07:00:00,162.2627836147051
2011-09-20 08:00:00,121.70105936834821
2011-09-20 09:00:00,51.79663984303472
2011-09-20 10:00:00,30.678749192636186
2011-09-20 11:00:00,34.70872349357943
2011-09-20 12:00:00,35.7190747131239
2011-09-20 13:00:00,31.662912693403676
2011-09-20 14:00:00,47.257199111616444
2011-09-20 15:00:00,74.14692447354616
2011-09-20 16:00:00,103.75591103244707
2011-09-20 17:00:00,260.30318895581723
2011-09-20 18:00:00,231.05251215863072
2011-09-20 19:00:00,156.32730584398664
2011-09-20 20:00:00,95.4030112276151
2011-09-20 21:00:00,71.37935869962445
2011-09-20 22:00:00,61.638352683960306
2011-09-20 23:00:00,31.853781755344528
2011-09-21 00:00:00,9.237216875257468
2011-09-21 01:00:00,4.136583677394086
2011-09-21 02:00:00,2.207518091712549
2011-09-21 03:00:00,1.677735560211263
2011-09-21 04:00:00,1.7861821030057432
2011-09-21 05:00:00,9.139834849797827
2011-09-21 06:00:00,37.101361510732964
2011-09-21 07:00:00,78.8523838650534
2011-09-21 08:00:00,145.2724947127537
2011-09-21 09:00:00,60.133957848412216
2011-09-21 10:00:00,41.07057440002002
2011-09-21 11:00:00,53.98151733520024
2011-09-21 12:00:00,58.989056835505224
2011-09-21 13:00:00,59.075317945687914
2011-09-21 14:00:00,63.61922232348135
2011-09-21 15:00:00,77.49874206781786
2011-09-21 16:00:00,114.83518149497164
2011-09-21 17:00:00,152.19105921054907
2011-09-21 18:00:00,104.59594379216936
2011-09-21 19:00:00,59.62442106619086
2011-09-21 20:00:00,47.5466110662116
2011-09-21 21:00:00,50.3426052761272
2011-09-21 22:00:00,55.26184883290627
2011-09-21 23:00:00,32.86116288565633
2011-09-22 00:00:00,14.703351837197353
2011-09-22 01:00:00,4.077811286968184
2011-09-22 02:00:00,3.7366881628627393
2011-09-22 03:00:00,1.8809993280796564
2011-09-22 04:00:00,2.1627103963024026
2011-09-22 05:00:00,14.110326530534332
2011-09-22 06:00:00,47.429289404273256
2011-09-22 07:00:00,109.90138653548769
2011-09-22 08:00:00,169.84326455622843
2011-09-22 09:00:00,70.81470453586097
2011-09-22 10:00:00,41.345937164334714
2011-09-22 11:00:00,49.35767774489044
2011-09-22 12:00:00,53.12391108488479
2011-09-22 13:00:00,48.65993981557949
2011-09-22 14:00:00,54.67994434285493
2011-09-22 15:00:00,83.10533755076376
2011-09-22 16:00:00,122.81040915763931
2011-09-22 17:00:00,207.0690527270026
2011-09-22 18:00:00,176.85433640291623
2011-09-22 19:00:00,123.50744191273843
2011-09-22 20:00:00,84.75660533417265
2011-09-22 21:00:00,76.18206443437116
2011-09-22 22:00:00,53.8067712918871
2011-09-22 23:00:00,35.90016458128209
2011-09-23 00:00:00,23.971366167538513
2011-09-23 01:00:00,8.325689630137111
2011-09-23 02:00:00,4.634432735342668
2011-09-23 03:00:00,2.3432144431243356
2011-09-23 04:00:00,1.9466114033616866
2011-09-23 05:00:00,13.960132907242265
2011-09-23 06:00:00,55.765133150087024
2011-09-23 07:00:00,86.10484597333758
2011-09-23 08:00:00,140.4521237787358
2011-09-23 09:00:00,55.50892214428912
2011-09-23 10:00:00,28.503884923296226
2011-09-23 11:00:00,33.02432857590017
2011-09-23 12:00:00,35.451608059965224
2011-09-23 13:00:00,30.732023051337265
2011-09-23 14:00:00,32.21301534774265
2011-09-23 15:00:00,54.594631593754606
2011-09-23 16:00:00,58.417005368606894
2011-09-23 17:00:00,143.96455155910186
2011-09-23 18:00:00,121.342167339149
2011-09-23 19:00:00,137.13875714372833
2011-09-23 20:00:00,99.14818043707047
2011-09-23 21:00:00,65.33291960226353
2011-09-23 22:00:00,81.6551347644404
2011-09-23 23:00:00,46.43170012735757
2011-09-24 00:00:00,56.47669737694292
2011-09-24 01:00:00,46.360030236426724
2011-09-24 02:00:00,32.4343636773961
2011-09-24 03:00:00,14.617058367684566
2011-09-24 04:00:00,4.399420695998072
2011-09-24 05:00:00,4.811152895625645
2011-09-24 06:00:00,11.184325136038373
2011-09-24 07:00:00,27.568667484525843
2011-09-24 08:00:00,64.01392421936082
2011-09-24 09:00:00,88.84771072255337
2011-09-24 10:00:00,140.06717803006103
2011-09-24 11:00:00,195.18378245547365
2011-09-24 12:00:00,183.60999274633065
2011-09-24 13:00:00,177.00582274105776
2011-09-24 14:00:00,223.34021602112983
2011-09-24 15:00:00,218.33268615562224
2011-09-24 16:00:00,231.38750515172654
2011-09-24 17:00:00,209.7630026751981
2011-09-24 18:00:00,178.3121768398795
2011-09-24 19:00:00,140.21545170322074
2011-09-24 20:00:00,123.90917573022091
2011-09-24 21:00:00,102.70674922970169
2011-09-24 22:00:00,88.4257068469129
2011-09-24 23:00:00,71.64055176700839
2011-09-25 00:00:00,76.10394449925192
2011-09-25 01:00:00,65.73328510810995
2011-09-25 02:00:00,26.00672088468632
2011-09-25 03:00:00,14.591538701707192
2011-09-25 04:00:00,4.100813611223526
2011-09-25 05:00:00,5.552843239255936
2011-09-25 06:00:00,8.892335363182944
2011-09-25 07:00:00,18.36520409159764
2011-09-25 08:00:00,49.691418317053156
2011-09-25 09:00:00,100.22950616110683
2011-09-25 10:00:00,194.17180021269846
2011-09-25 11:00:00,238.0072623420893
2011-09-25 12:00:00,278.7188509139201
2011-09-25 13:00:00,239.94205838213517
2011-09-25 14:00:00,260.99918923151046
2011-09-25 15:00:00,236.36310815904048
2011-09-25 16:00:00,288.67131905444893
2011-09-25 17:00:00,209.4654345251108
2011-09-25 18:00:00,195.09894050827785
2011-09-25 19:00:00,136.0843272632676
2011-09-25 20:00:00,105.87143560167969
2011-09-25 21:00:00,66.37041228774267
2011-09-25 22:00:00,77.08221565817453
2011-09-25 23:00:00,41.721630522086585
2011-09-26 00:00:00,13.057199784518968
2011-09-26 01:00:00,6.296199234923429
2011-09-26 02:00:00,2.709132709794249
2011-09-26 03:00:00,1.578757885419248
2011-09-26 04:00:00,2.9782316809061298
2011-09-26 05:00:00,10.688760448109708
2011-09-26 06:00:00,47.9393792437396
2011-09-26 07:00:00,116.02131017795979
2011-09-26 08:00:00,165.56312653175584
2011-09-26 09:00:00,91.30504234738959
2011-09-26 10:00:00,49.736903745707075
2011-09-26 11:00:00,65.59259167275522
2011-09-26 12:00:00,76.22574721445085
2011-09-26 13:00:00,77.35790077005598
2011-09-26 14:00:00,74.95056228207679
2011-09-26 15:00:00,81.02903574131882
2011-09-26 16:00:00,143.98680999615024
2011-09-26 17:00:00,249.12221657930277
2011-09-26 18:00:00,211.14211642689793
2011-09-26 19:00:00,146.41471392168253
2011-09-26 20:00:00,109.99928143243893
2011-09-26 21:00:00,74.17622229080101
2011-09-26 22:00:00,51.91053980179122
2011-09-26 23:00:00,29.87831925556569
2011-09-27 00:00:00,13.124625586585882
2011-09-27 01:00:00,5.201774836488095
2011-09-27 02:00:00,2.351711673174896
2011-09-27 03:00:00,1.5651451379501
2011-09-27 04:00:00,1.8826330087064753
2011-09-27 05:00:00,7.247339423695442
2011-09-27 06:00:00,61.60262552948472
2011-09-27 07:00:00,154.40450662986726
2011-09-27 08:00:00,204.9728617591951
2011-09-27 09:00:00,61.131259725758085
2011-09-27 10:00:00,27.609441491675394
2011-09-27 11:00:00,49.75521831478607
2011-09-27 12:00:00,54.01088581916634
2011-09-27 13:00:00,71.65559657686885
2011-09-27 14:00:00,73.5534835858949
2011-09-27 15:00:00,69.53653672357402
2011-09-27 16:00:00,120.77891908808493
2011-09-27 17:00:00,207.70004079155595
2011-09-27 18:00:00,201.99470961930015
2011-09-27 19:00:00,158.36177984429557
2011-09-27 20:00:00,131.6494569869238
2011-09-27 21:00:00,84.21794888289804
2011-09-27 22:00:00,65.31701717783048
2011-09-27 23:00:00,38.05662750212322
2011-09-28 00:00:00,13.777702776841384
2011-09-28 01:00:00,5.777898947093239
2011-09-28 02:00:00,3.043255886011301
2011-09-28 03:00:00,2.0533995216426537
2011-09-28 04:00:00,2.3057634712034236
2011-09-28 05:00:00,11.243177578401493
2011-09-28 06:00:00,27.831695460087627
2011-09-28 07:00:00,46.939087898828255
2011-09-28 08:00:00,103.36765319934516
2011-09-28 09:00:00,43.666218599663594
2011-09-28 10:00:00,38.325446449006165
2011-09-28 11:00:00,58.481296704079
2011-09-28 12:00:00,63.2480913517099
2011-09-28 13:00:00,74.48926147841482
2011-09-28 14:00:00,78.18874058925479
2011-09-28 15:00:00,79.07314547935273
2011-09-28 16:00:00,125.93284411409853
2011-09-28 17:00:00,256.44583503480936
2011-09-28 18:00:00,114.3241922903513
2011-09-28 19:00:00,92.60049668972862
2011-09-28 20:00:00,65.3598586048088
2011-09-28 21:00:00,42.919324124558926
2011-09-28 22:00:00,67.78183178139616
2011-09-28 23:00:00,35.93160517046113
2011-09-29 00:00:00,15.078889480232416
2011-09-29 01:00:00,3.652630173242187
2011-09-29 02:00:00,3.111248741579054
2011-09-29 03:00:00,2.324018516024015
2011-09-29 04:00:00,2.8461526988200796
2011-09-29 05:00:00,14.654887659729058
2011-09-29 06:00:00,67.3907085063919
2011-09-29 07:00:00,182.01294209414695
2011-09-29 08:00:00,239.4280639145693
2011-09-29 09:00:00,111.9071675538194
2011-09-29 10:00:00,65.2084014501841
2011-09-29 11:00:00,84.6776337305968
2011-09-29 12:00:00,97.98466848410615
2011-09-29 13:00:00,99.88093959255508
2011-09-29 14:00:00,88.20762022266219
2011-09-29 15:00:00,96.623807915866
2011-09-29 16:00:00,147.46847880342372
2011-09-29 17:00:00,288.96589009639376
2011-09-29 18:00:00,275.6960873540682
2011-09-29 19:00:00,174.458826058702
2011-09-29 20:00:00,146.7505137690151
2011-09-29 21:00:00,99.12036045903261
2011-09-29 22:00:00,76.40849206009574
2011-09-29 23:00:00,44.27246470090249
2011-09-30 00:00:00,32.05779002917342
2011-09-30 01:00:00,12.88040749829297
2011-09-30 02:00:00,6.458636812133747
2011-09-30 03:00:00,4.171030880681016
2011-09-30 04:00:00,3.402838076849342
2011-09-30 05:00:00,13.726871326098593
2011-09-30 06:00:00,57.3614084067023
2011-09-30 07:00:00,153.75075965548214
2011-09-30 08:00:00,238.21293989545433
2011-09-30 09:00:00,140.10473796084804
2011-09-30 10:00:00,89.37771638521896
2011-09-30 11:00:00,118.54312934144365
2011-09-30 12:00:00,140.76227543527895
2011-09-30 13:00:00,138.6114577184175
2011-09-30 14:00:00,123.37709910168523
2011-09-30 15:00:00,135.05737074087398
2011-09-30 16:00:00,206.10593237496013
2011-09-30 17:00:00,304.50804091283806
2011-09-30 18:00:00,236.79800602354032
2011-09-30 19:00:00,176.2499414186098
2011-09-30 20:00:00,134.71700935786714
2011-09-30 21:00:00,105.33873382855812
2011-09-30 22:00:00,87.09619669752712
2011-09-30 23:00:00,63.309348292823614
2011-10-20 00:00:00,21.16569303740617
2011-10-20 01:00:00,5.941582909174181
2011-10-20 02:00:00,3.7729441494437346
2011-10-20 03:00:00,2.607568819484817
2011-10-20 04:00:00,3.1268650472948636
2011-10-20 05:00:00,12.405543323147997
2011-10-20 06:00:00,53.057492697141505
2011-10-20 07:00:00,147.3086040096946
2011-10-20 08:00:00,228.4063029060728
2011-10-20 09:00:00,121.22845177886711
2011-10-20 10:00:00,67.11123288736228
2011-10-20 11:00:00,87.21606744338382
2011-10-20 12:00:00,93.06760466695003
2011-10-20 13:00:00,87.67502681811608
2011-10-20 14:00:00,74.54839284927513
2011-10-20 15:00:00,89.71783993258471
2011-10-20 16:00:00,141.63286755421575
2011-10-20 17:00:00,269.4779625507104
2011-10-20 18:00:00,258.1204898670815
2011-10-20 19:00:00,174.49262492101894
2011-10-20 20:00:00,123.22328929814606
2011-10-20 21:00:00,99.54005036147963
2011-10-20 22:00:00,70.4285543225406
2011-10-20 23:00:00,41.569623670419745
2011-10-21 00:00:00,26.66528477265165
2011-10-21 01:00:00,10.009161979877664
2011-10-21 02:00:00,5.497752399841315
2011-10-21 03:00:00,2.6755985077284166
2011-10-21 04:00:00,2.4370717921073997
2011-10-21 05:00:00,10.70193967244318
2011-10-21 06:00:00,48.30235914549233
2011-10-21 07:00:00,126.10130043081733
2011-10-21 08:00:00,231.10101313835216
2011-10-21 09:00:00,135.92860134000685
2011-10-21 10:00:00,79.8278107343283
2011-10-21 11:00:00,115.76456089891158
2011-10-21 12:00:00,132.64831111739605
2011-10-21 13:00:00,130.74436102608385
2011-10-21 14:00:00,115.84101521687995
2011-10-21 15:00:00,139.26543015317614
2011-10-21 16:00:00,200.37699776600434
2011-10-21 17:00:00,258.0621829781201
2011-10-21 18:00:00,207.2850397933901
2011-10-21 19:00:00,135.56140315056123
2011-10-21 20:00:00,97.76670675365622
2011-10-21 21:00:00,82.5661689976055
2011-10-21 22:00:00,78.22427453120433
2011-10-21 23:00:00,53.02686907314293
2011-10-22 00:00:00,47.72677669491349
2011-10-22 01:00:00,30.128594677762365
2011-10-22 02:00:00,23.728683723179195
2011-10-22 03:00:00,10.767237262694088
2011-10-22 04:00:00,4.47516679997886
2011-10-22 05:00:00,3.675510545199579
2011-10-22 06:00:00,10.109943447064799
2011-10-22 07:00:00,24.80098759350671
2011-10-22 08:00:00,61.873928897559054
2011-10-22 09:00:00,112.07920176780407
2011-10-22 10:00:00,131.7318798168846
2011-10-22 11:00:00,161.61514244847953
2011-10-22 12:00:00,225.73855524979854
2011-10-22 13:00:00,204.64952814461913
2011-10-22 14:00:00,189.63139495410297
2011-10-22 15:00:00,248.4249476021541
2011-10-22 16:00:00,231.78448941826977
2011-10-22 17:00:00,216.2003513938564
2011-10-22 18:00:00,177.55863551171353
2011-10-22 19:00:00,144.54721477079684
2011-10-22 20:00:00,107.46948504915025
2011-10-22 21:00:00,70.04628205365987
2011-10-22 22:00:00,76.44314980187043
2011-10-22 23:00:00,59.736557057557874
2011-10-23 00:00:00,58.50132059486989
2011-10-23 01:00:00,39.233968795931105
2011-10-23 02:00:00,26.73815318635893
2011-10-23 03:00:00,15.758110462960879
2011-10-23 04:00:00,6.4593184866243405
2011-10-23 05:00:00,3.9309009220301023
2011-10-23 06:00:00,5.671228253149248
2011-10-23 07:00:00,14.969163065948914
2011-10-23 08:00:00,40.728923708979515
2011-10-23 09:00:00,86.33304226505543
2011-10-23 10:00:00,152.0136031338756
2011-10-23 11:00:00,188.4972818369746
2011-10-23 12:00:00,242.92338242555712
2011-10-23 13:00:00,250.01472590841453
2011-10-23 14:00:00,225.65087274777886
2011-10-23 15:00:00,245.70219698604464
2011-10-23 16:00:00,272.51458076981567
2011-10-23 17:00:00,192.1753494558367
2011-10-23 18:00:00,163.61481652827675
2011-10-23 19:00:00,110.40159464772849
2011-10-23 20:00:00,82.48260843257447
2011-10-23 21:00:00,70.53932628300548
2011-10-23 22:00:00,53.5354363571395
2011-10-23 23:00:00,36.67252983070511
2011-10-24 00:00:00,15.678230059670998
2011-10-24 01:00:00,5.369956197138277
2011-10-24 02:00:00,2.5474771408862127
2011-10-24 03:00:00,1.9232509457682685
2011-10-24 04:00:00,3.6620645498063755
2011-10-24 05:00:00,12.70686038865475
2011-10-24 06:00:00,51.18610584762801
2011-10-24 07:00:00,116.70204713362521
2011-10-24 08:00:00,195.73127196329438
2011-10-24 09:00:00,117.644099849209
2011-10-24 10:00:00,53.368004609745775
2011-10-24 11:00:00,71.48849782290894
2011-10-24 12:00:00,86.5606395554498
2011-10-24 13:00:00,94.03237061932053
2011-10-24 14:00:00,73.52661533778556
2011-10-24 15:00:00,110.19495332358578
2011-10-24 16:00:00,161.1653954557266
2011-10-24 17:00:00,282.34880323143403
2011-10-24 18:00:00,281.0319473350892
2011-10-24 19:00:00,105.52974875853867
2011-10-24 20:00:00,117.67585637037898
2011-10-24 21:00:00,72.8737061198939
2011-10-24 22:00:00,62.194236385941515
2011-10-24 23:00:00,34.21327070247127
2011-10-25 00:00:00,17.520907992258874
2011-10-25 01:00:00,6.043054961408224
2011-10-25 02:00:00,2.289833453783373
2011-10-25 03:00:00,1.5594699827982978
2011-10-25 04:00:00,3.3859199405960387
2011-10-25 05:00:00,13.232100147265921
2011-10-25 06:00:00,66.5434932800385
2011-10-25 07:00:00,181.3810237748584
2011-10-25 08:00:00,239.90648426413588
2011-10-25 09:00:00,155.2464742606876
2011-10-25 10:00:00,79.75809408342012
2011-10-25 11:00:00,94.29243472548816
2011-10-25 12:00:00,113.89128000286114
2011-10-25 13:00:00,105.97406898355796
2011-10-25 14:00:00,107.34017468615986
2011-10-25 15:00:00,119.73776442777549
2011-10-25 16:00:00,193.96793300111977
2011-10-25 17:00:00,333.37396369765116
2011-10-25 18:00:00,318.24864413643195
2011-10-25 19:00:00,192.85341425797554
2011-10-25 20:00:00,157.05630547884178
2011-10-25 21:00:00,92.68787808167549
2011-10-25 22:00:00,77.95983037191522
2011-10-25 23:00:00,41.77426802804596
2011-10-26 00:00:00,17.477840608480346
2011-10-26 01:00:00,5.749842473712204
2011-10-26 02:00:00,2.88183992940604
2011-10-26 03:00:00,2.3976386690823035
2011-10-26 04:00:00,2.390922812634359
2011-10-26 05:00:00,10.990953250564564
2011-10-26 06:00:00,65.38092728450034
2011-10-26 07:00:00,200.78861264891125
2011-10-26 08:00:00,259.4783686185946
2011-10-26 09:00:00,146.23152353399686
2011-10-26 10:00:00,73.10303919754072
2011-10-26 11:00:00,87.65314877261913
2011-10-26 12:00:00,77.55404121926288
2011-10-26 13:00:00,62.979004251902865
2011-10-26 14:00:00,74.96714753128317
2011-10-26 15:00:00,89.08544855426311
2011-10-26 16:00:00,115.1824149752939
2011-10-26 17:00:00,262.0097292870801
2011-10-26 18:00:00,271.14028058027134
2011-10-26 19:00:00,170.72683666303334
2011-10-26 20:00:00,136.82865739298109
2011-10-26 21:00:00,98.93102069493254
2011-10-26 22:00:00,64.63984041785294
2011-10-26 23:00:00,32.41112952236274
2011-10-27 00:00:00,18.34800778106285
2011-10-27 01:00:00,6.6310744412653575
2011-10-27 02:00:00,3.160695238988228
2011-10-27 03:00:00,2.180574328762898
2011-10-27 04:00:00,3.973229015796088
2011-10-27 05:00:00,11.642089403096982
2011-10-27 06:00:00,45.0135456784479
2011-10-27 07:00:00,139.27468406594693
2011-10-27 08:00:00,149.54802869414942
2011-10-27 09:00:00,125.63819831015128
2011-10-27 10:00:00,44.55661852297228
2011-10-27 11:00:00,59.34435392272293
2011-10-27 12:00:00,47.97660187372602
2011-10-27 13:00:00,66.79122018939725
2011-10-27 14:00:00,69.35157870948456
2011-10-27 15:00:00,91.05673654440167
2011-10-27 16:00:00,148.42599571508407
2011-10-27 17:00:00,220.6918773221669
2011-10-27 18:00:00,211.86910393053105
2011-10-27 19:00:00,126.95570619367805
2011-10-27 20:00:00,92.63254704271523
2011-10-27 21:00:00,70.31530648797248
2011-10-27 22:00:00,45.34139369119578
2011-10-27 23:00:00,30.01081311713241
2011-10-28 00:00:00,22.58980659872062
2011-10-28 01:00:00,7.345700779629457
2011-10-28 02:00:00,4.349485888068067
2011-10-28 03:00:00,2.1651623101035793
2011-10-28 04:00:00,1.8574297596415468
2011-10-28 05:00:00,8.14117227955805
2011-10-28 06:00:00,37.652637915404746
2011-10-28 07:00:00,106.3252475585107
2011-10-28 08:00:00,210.32072110674332
2011-10-28 09:00:00,145.092501524336
2011-10-28 10:00:00,78.66870946803819
2011-10-28 11:00:00,104.76914968436648
2011-10-28 12:00:00,105.11183806486369
2011-10-28 13:00:00,118.6356515413911
2011-10-28 14:00:00,90.06178525735736
2011-10-28 15:00:00,118.64481306560621
2011-10-28 16:00:00,150.68260983478515
2011-10-28 17:00:00,232.14125150990367
2011-10-28 18:00:00,189.47163681020385
2011-10-28 19:00:00,138.31945339497514
2011-10-28 20:00:00,66.98285627547423
2011-10-28 21:00:00,52.81221653079799
2011-10-28 22:00:00,37.303894700697136
2011-10-28 23:00:00,23.880060511108468
2011-10-29 00:00:00,18.17233438583161
2011-10-29 01:00:00,14.307163321531664
2011-10-29 02:00:00,11.64513873739353
2011-10-29 03:00:00,3.8361407998745767
2011-10-29 04:00:00,1.912808357812438
2011-10-29 05:00:00,1.3525305402459527
2011-10-29 06:00:00,3.4947014274702743
2011-10-29 07:00:00,9.549761142133784
2011-10-29 08:00:00,27.760811639368253
2011-10-29 09:00:00,51.027893902396855
2011-10-29 10:00:00,51.89776992787292
2011-10-29 11:00:00,51.9195709828952
2011-10-29 12:00:00,38.07293549167684
2011-10-29 13:00:00,39.70849647506201
2011-10-29 14:00:00,40.37440077951762
2011-10-29 15:00:00,56.522322107897295
2011-10-29 16:00:00,46.81796956268671
2011-10-29 17:00:00,52.501709057380346
2011-10-29 18:00:00,42.2767575276763
2011-10-29 19:00:00,60.76138743327845
2011-10-29 20:00:00,44.387780952906844
2011-10-29 21:00:00,32.9006657036549
2011-10-29 22:00:00,36.94499648840706
2011-10-29 23:00:00,32.473850478668005
2011-10-30 00:00:00,29.22273316807871
2011-10-30 01:00:00,20.46164770947917
2011-10-30 02:00:00,14.355861194077187
2011-10-30 03:00:00,8.617805130899663
2011-10-30 04:00:00,2.2965918053296606
2011-10-30 05:00:00,2.4150671414982714
2011-10-30 06:00:00,4.969214596361972
2011-10-30 07:00:00,14.379726244615961
2011-10-30 08:00:00,39.1854491409824
2011-10-30 09:00:00,73.1266832791579
2011-10-30 10:00:00,135.76962874467554
2011-10-30 11:00:00,153.81448551990613
2011-10-30 12:00:00,220.08750792825094
2011-10-30 13:00:00,210.7930407127211
2011-10-30 14:00:00,199.56798183363907
2011-10-30 15:00:00,219.24957809053146
2011-10-30 16:00:00,227.44662681820174
2011-10-30 17:00:00,169.29034485982822
2011-10-30 18:00:00,130.73231685960354
2011-10-30 19:00:00,149.39489723281545
2011-10-30 20:00:00,76.55950826372882
2011-10-30 21:00:00,57.249366750935465
2011-10-30 22:00:00,42.079992052685114
2011-10-30 23:00:00,25.106803749473954
2011-10-31 00:00:00,11.834338456213533
2011-10-31 01:00:00,4.980499352864355
2011-10-31 02:00:00,1.8522811778058723
2011-10-31 03:00:00,1.7020779758793672
2011-10-31 04:00:00,3.2555364650226917
2011-10-31 05:00:00,12.006780849430239
2011-10-31 06:00:00,45.85654899267721
2011-10-31 07:00:00,122.8747613208867
2011-10-31 08:00:00,189.07024831008655
2011-10-31 09:00:00,120.14743475078606
2011-10-31 10:00:00,57.70490989588435
2011-10-31 11:00:00,86.46759034182217
2011-10-31 12:00:00,99.23136329215377
2011-10-31 13:00:00,93.67793354803517
2011-10-31 14:00:00,73.00767265416818
2011-10-31 15:00:00,103.73760658400855
2011-10-31 16:00:00,150.54851129637694
2011-10-31 17:00:00,275.64122826354566
2011-10-31 18:00:00,243.00000842991528
2011-10-31 19:00:00,155.25490894050657
2011-10-31 20:00:00,120.76270226807652
2011-10-31 21:00:00,61.02924068358537
2011-10-31 22:00:00,42.07616705470305
2011-10-31 23:00:00,22.223101551334864
2011-11-20 00:00:00,58.4664241381853
2011-11-20 01:00:00,44.924545823341575
2011-11-20 02:00:00,30.329439996049295
2011-11-20 03:00:00,18.967347465537188
2011-11-20 04:00:00,3.9765377625216614
2011-11-20 05:00:00,3.58394470797142
2011-11-20 06:00:00,7.01597233882066
2011-11-20 07:00:00,21.236018707487567
2011-11-20 08:00:00,41.96330432928968
2011-11-20 09:00:00,83.84184976532764
2011-11-20 10:00:00,136.7278743169602
2011-11-20 11:00:00,191.45868600511605
2011-11-20 12:00:00,253.18202105678824
2011-11-20 13:00:00,236.06829541817473
2011-11-20 14:00:00,233.944019056063
2011-11-20 15:00:00,202.09625402098337
2011-11-20 16:00:00,221.5325454837628
2011-11-20 17:00:00,158.76776039083109
2011-11-20 18:00:00,143.75390273473465
2011-11-20 19:00:00,105.58611858182219
2011-11-20 20:00:00,82.73369292823241
2011-11-20 21:00:00,64.62645976938619
2011-11-20 22:00:00,30.50708553788595
2011-11-20 23:00:00,25.817198204059174
2011-11-21 00:00:00,10.863870793080613
2011-11-21 01:00:00,5.145586576987691
2011-11-21 02:00:00,2.1384009916081723
2011-11-21 03:00:00,1.4030690446063612
2011-11-21 04:00:00,2.408833584202953
2011-11-21 05:00:00,11.619767890210706
2011-11-21 06:00:00,49.48304944757101
2011-11-21 07:00:00,142.0370633891008
2011-11-21 08:00:00,216.61094965056705
2011-11-21 09:00:00,108.42714916210639
2011-11-21 10:00:00,53.738723436725344
2011-11-21 11:00:00,59.44280541650511
2011-11-21 12:00:00,79.22772541825351
2011-11-21 13:00:00,81.3680301084618
2011-11-21 14:00:00,66.28396233295977
2011-11-21 15:00:00,40.83628869494685
2011-11-21 16:00:00,56.89159223904761
2011-11-21 17:00:00,108.18288678208582
2011-11-21 18:00:00,116.41013750475904
2011-11-21 19:00:00,77.21158642001386
2011-11-21 20:00:00,58.523007882345965
2011-11-21 21:00:00,42.452018029289086
2011-11-21 22:00:00,29.359464652720646
2011-11-21 23:00:00,20.50812299600674
2011-11-22 00:00:00,5.721283859109358
2011-11-22 01:00:00,3.0295058918298174
2011-11-22 02:00:00,1.5084621492762529
2011-11-22 03:00:00,0.9540862803469423
2011-11-22 04:00:00,2.1260271950932603
2011-11-22 05:00:00,8.462227517597157
2011-11-22 06:00:00,59.67993490725625
2011-11-22 07:00:00,70.92508079655742
2011-11-22 08:00:00,130.98557806395078
2011-11-22 09:00:00,55.34445768947519
2011-11-22 10:00:00,27.41168175606724
2011-11-22 11:00:00,26.948889987928816
2011-11-22 12:00:00,23.84636846537501
2011-11-22 13:00:00,23.736799179652312
2011-11-22 14:00:00,26.72511696181549
2011-11-22 15:00:00,34.51412956417769
2011-11-22 16:00:00,50.62390152688729
2011-11-22 17:00:00,96.24542307563503
2011-11-22 18:00:00,75.13439406808116
2011-11-22 19:00:00,82.50003632918241
2011-11-22 20:00:00,82.77148031295916
2011-11-22 21:00:00,64.44582010978539
2011-11-22 22:00:00,57.80528982363569
2011-11-22 23:00:00,37.83892750964964
2011-11-23 00:00:00,10.354410403393754
2011-11-23 01:00:00,4.590272174627769
2011-11-23 02:00:00,2.332974596776251
2011-11-23 03:00:00,1.5825698552103895
2011-11-23 04:00:00,1.7882997293304856
2011-11-23 05:00:00,14.052038087035227
2011-11-23 06:00:00,56.624656436311035
2011-11-23 07:00:00,135.61267375232453
2011-11-23 08:00:00,258.19817651724543
2011-11-23 09:00:00,114.01865519648382
2011-11-23 10:00:00,51.08323432151295
2011-11-23 11:00:00,80.41054078340974
2011-11-23 12:00:00,92.60238331166975
2011-11-23 13:00:00,89.17603606631086
2011-11-23 14:00:00,74.1035238822843
2011-11-23 15:00:00,87.10266037383393
2011-11-23 16:00:00,119.83154347535869
2011-11-23 17:00:00,103.49712420298057
2011-11-23 18:00:00,218.5681524827731
2011-11-23 19:00:00,133.54149246313165
2011-11-23 20:00:00,84.51471063285001
2011-11-23 21:00:00,65.64291349443693
2011-11-23 22:00:00,46.224369725374146
2011-11-23 23:00:00,30.311812813868634
2011-11-24 00:00:00,24.9283314512582
2011-11-24 01:00:00,9.930499690963384
2011-11-24 02:00:00,7.696396683948494
2011-11-24 03:00:00,3.9623719424049577
2011-11-24 04:00:00,1.5474648549745273
2011-11-24 05:00:00,4.867485870991482
2011-11-24 06:00:00,14.113949646704752
2011-11-24 07:00:00,36.21511375252565
2011-11-24 08:00:00,96.3238932059403
2011-11-24 09:00:00,98.82645237786039
2011-11-24 10:00:00,87.89747722757677
2011-11-24 11:00:00,129.05102026167754
2011-11-24 12:00:00,161.30635339853836
2011-11-24 13:00:00,143.20477916182608
2011-11-24 14:00:00,140.81773624330765
2011-11-24 15:00:00,169.0943943852345
2011-11-24 16:00:00,196.75887677458158
2011-11-24 17:00:00,193.13924870771882
2011-11-24 18:00:00,169.18219052593312
2011-11-24 19:00:00,128.6052030437895
2011-11-24 20:00:00,86.02127006722472
2011-11-24 21:00:00,62.2793438730983
2011-11-24 22:00:00,51.80175829226983
2011-11-24 23:00:00,35.82450661275942
2011-11-25 00:00:00,24.79843058456132
2011-11-25 01:00:00,10.736215172080104
2011-11-25 02:00:00,4.343114561981085
2011-11-25 03:00:00,2.712521665894549
2011-11-25 04:00:00,2.2419101375327433
2011-11-25 05:00:00,11.250082960009287
2011-11-25 06:00:00,46.62737776190681
2011-11-25 07:00:00,129.44657532507688
2011-11-25 08:00:00,260.8722259859877
2011-11-25 09:00:00,144.83056455111276
2011-11-25 10:00:00,71.28681948222558
2011-11-25 11:00:00,102.51860297729004
2011-11-25 12:00:00,139.25831268533364
2011-11-25 13:00:00,133.719826533003
2011-11-25 14:00:00,115.66899941881583
2011-11-25 15:00:00,134.13867070795445
2011-11-25 16:00:00,176.8192668733028
2011-11-25 17:00:00,243.88641578968742
2011-11-25 18:00:00,209.45697559717718
2011-11-25 19:00:00,164.89849635156284
2011-11-25 20:00:00,108.15967743081653
2011-11-25 21:00:00,74.23414696152946
2011-11-25 22:00:00,62.70138839601381
2011-11-25 23:00:00,51.31635111926466
2011-11-26 00:00:00,50.51197072825038
2011-11-26 01:00:00,38.126851250743556
2011-11-26 02:00:00,23.311595926071675
2011-11-26 03:00:00,10.951424035686815
2011-11-26 04:00:00,3.4683636456420786
2011-11-26 05:00:00,2.7120925450431983
2011-11-26 06:00:00,6.866463630397438
2011-11-26 07:00:00,15.902944169578639
2011-11-26 08:00:00,49.22684511254404
2011-11-26 09:00:00,82.3818390676392
2011-11-26 10:00:00,126.69303905128055
2011-11-26 11:00:00,181.69246751473926
2011-11-26 12:00:00,235.50133183080098
2011-11-26 13:00:00,204.50157628401521
2011-11-26 14:00:00,203.6390350586024
2011-11-26 15:00:00,225.70257397670036
2011-11-26 16:00:00,192.6644312864076
2011-11-26 17:00:00,152.50775781358448
2011-11-26 18:00:00,127.15347371044587
2011-11-26 19:00:00,100.46708513538827
2011-11-26 20:00:00,76.46356802412205
2011-11-26 21:00:00,55.35879199637274
2011-11-26 22:00:00,58.97949423225062
2011-11-26 23:00:00,53.25148815962078
2011-11-27 00:00:00,60.959856260847985
2011-11-27 01:00:00,50.716982327253895
2011-11-27 02:00:00,31.485333222684027
2011-11-27 03:00:00,17.580363522738544
2011-11-27 04:00:00,3.7408174221192754
2011-11-27 05:00:00,3.232861895527418
2011-11-27 06:00:00,6.923399855290822
2011-11-27 07:00:00,17.191554666819275
2011-11-27 08:00:00,45.87800218177541
2011-11-27 09:00:00,83.86082464444377
2011-11-27 10:00:00,149.5206238097214
2011-11-27 11:00:00,223.31824716807793
2011-11-27 12:00:00,285.23100188371944
2011-11-27 13:00:00,270.7251280167521
2011-11-27 14:00:00,269.573982257147
2011-11-27 15:00:00,300.10992668761116
2011-11-27 16:00:00,262.1816134420264
2011-11-27 17:00:00,187.94698434593025
2011-11-27 18:00:00,144.5530475278442
2011-11-27 19:00:00,110.32672599053275
2011-11-27 20:00:00,89.14654145244548
2011-11-27 21:00:00,77.89103001084091
2011-11-27 22:00:00,58.21748164580841
2011-11-27 23:00:00,43.97240868733813
2011-11-28 00:00:00,17.073633495988
2011-11-28 01:00:00,6.474345351114104
2011-11-28 03:00:00,2.4485730857880332
2011-11-28 04:00:00,2.638380491865087
2011-11-28 05:00:00,12.40215953958898
2011-11-28 06:00:00,64.33300303677008
2011-11-28 07:00:00,160.925992102111
2011-11-28 08:00:00,211.987935071275
2011-11-28 09:00:00,119.49327634704412
2011-11-28 10:00:00,59.6147344946474
2011-11-28 11:00:00,68.34118977660869
2011-11-28 12:00:00,106.20260658124978
2011-11-28 13:00:00,87.45737633986556
2011-11-28 14:00:00,97.05612740057606
2011-11-28 15:00:00,103.25800234105334
2011-11-28 16:00:00,155.93883386647516
2011-11-28 17:00:00,269.272233690912
2011-11-28 18:00:00,250.0637707073031
2011-11-28 19:00:00,168.11458248653278
2011-11-28 20:00:00,106.60833101166445
2011-11-28 21:00:00,85.04195551538221
2011-11-28 22:00:00,57.2182865993019
2011-11-28 23:00:00,34.40744057255136
2011-11-29 00:00:00,15.10656538264164
2011-11-29 01:00:00,6.848821903333887
2011-11-29 02:00:00,2.314722630292069
2011-11-29 03:00:00,1.717639688998558
2011-11-29 04:00:00,3.7134039434522776
2011-11-29 05:00:00,14.027088625802481
2011-11-29 06:00:00,83.55007481755797
2011-11-29 07:00:00,210.74097453156415
2011-11-29 08:00:00,302.72061437658715
2011-11-29 09:00:00,106.37100296962382
2011-11-29 10:00:00,48.884119951048234
2011-11-29 11:00:00,38.97350648404512
2011-11-29 12:00:00,37.409556612962206
2011-11-29 13:00:00,42.965912234614926
2011-11-29 14:00:00,29.885950571664626
2011-11-29 15:00:00,35.32059116125552
2011-11-29 16:00:00,57.83787901398929
2011-11-29 17:00:00,186.13546330838147
2011-11-29 18:00:00,187.70677640928338
2011-11-29 19:00:00,130.43365711771347
2011-11-29 20:00:00,90.09476112462602
2011-11-29 21:00:00,73.03881272471097
2011-11-29 22:00:00,54.72911470464553
2011-11-29 23:00:00,30.203669379170332
2011-11-30 00:00:00,12.424480590615321
2011-11-30 01:00:00,4.431356769197554
2011-11-30 02:00:00,2.2208169495637367
2011-11-30 03:00:00,1.7114151162326214
2011-11-30 04:00:00,1.5637330889455106
2011-11-30 05:00:00,9.504880546261386
2011-11-30 06:00:00,44.285021026273675
2011-11-30 07:00:00,132.38971031020156
2011-11-30 08:00:00,238.5343120283321
2011-11-30 09:00:00,132.14311698433255
2011-11-30 10:00:00,61.603818998859296
2011-11-30 11:00:00,70.99823538491682
2011-11-30 12:00:00,77.4310689773193
2011-11-30 13:00:00,88.93220506369117
2011-11-30 14:00:00,69.44306861905108
2011-11-30 15:00:00,77.40712743233226
2011-11-30 16:00:00,100.18417007622519
2011-11-30 17:00:00,218.66867294406526
2011-11-30 18:00:00,192.75201383723214
2011-11-30 19:00:00,128.81253768232204
2011-11-30 20:00:00,89.36460925823914
2011-11-30 21:00:00,63.015620782594425
2011-11-30 22:00:00,44.42787310764042
2011-11-30 23:00:00,24.997982041933888
2011-12-20 00:00:00,15.92997224564462
2011-12-20 01:00:00,6.847998581626182
2011-12-20 02:00:00,2.6738021223033863
2011-12-20 03:00:00,2.1341595997227247
2011-12-20 04:00:00,2.144482193251723
2011-12-20 05:00:00,11.318999543179077
2011-12-20 06:00:00,48.31489651141572
2011-12-20 07:00:00,158.36190155170627
2011-12-20 08:00:00,240.72867877189802
2011-12-20 09:00:00,135.2078652976275
2011-12-20 10:00:00,66.38554708935231
2011-12-20 11:00:00,74.03088596338372
2011-12-20 12:00:00,99.68153394931896
2011-12-20 13:00:00,91.82617672472637
2011-12-20 14:00:00,87.40386737709892
2011-12-20 15:00:00,91.78280944733011
2011-12-20 16:00:00,157.56893588805966
2011-12-20 17:00:00,272.00162791888516
2011-12-20 18:00:00,267.7119401802761
2011-12-20 19:00:00,176.00575087935323
2011-12-20 20:00:00,126.4470540921569
2011-12-20 21:00:00,88.13958759959723
2011-12-20 22:00:00,58.23663423389297
2011-12-20 23:00:00,36.5075908726818
2011-12-21 00:00:00,8.838514550813542
2011-12-21 01:00:00,3.737531642259655
2011-12-21 02:00:00,1.7082256113838863
2011-12-21 03:00:00,1.7121201369139132
2011-12-21 04:00:00,1.096384063558045
2011-12-21 05:00:00,8.195812926320837
2011-12-21 06:00:00,27.05498794770007
2011-12-21 07:00:00,65.6276862816785
2011-12-21 08:00:00,74.75330168290175
2011-12-21 09:00:00,86.5580332018289
2011-12-21 10:00:00,36.83283081206968
2011-12-21 11:00:00,41.13460411991895
2011-12-21 12:00:00,18.99350278066476
2011-12-21 13:00:00,19.405632447094845
2011-12-21 14:00:00,34.82805697991848
2011-12-21 15:00:00,34.71811524075581
2011-12-21 16:00:00,23.120900314132378
2011-12-21 17:00:00,50.13099683256152
2011-12-21 18:00:00,88.83953880735692
2011-12-21 19:00:00,73.03503511464108
2011-12-21 20:00:00,56.710888580387966
2011-12-21 21:00:00,51.429465931547746
2011-12-21 22:00:00,43.304935656025975
2011-12-21 23:00:00,28.936651903005497
2011-12-22 00:00:00,15.360293312776815
2011-12-22 01:00:00,5.085252148069385
2011-12-22 02:00:00,3.1723428876428423
2011-12-22 03:00:00,1.6796749937290603
2011-12-22 04:00:00,1.1320546931219764
2011-12-22 05:00:00,8.162928568672307
2011-12-22 06:00:00,33.12595238981493
2011-12-22 07:00:00,85.6967505689464
2011-12-22 08:00:00,190.45204096895048
2011-12-22 09:00:00,91.1614032600287
2011-12-22 10:00:00,44.29985872177112
2011-12-22 11:00:00,56.92068237389911
2011-12-22 12:00:00,77.14036214265418
2011-12-22 13:00:00,67.48922172085763
2011-12-22 14:00:00,63.022984773925884
2011-12-22 15:00:00,67.88433808412043
2011-12-22 16:00:00,109.45712168869665
2011-12-22 17:00:00,189.14190998240204
2011-12-22 18:00:00,182.49446480411277
2011-12-22 19:00:00,116.59591470800534
2011-12-22 20:00:00,59.38982505651398
2011-12-22 21:00:00,45.7894435597199
2011-12-22 22:00:00,25.695501018149574
2011-12-22 23:00:00,22.993133415527627
2011-12-23 00:00:00,12.884685970845789
2011-12-23 01:00:00,6.883908676139954
2011-12-23 02:00:00,2.875368749265124
2011-12-23 03:00:00,1.0874733488450326
2011-12-23 04:00:00,0.3743669473526724
2011-12-23 05:00:00,6.425903081930931
2011-12-23 06:00:00,28.321255674846356
2011-12-23 07:00:00,77.93156497025092
2011-12-23 08:00:00,169.57226621101947
2011-12-23 09:00:00,93.73885514038803
2011-12-23 10:00:00,45.8327857780823
2011-12-23 11:00:00,53.61631216035005
2011-12-23 12:00:00,56.797210615179864
2011-12-23 13:00:00,63.95180852428611
2011-12-23 14:00:00,53.867637749146816
2011-12-23 15:00:00,59.74604078457488
2011-12-23 16:00:00,101.79699800981452
2011-12-23 17:00:00,165.47665675943162
2011-12-23 18:00:00,133.50771844117986
2011-12-23 19:00:00,94.07165462396995
2011-12-23 20:00:00,56.55657613156238
2011-12-23 21:00:00,47.525429881960086
2011-12-23 22:00:00,43.718048243269926
2011-12-23 23:00:00,34.504145202097156
2011-12-24 00:00:00,24.53924332422827
2011-12-24 01:00:00,23.540633800874986
2011-12-24 02:00:00,19.225840809891857
2011-12-24 03:00:00,8.384456461098937
2011-12-24 04:00:00,1.2178674954201374
2011-12-24 05:00:00,0.7359953908608206
2011-12-24 06:00:00,2.3736516097402496
2011-12-24 07:00:00,6.403792402748096
2011-12-24 08:00:00,18.13041436629642
2011-12-24 09:00:00,34.68680527908034
2011-12-24 10:00:00,55.93083722568061
2011-12-24 11:00:00,75.05476240949582
2011-12-24 12:00:00,99.40170383549783
2011-12-24 13:00:00,96.77158774811718
2011-12-24 14:00:00,87.04855768986826
2011-12-24 15:00:00,90.13899508770467
2011-12-24 16:00:00,88.30848423047587
2011-12-24 17:00:00,61.52489951522812
2011-12-24 18:00:00,51.92775228243068
2011-12-24 19:00:00,47.71340582731262
2011-12-24 20:00:00,29.38716098332253
2011-12-24 21:00:00,24.145154201771977
2011-12-24 22:00:00,22.87486438186828
2011-12-24 23:00:00,18.298020051472523
2011-12-25 00:00:00,15.598569714279122
2011-12-25 01:00:00,17.81238709087443
2011-12-25 02:00:00,17.59681528979351
2011-12-25 03:00:00,8.3924357181223
2011-12-25 05:00:00,0.3376231742177768
2011-12-25 06:00:00,0.8261747380648949
2011-12-25 07:00:00,2.9110583659917353
2011-12-25 08:00:00,10.533976743440142
2011-12-25 09:00:00,28.19700056859181
2011-12-25 10:00:00,48.83212830009269
2011-12-25 11:00:00,67.5336695020726
2011-12-25 12:00:00,73.7479544079416
2011-12-25 13:00:00,82.50696612233429
2011-12-25 14:00:00,69.33710675750632
2011-12-25 15:00:00,69.0620587149942
2011-12-25 16:00:00,90.44263104540461
2011-12-25 17:00:00,61.52479396589756
2011-12-25 18:00:00,40.93747590509522
2011-12-25 19:00:00,41.290936115078004
2011-12-25 20:00:00,29.560940199964445
2011-12-25 21:00:00,20.287381517613138
2011-12-25 22:00:00,14.588664967570349
2011-12-25 23:00:00,9.937086020380042
2011-12-26 00:00:00,10.064095431771776
2011-12-26 01:00:00,5.866128281564859
2011-12-26 02:00:00,4.597959279779726
2011-12-26 04:00:00,0.3368809400134798
2011-12-26 05:00:00,0.7492996968648398
2011-12-26 06:00:00,3.0348331209903305
2011-12-26 07:00:00,10.486235152233384
2011-12-26 08:00:00,24.431160187495244
2011-12-26 09:00:00,46.113833509776164
2011-12-26 10:00:00,41.159053720175216
2011-12-26 11:00:00,46.09987569385315
2011-12-26 12:00:00,55.301545301724325
2011-12-26 13:00:00,65.91718528700896
2011-12-26 14:00:00,63.39570443835193
2011-12-26 15:00:00,69.84421680930637
2011-12-26 16:00:00,77.01476488639462
2011-12-26 17:00:00,68.22415315974642
2011-12-26 18:00:00,66.68626888878951
2011-12-26 19:00:00,54.29118656886677
2011-12-26 20:00:00,39.74946805251629
2011-12-26 21:00:00,22.44483535334173
2011-12-26 22:00:00,19.523193402162725
2011-12-26 23:00:00,10.627699428604908
2011-12-27 00:00:00,6.945905543513238
2011-12-27 01:00:00,2.470704155280409
2011-12-27 02:00:00,1.3035126907872243
2011-12-27 03:00:00,0.6430064197294629
2011-12-27 04:00:00,0.7240101430788448
2011-12-27 05:00:00,5.8866475446664515
2011-12-27 06:00:00,28.120606870286494
2011-12-27 07:00:00,73.2746633964162
2011-12-27 08:00:00,170.7246394195748
2011-12-27 09:00:00,70.76590620586042
2011-12-27 10:00:00,43.63391559264798
2011-12-27 11:00:00,33.61291285776562
2011-12-27 12:00:00,33.779928049528415
2011-12-27 13:00:00,28.530761294492734
2011-12-27 14:00:00,28.083014817940775
2011-12-27 15:00:00,26.92291220487756
2011-12-27 16:00:00,45.69265033637168
2011-12-27 17:00:00,121.98241362852947
2011-12-27 18:00:00,129.07309782156761
2011-12-27 19:00:00,92.4125657933359
2011-12-27 20:00:00,68.2544834659543
2011-12-27 21:00:00,50.30477181812512
2011-12-27 22:00:00,36.6067200265246
2011-12-27 23:00:00,19.765429851489344
2011-12-28 00:00:00,8.946469569928865
2011-12-28 01:00:00,3.3630705586857497
2011-12-28 02:00:00,1.3169714840195619
2011-12-28 03:00:00,0.9692801228707519
2011-12-28 05:00:00,4.46887076865136
2011-12-28 06:00:00,29.619652760628917
2011-12-28 07:00:00,80.05607424921665
2011-12-28 08:00:00,163.18081019702046
2011-12-28 09:00:00,91.55466667757909
2011-12-28 10:00:00,46.35869004448996
2011-12-28 11:00:00,45.25528099653614
2011-12-28 12:00:00,39.76004447618401
2011-12-28 13:00:00,44.7632555369373
2011-12-28 14:00:00,40.45662747800454
2011-12-28 15:00:00,44.483845276216826
2011-12-28 16:00:00,52.39393884517272
2011-12-28 17:00:00,132.75741701321397
2011-12-28 18:00:00,123.3244261638083
2011-12-28 19:00:00,74.34237429493952
2011-12-28 20:00:00,57.640611390244366
2011-12-28 21:00:00,40.66075406659816
2011-12-28 22:00:00,28.378497887108214
2011-12-28 23:00:00,13.59734380387533
2011-12-29 00:00:00,7.051826971975734
2011-12-29 01:00:00,2.6628065278266324
2011-12-29 02:00:00,1.520189208096884
2011-12-29 03:00:00,0.7538642247514138
2011-12-29 04:00:00,0.47983227742343076
2011-12-29 05:00:00,4.7912913696381345
2011-12-29 06:00:00,25.919223918572236
2011-12-29 07:00:00,70.44746636166919
2011-12-29 08:00:00,166.13201422097544
2011-12-29 09:00:00,93.09592712674485
2011-12-29 10:00:00,39.78113780475329
2011-12-29 11:00:00,45.6945265737939
2011-12-29 12:00:00,54.42412368903777
2011-12-29 13:00:00,52.25438081603152
2011-12-29 14:00:00,52.28198096640147
2011-12-29 15:00:00,55.593612984778964
2011-12-29 16:00:00,79.77990142219394
2011-12-29 17:00:00,170.84939981673014
2011-12-29 18:00:00,160.48946551550551
2011-12-29 19:00:00,102.35281655707368
2011-12-29 20:00:00,68.96691083197075
2011-12-29 21:00:00,51.113811912847375
2011-12-29 22:00:00,39.84199219202158
2011-12-29 23:00:00,28.42627012812004
2011-12-30 00:00:00,15.679324958664541
2011-12-30 01:00:00,6.077812959986371
2011-12-30 02:00:00,3.0902184592347597
2011-12-30 03:00:00,1.6252744513138508
2011-12-30 04:00:00,0.7766702824537302
2011-12-30 05:00:00,5.709929376783357
2011-12-30 06:00:00,24.93686798640303
2011-12-30 07:00:00,66.69368937177244
2011-12-30 08:00:00,166.675932112748
2011-12-30 09:00:00,87.52799794319546
2011-12-30 10:00:00,43.51430604268596
2011-12-30 11:00:00,55.15314171617566
2011-12-30 12:00:00,76.27526855644685
2011-12-30 13:00:00,75.23002877742569
2011-12-30 14:00:00,71.09485535648476
2011-12-30 15:00:00,77.50889718461335
2011-12-30 16:00:00,115.35473352422007
2011-12-30 17:00:00,173.9300414583367
2011-12-30 18:00:00,139.9764204639571
2011-12-30 19:00:00,82.34073235432234
2011-12-30 20:00:00,65.93126695803826
2011-12-30 21:00:00,52.04092191928544
2011-12-30 22:00:00,39.67080861417272
2011-12-30 23:00:00,29.88873889336127
2011-12-31 00:00:00,24.82448225909559
2011-12-31 01:00:00,23.56938944869468
2011-12-31 02:00:00,16.9650482835116
2011-12-31 03:00:00,9.443915313357504
2011-12-31 04:00:00,1.2675424555489463
2011-12-31 05:00:00,0.8827673476250912
2011-12-31 06:00:00,3.438227168835045
2011-12-31 07:00:00,4.615687232271693
2011-12-31 08:00:00,19.443285116866754
2011-12-31 09:00:00,43.86668859280579
2011-12-31 10:00:00,73.91575943100175
2011-12-31 11:00:00,103.108030927982
2011-12-31 12:00:00,127.46870833149845
2011-12-31 13:00:00,113.26713080502395
2011-12-31 14:00:00,113.2220266495124
2011-12-31 15:00:00,93.26903224391862
2011-12-31 16:00:00,103.1694283180603
2011-12-31 17:00:00,86.194755596755
2011-12-31 18:00:00,73.758212889339
2011-12-31 19:00:00,62.0200744798505
2011-12-31 20:00:00,45.04884588125342
2011-12-31 21:00:00,37.79456472940849
2011-12-31 22:00:00,33.22876901879981
2011-12-31 23:00:00,26.871941812135436
2012-01-20 00:00:00,13.728108505058822
2012-01-20 01:00:00,7.286928855391183
2012-01-20 02:00:00,3.9282365690317613
2012-01-20 03:00:00,2.299259678056157
2012-01-20 04:00:00,1.533897811840096
2012-01-20 05:00:00,9.08971603500106
2012-01-20 06:00:00,37.60705015325236
2012-01-20 07:00:00,88.49389368451904
2012-01-20 08:00:00,206.37123660348172
2012-01-20 09:00:00,138.31678761693118
2012-01-20 10:00:00,63.56086194404902
2012-01-20 11:00:00,61.41408159248225
2012-01-20 12:00:00,71.57337509870065
2012-01-20 13:00:00,91.90140613246368
2012-01-20 14:00:00,70.14288279247339
2012-01-20 15:00:00,84.79778554205134
2012-01-20 16:00:00,97.8949663785676
2012-01-20 17:00:00,179.76474075546574
2012-01-20 18:00:00,144.38443971643645
2012-01-20 19:00:00,96.79642509724336
2012-01-20 20:00:00,67.50061772815467
2012-01-20 21:00:00,46.320962903565466
2012-01-20 22:00:00,37.54520824808763
2012-01-20 23:00:00,12.831730631552515
2012-01-21 00:00:00,15.278930844642154
2012-01-21 01:00:00,11.743678577631782
2012-01-21 02:00:00,13.556178251250538
2012-01-21 03:00:00,3.8278789655846968
2012-01-21 04:00:00,1.1546390165375628
2012-01-21 05:00:00,0.8412340602165405
2012-01-21 06:00:00,0.8634036618795662
2012-01-21 07:00:00,3.303199755119758
2012-01-21 08:00:00,17.508043683204683
2012-01-21 09:00:00,34.225334817587736
2012-01-21 10:00:00,25.043156639009002
2012-01-21 11:00:00,69.8517630666005
2012-01-21 12:00:00,82.99430230109976
2012-01-21 13:00:00,79.83590433790548
2012-01-21 14:00:00,44.66480546322352
2012-01-21 15:00:00,45.27440211311996
2012-01-21 16:00:00,65.4857573804734
2012-01-21 17:00:00,48.401665527471245
2012-01-21 18:00:00,48.08882012996803
2012-01-21 19:00:00,33.96411012731799
2012-01-21 20:00:00,23.82490464333672
2012-01-21 21:00:00,23.51304656113515
2012-01-21 22:00:00,19.70296120735103
2012-01-21 23:00:00,13.670944860810836
2012-01-22 00:00:00,16.981663738968056
2012-01-22 01:00:00,17.47476323419449
2012-01-22 02:00:00,12.887811883134944
2012-01-22 03:00:00,7.359852705174724
2012-01-22 04:00:00,0.6423201198952777
2012-01-22 05:00:00,0.34983797298821145
2012-01-22 06:00:00,1.1035726934636214
2012-01-22 07:00:00,4.41888551863216
2012-01-22 08:00:00,15.506013409645266
2012-01-22 09:00:00,36.26711000707738
2012-01-22 10:00:00,46.59547797983272
2012-01-22 11:00:00,35.80658872399393
2012-01-22 12:00:00,59.1046907507365
2012-01-22 13:00:00,83.15194938558076
2012-01-22 14:00:00,60.18728135043739
2012-01-22 15:00:00,54.210686987319555
2012-01-22 16:00:00,51.57586892647158
2012-01-22 17:00:00,44.142302815200644
2012-01-22 18:00:00,22.412938783906164
2012-01-22 19:00:00,19.329116636651477
2012-01-22 20:00:00,13.361541675636017
2012-01-22 21:00:00,10.876337607262123
2012-01-22 22:00:00,11.685141247832172
2012-01-22 23:00:00,7.275898302014699
2012-01-23 00:00:00,6.3845531994121405
2012-01-23 01:00:00,3.099657149582396
2012-01-23 02:00:00,1.479154807403051
2012-01-23 03:00:00,0.9282491923315985
2012-01-23 04:00:00,1.9128758244961737
2012-01-23 05:00:00,10.710136452297672
2012-01-23 06:00:00,27.135387816924077
2012-01-23 07:00:00,45.67275095102638
2012-01-23 08:00:00,96.59820882464844
2012-01-23 09:00:00,93.60724177298528
2012-01-23 10:00:00,38.458750935533956
2012-01-23 11:00:00,38.000961413563765
2012-01-23 12:00:00,38.63552893262885
2012-01-23 13:00:00,29.596416902713184
2012-01-23 14:00:00,28.181602338777143
2012-01-23 15:00:00,37.8884059115146
2012-01-23 16:00:00,53.41656963797211
2012-01-23 17:00:00,94.90835047229628
2012-01-23 18:00:00,105.9915028476917
2012-01-23 19:00:00,74.39930144594585
2012-01-23 20:00:00,44.909080405502266
2012-01-23 21:00:00,28.263602714378774
2012-01-23 22:00:00,19.817489109904745
2012-01-23 23:00:00,11.17828429319967
2012-01-24 00:00:00,4.5960968455912194
2012-01-24 01:00:00,2.316526699464026
2012-01-24 02:00:00,1.0889323768462433
2012-01-24 03:00:00,0.6639411318913677
2012-01-24 04:00:00,1.239659430372328
2012-01-24 05:00:00,10.694636200965466
2012-01-24 06:00:00,38.70886935180566
2012-01-24 07:00:00,92.65722546222437
2012-01-24 08:00:00,171.92109721071677
2012-01-24 09:00:00,115.73790960178538
2012-01-24 10:00:00,54.824560426055726
2012-01-24 11:00:00,56.79126047325999
2012-01-24 12:00:00,59.85794275224208
2012-01-24 13:00:00,63.444787203427936
2012-01-24 14:00:00,57.58041207727789
2012-01-24 15:00:00,73.29358718268593
2012-01-24 16:00:00,124.72088665692253
2012-01-24 17:00:00,244.34920775598343
2012-01-24 18:00:00,250.43203375049657
2012-01-24 19:00:00,167.984829569091
2012-01-24 20:00:00,111.58952879985128
2012-01-24 21:00:00,82.5048180805467
2012-01-24 22:00:00,58.077039775068265
2012-01-24 23:00:00,26.49792591573081
2012-01-25 00:00:00,8.47560896750719
2012-01-25 01:00:00,3.535087467698265
2012-01-25 02:00:00,1.6564036661193975
2012-01-25 03:00:00,1.1443380717260636
2012-01-25 04:00:00,1.0892262623921307
2012-01-25 05:00:00,9.217878279835604
2012-01-25 06:00:00,44.077544408645366
2012-01-25 07:00:00,108.49649873393055
2012-01-25 08:00:00,233.97936982202333
2012-01-25 09:00:00,125.56686876285411
2012-01-25 10:00:00,50.411159169927814
2012-01-25 11:00:00,58.683630279814
2012-01-25 12:00:00,81.04221463220145
2012-01-25 13:00:00,82.773101811211
2012-01-25 14:00:00,76.52537049537987
2012-01-25 15:00:00,83.60087890028008
2012-01-25 16:00:00,107.14786366816479
2012-01-25 17:00:00,243.05649603705055
2012-01-25 18:00:00,222.37189538080997
2012-01-25 19:00:00,165.02233676386902
2012-01-25 20:00:00,109.29622810830695
2012-01-25 21:00:00,77.3602366819369
2012-01-25 22:00:00,51.44567862667367
2012-01-25 23:00:00,22.93597123624059
2012-01-26 00:00:00,9.24508731212395
2012-01-26 01:00:00,5.220900838296404
2012-01-26 02:00:00,1.9237633755435324
2012-01-26 03:00:00,1.4394913724682574
2012-01-26 04:00:00,2.2854098502716034
2012-01-26 05:00:00,12.403228222600635
2012-01-26 06:00:00,41.306514040693926
2012-01-26 07:00:00,118.43610945329559
2012-01-26 08:00:00,213.5990108408787
2012-01-26 09:00:00,118.77985606836545
2012-01-26 10:00:00,48.61841369937209
2012-01-26 11:00:00,54.85897083308024
2012-01-26 12:00:00,50.52685954979185
2012-01-26 13:00:00,82.05293205255958
2012-01-26 14:00:00,70.87799167336873
2012-01-26 15:00:00,84.15388405236403
2012-01-26 16:00:00,117.15450266916376
2012-01-26 17:00:00,219.6015263810089
2012-01-26 18:00:00,219.02086435789784
2012-01-26 19:00:00,132.66896604729934
2012-01-26 20:00:00,87.69512070289099
2012-01-26 21:00:00,74.83319331805444
2012-01-26 22:00:00,59.71249557670695
2012-01-26 23:00:00,32.253846355961386
2012-01-27 00:00:00,14.732911947594532
2012-01-27 01:00:00,6.813236384390595
2012-01-27 02:00:00,4.055689743424228
2012-01-27 03:00:00,0.9597056848531622
2012-01-27 04:00:00,1.1289403462604883
2012-01-27 05:00:00,8.289936439633182
2012-01-27 06:00:00,24.93877685536453
2012-01-27 07:00:00,59.89951777426074
2012-01-27 08:00:00,110.16732425746122
2012-01-27 09:00:00,67.15704547086986
2012-01-27 10:00:00,30.2666102513038
2012-01-27 11:00:00,57.351341586037094
2012-01-27 12:00:00,74.65385637150295
2012-01-27 13:00:00,124.93059767694342
2012-01-27 14:00:00,103.85207812625585
2012-01-27 15:00:00,120.05987597555314
2012-01-27 16:00:00,141.36447283789695
2012-01-27 17:00:00,256.1940569464018
2012-01-27 18:00:00,199.02724334794283
2012-01-27 19:00:00,135.66281952691202
2012-01-27 20:00:00,79.23487703741492
2012-01-27 21:00:00,60.256758738527516
2012-01-27 22:00:00,55.86056863820947
2012-01-27 23:00:00,35.77457182039333
2012-01-28 00:00:00,34.74800608239512
2012-01-28 01:00:00,31.373401197876476
2012-01-28 02:00:00,25.619194298184212
2012-01-28 03:00:00,10.845998009730101
2012-01-28 04:00:00,2.415406862718693
2012-01-28 05:00:00,2.220002007846133
2012-01-28 06:00:00,3.5997826124964023
2012-01-28 07:00:00,10.056077479526193
2012-01-28 08:00:00,24.8531991319856
2012-01-28 09:00:00,58.30543048762868
2012-01-28 10:00:00,100.81154030719152
2012-01-28 11:00:00,149.02301719963555
2012-01-28 12:00:00,138.53743713579928
2012-01-28 13:00:00,167.38214612356515
2012-01-28 14:00:00,171.62061491188504
2012-01-28 15:00:00,195.25293877779237
2012-01-28 16:00:00,170.7649007724209
2012-01-28 17:00:00,142.69282109549243
2012-01-28 18:00:00,127.52054180076891
2012-01-28 19:00:00,89.8730575325712
2012-01-28 20:00:00,69.60952711286079
2012-01-28 21:00:00,49.88841965696809
2012-01-28 22:00:00,47.45080042575948
2012-01-28 23:00:00,31.657631075885114
2012-01-29 00:00:00,30.587069564429115
2012-01-29 01:00:00,28.089731335331628
2012-01-29 02:00:00,23.915656910647172
2012-01-29 03:00:00,12.02522495855792
2012-01-29 04:00:00,2.739727846109945
2012-01-29 05:00:00,1.4221174256136178
2012-01-29 06:00:00,2.2465874912773964
2012-01-29 07:00:00,8.241215320574597
2012-01-29 08:00:00,22.316191819386088
2012-01-29 09:00:00,52.06538679832854
2012-01-29 10:00:00,86.98062946633672
2012-01-29 11:00:00,108.75280423764005
2012-01-29 12:00:00,158.92184662447403
2012-01-29 13:00:00,165.05088886908678
2012-01-29 14:00:00,142.63268556764203
2012-01-29 15:00:00,148.58403688510694
2012-01-29 16:00:00,129.14457684935152
2012-01-29 17:00:00,105.95438621678417
2012-01-29 18:00:00,81.49386688893885
2012-01-29 19:00:00,66.07982393714788
2012-01-29 20:00:00,48.19782671701895
2012-01-29 21:00:00,34.692697513042525
2012-01-29 22:00:00,30.11551212552076
2012-01-29 23:00:00,18.016378032460494
2012-01-30 00:00:00,9.110779188607808
2012-01-30 01:00:00,2.810508038817426
2012-01-30 02:00:00,1.9130933119637454
2012-01-30 03:00:00,1.0979908263218467
2012-01-30 04:00:00,1.3709146315232665
2012-01-30 05:00:00,7.633061440944537
2012-01-30 06:00:00,39.36786777544598
2012-01-30 07:00:00,118.4131206203562
2012-01-30 08:00:00,197.72761428764557
2012-01-30 09:00:00,108.69666463129872
2012-01-30 10:00:00,47.829773479294666
2012-01-30 11:00:00,61.680611722837774
2012-01-30 12:00:00,66.22067608927105
2012-01-30 13:00:00,74.80093488737509
2012-01-30 14:00:00,77.27160705663198
2012-01-30 15:00:00,80.63031206549722
2012-01-30 16:00:00,107.07936191145177
2012-01-30 17:00:00,213.53704039536478
2012-01-30 18:00:00,196.20067393746947
2012-01-30 19:00:00,125.15186038456284
2012-01-30 20:00:00,92.24128667726087
2012-01-30 21:00:00,60.04142811450849
2012-01-30 22:00:00,38.53897095725385
2012-01-30 23:00:00,17.902191933461406
2012-01-31 00:00:00,9.322226163574975
2012-01-31 01:00:00,3.639970615306794
2012-01-31 02:00:00,1.8340771373169686
2012-01-31 03:00:00,1.2221780155852207
2012-01-31 04:00:00,1.639676814147239
2012-01-31 05:00:00,10.179462881417841
2012-01-31 06:00:00,46.513318913617965
2012-01-31 07:00:00,131.40040578377815
2012-01-31 08:00:00,234.7123925804078
2012-01-31 09:00:00,120.02445234999493
2012-01-31 10:00:00,53.86633547530682
2012-01-31 11:00:00,73.2724834041174
2012-01-31 12:00:00,92.72671715486136
2012-01-31 13:00:00,92.89537627424691
2012-01-31 14:00:00,106.46010513245463
2012-01-31 15:00:00,110.96040895907788
2012-01-31 16:00:00,167.02666770698463
2012-01-31 17:00:00,332.6316043975043
2012-01-31 18:00:00,320.2834887506512
2012-01-31 19:00:00,191.90752435999576
2012-01-31 20:00:00,120.14264754423469
2012-01-31 21:00:00,96.60631042005718
2012-01-31 22:00:00,69.64258246734403
2012-01-31 23:00:00,30.698407253867227
2012-02-20 00:00:00,16.67753499578037
2012-02-20 01:00:00,10.615329849787145
2012-02-20 02:00:00,6.401557783597756
2012-02-20 03:00:00,2.442956703745496
2012-02-20 05:00:00,2.6864911067151525
2012-02-20 06:00:00,7.617037556765045
2012-02-20 07:00:00,24.953864742888786
2012-02-20 08:00:00,55.518375402995105
2012-02-20 09:00:00,90.87705924949854
2012-02-20 10:00:00,56.75427465554278
2012-02-20 11:00:00,83.53636541966772
2012-02-20 12:00:00,97.76219822692467
2012-02-20 13:00:00,99.66569807503073
2012-02-20 14:00:00,97.40340658423622
2012-02-20 15:00:00,108.41188512515754
2012-02-20 16:00:00,110.53454237628036
2012-02-20 17:00:00,157.22937374520637
2012-02-20 18:00:00,116.33538013671547
2012-02-20 19:00:00,93.33305597412445
2012-02-20 20:00:00,68.09449664625991
2012-02-20 21:00:00,43.75406876837088
2012-02-20 22:00:00,35.96021291679832
2012-02-20 23:00:00,16.274376237098746
2012-02-21 00:00:00,10.339394545819083
2012-02-21 01:00:00,4.774242301918854
2012-02-21 02:00:00,1.5620537418075187
2012-02-21 04:00:00,0.8776511232292772
2012-02-21 05:00:00,9.533111183245888
2012-02-21 06:00:00,46.85637598387553
2012-02-21 07:00:00,144.99403850161644
2012-02-21 08:00:00,281.37003806020175
2012-02-21 09:00:00,131.46064433609595
2012-02-21 10:00:00,58.084812654610865
2012-02-21 11:00:00,56.511237957863564
2012-02-21 12:00:00,66.59427981411756
2012-02-21 13:00:00,89.28601511842305
2012-02-21 14:00:00,58.172327999551236
2012-02-21 15:00:00,82.77134942194375
2012-02-21 16:00:00,110.68723316159252
2012-02-21 17:00:00,232.2291715826862
2012-02-21 18:00:00,233.10524015672218
2012-02-21 19:00:00,146.33496534281352
2012-02-21 20:00:00,104.4459393889972
2012-02-21 21:00:00,84.76438026915949
2012-02-21 22:00:00,46.27949510788976
2012-02-21 23:00:00,29.161611282891858
2012-02-22 00:00:00,13.310584088159207
2012-02-22 01:00:00,4.911131867800027
2012-02-22 02:00:00,2.060421612288115
2012-02-22 03:00:00,1.3184095019415167
2012-02-22 04:00:00,0.7833694395882307
2012-02-22 05:00:00,11.352519040952124
2012-02-22 06:00:00,52.592770800718625
2012-02-22 07:00:00,170.3746656881473
2012-02-22 08:00:00,315.74451284505835
2012-02-22 09:00:00,148.7922877133341
2012-02-22 10:00:00,69.11803053602434
2012-02-22 11:00:00,80.35491208893174
2012-02-22 12:00:00,89.90958926816332
2012-02-22 13:00:00,95.0681563860013
2012-02-22 14:00:00,74.9423036763078
2012-02-22 15:00:00,94.54827352072604
2012-02-22 16:00:00,136.9759989583048
2012-02-22 17:00:00,255.684690927504
2012-02-22 18:00:00,271.63255027577
2012-02-22 19:00:00,173.77885674282703
2012-02-22 20:00:00,127.95584400140788
2012-02-22 21:00:00,92.28110258523618
2012-02-22 22:00:00,61.59290869615778
2012-02-22 23:00:00,32.768230226001066
2012-02-23 00:00:00,15.154856255628388
2012-02-23 01:00:00,6.328082148043421
2012-02-23 02:00:00,3.0428047301274326
2012-02-23 03:00:00,1.4678886497160941
2012-02-23 04:00:00,0.9839518310701516
2012-02-23 05:00:00,10.505445311839555
2012-02-23 06:00:00,52.052664173201514
2012-02-23 07:00:00,165.9030448409513
2012-02-23 08:00:00,266.3946500364082
2012-02-23 09:00:00,130.44066223713372
2012-02-23 10:00:00,63.7102217235844
2012-02-23 11:00:00,87.01094974694232
2012-02-23 12:00:00,105.05472221902039
2012-02-23 13:00:00,99.25676110696337
2012-02-23 14:00:00,82.43134638886066
2012-02-23 15:00:00,97.66714308754513
2012-02-23 16:00:00,140.8099033369662
2012-02-23 17:00:00,258.49817602343535
2012-02-23 18:00:00,231.97314750701662
2012-02-23 19:00:00,163.78646938848306
2012-02-23 20:00:00,112.76836437433805
2012-02-23 21:00:00,99.24730844624693
2012-02-23 22:00:00,63.56903017141779
2012-02-23 23:00:00,49.19651188324741
2012-02-24 00:00:00,24.645915323707946
2012-02-24 01:00:00,10.83919130883801
2012-02-24 02:00:00,3.309728301962756
2012-02-24 03:00:00,2.3853256094219333
2012-02-24 04:00:00,1.3145133070348178
2012-02-24 05:00:00,9.822753959245391
2012-02-24 06:00:00,37.46673497840977
2012-02-24 07:00:00,120.67084865681039
2012-02-24 08:00:00,242.27149007416872
2012-02-24 09:00:00,79.64840140658264
2012-02-24 10:00:00,34.321521488514925
2012-02-24 11:00:00,74.17498432277506
2012-02-24 12:00:00,91.15745477114992
2012-02-24 13:00:00,104.74956261084654
2012-02-24 14:00:00,98.73182257305464
2012-02-24 15:00:00,41.9149588835027
2012-02-24 16:00:00,54.91782575882754
2012-02-24 17:00:00,104.63034764407415
2012-02-24 18:00:00,129.67216070289726
2012-02-24 19:00:00,109.46696980961693
2012-02-24 20:00:00,97.80543713382917
2012-02-24 21:00:00,79.67982621753032
2012-02-24 22:00:00,60.78422031468725
2012-02-24 23:00:00,42.195198318543376
2012-02-25 00:00:00,40.25905962776736
2012-02-25 01:00:00,24.643362281169015
2012-02-25 02:00:00,16.759539102995575
2012-02-25 03:00:00,7.381138240774106
2012-02-25 04:00:00,1.4741946087326396
2012-02-25 05:00:00,1.9668920146850026
2012-02-25 06:00:00,5.28479147322736
2012-02-25 07:00:00,13.891413412415474
2012-02-25 08:00:00,35.06200775762831
2012-02-25 09:00:00,43.650722537431655
2012-02-25 10:00:00,99.77264588207947
2012-02-25 11:00:00,111.47043498423872
2012-02-25 12:00:00,129.80172862102103
2012-02-25 13:00:00,135.88541673101906
2012-02-25 14:00:00,114.05939246675398
2012-02-25 15:00:00,136.41506450085467
2012-02-25 16:00:00,103.30714260908769
2012-02-25 17:00:00,106.17460155417396
2012-02-25 18:00:00,76.49625359912743
2012-02-25 19:00:00,57.58912572467048
2012-02-25 20:00:00,36.76963889194288
2012-02-25 21:00:00,35.128167380857015
2012-02-25 22:00:00,31.139523276269735
2012-02-25 23:00:00,28.114850890718277
2012-02-26 00:00:00,26.6648731004052
2012-02-26 01:00:00,24.653558701853232
2012-02-26 02:00:00,18.233789226557462
2012-02-26 03:00:00,10.649645118503132
2012-02-26 04:00:00,1.7263702507677432
2012-02-26 05:00:00,1.4793056326766107
2012-02-26 06:00:00,2.930776274745899
2012-02-26 07:00:00,9.237985221988154
2012-02-26 08:00:00,24.719365440652005
2012-02-26 09:00:00,53.96716403589748
2012-02-26 10:00:00,99.43506135652774
2012-02-26 11:00:00,119.75566858896656
2012-02-26 12:00:00,161.5400927309135
2012-02-26 13:00:00,164.1204311643837
2012-02-26 14:00:00,151.4547535453688
2012-02-26 15:00:00,152.6290316509441
2012-02-26 16:00:00,142.82591883540425
2012-02-26 17:00:00,115.78799663257179
2012-02-26 18:00:00,85.56725222759805
2012-02-26 19:00:00,72.88459292363584
2012-02-26 20:00:00,53.47376809004578
2012-02-26 21:00:00,38.54662516233306
2012-02-26 22:00:00,29.756070348374127
2012-02-26 23:00:00,21.065763929412228
2012-02-27 00:00:00,10.311660811355292
2012-02-27 01:00:00,3.7103669824235084
2012-02-27 02:00:00,1.848264741179734
2012-02-27 03:00:00,0.667363837896304
2012-02-27 04:00:00,0.7414403095884068
2012-02-27 05:00:00,9.381721319226388
2012-02-27 06:00:00,43.45050382894942
2012-02-27 07:00:00,142.40713440151876
2012-02-27 08:00:00,265.10084944925956
2012-02-27 09:00:00,133.77662436180904
2012-02-27 10:00:00,58.50821747658502
2012-02-27 11:00:00,73.168683082835
2012-02-27 12:00:00,90.5653117060272
2012-02-27 13:00:00,95.0238795747748
2012-02-27 14:00:00,88.89406003411176
2012-02-27 15:00:00,99.18700983668334
2012-02-27 16:00:00,147.3884762405566
2012-02-27 17:00:00,241.2313862120532
2012-02-27 18:00:00,254.11709402605726
2012-02-27 19:00:00,157.31411267210365
2012-02-27 20:00:00,115.07891991856654
2012-02-27 21:00:00,89.70489452475886
2012-02-27 22:00:00,58.03403564924211
2012-02-27 23:00:00,30.348174370121342
2012-02-28 00:00:00,14.556570623492437
2012-02-28 01:00:00,5.259563848068737
2012-02-28 02:00:00,2.142478035356468
2012-02-28 03:00:00,1.4291322644575133
2012-02-28 04:00:00,0.6777188247556223
2012-02-28 05:00:00,7.234189919001658
2012-02-28 06:00:00,44.15069737218695
2012-02-28 07:00:00,146.239240508076
2012-02-28 08:00:00,262.18345695437574
2012-02-28 09:00:00,127.11223832808972
2012-02-28 10:00:00,59.29391223254295
2012-02-28 11:00:00,70.5838722576011
2012-02-28 12:00:00,96.32455486131458
2012-02-28 13:00:00,89.8391322893969
2012-02-28 14:00:00,85.75054059991074
2012-02-28 15:00:00,96.21832432375729
2012-02-28 16:00:00,136.2973756310695
2012-02-28 17:00:00,248.22772747274854
2012-02-28 18:00:00,246.14014149110304
2012-02-28 19:00:00,152.50889098662003
2012-02-28 20:00:00,113.36802094824874
2012-02-28 21:00:00,85.62569471074846
2012-02-28 22:00:00,60.49419242420537
2012-02-28 23:00:00,28.54110799778996
2012-02-29 00:00:00,12.944928083820283
2012-02-29 01:00:00,5.11713998895889
2012-02-29 02:00:00,2.0020422679195566
2012-02-29 03:00:00,1.3406574477055244
2012-02-29 05:00:00,10.625949595360597
2012-02-29 06:00:00,48.81858844197864
2012-02-29 07:00:00,138.4654759235428
2012-02-29 08:00:00,298.80926716811103
2012-02-29 09:00:00,72.60872020031726
2012-02-29 10:00:00,33.204520418839536
2012-02-29 11:00:00,31.72407232121178
2012-02-29 12:00:00,23.756781136015043
2012-02-29 13:00:00,64.35064060969452
2012-02-29 14:00:00,51.66217400366034
2012-02-29 15:00:00,72.22030571114952
2012-02-29 16:00:00,54.10487083318823
2012-02-29 17:00:00,237.8948763592055
2012-02-29 18:00:00,95.19656803364755
2012-02-29 19:00:00,131.50280766751914
2012-02-29 20:00:00,50.53806600795255
2012-02-29 21:00:00,40.008053181243376
2012-02-29 22:00:00,24.076490990580474
2012-02-29 23:00:00,15.20489873426217
2012-03-20 00:00:00,13.74812418157411
2012-03-20 01:00:00,6.832168312906447
2012-03-20 02:00:00,2.5307586745542703
2012-03-20 03:00:00,1.1051964517123505
2012-03-20 04:00:00,1.6926869301604701
2012-03-20 05:00:00,11.72886137297216
2012-03-20 06:00:00,58.061201077914276
2012-03-20 07:00:00,68.98469324678405
2012-03-20 08:00:00,284.6410156022849
2012-03-20 09:00:00,139.8997027352249
2012-03-20 10:00:00,70.84928042866909
2012-03-20 11:00:00,82.45183964074924
2012-03-20 12:00:00,105.63719254449691
2012-03-20 13:00:00,104.76067319935943
2012-03-20 14:00:00,99.93111858993993
2012-03-20 15:00:00,100.85084299308576
2012-03-20 16:00:00,187.67392544806347
2012-03-20 17:00:00,337.1539298263476
2012-03-20 18:00:00,358.6563506751857
2012-03-20 19:00:00,223.9537909286804
2012-03-20 20:00:00,170.48015225307643
2012-03-20 21:00:00,133.82803681446114
2012-03-20 22:00:00,85.36703214751154
2012-03-20 23:00:00,46.05897570226565
2012-03-21 00:00:00,21.07069952239864
2012-03-21 01:00:00,9.019836761935494
2012-03-21 02:00:00,2.984680086320752
2012-03-21 03:00:00,1.5827395582153327
2012-03-21 04:00:00,1.864246173375815
2012-03-21 05:00:00,15.28518214026813
2012-03-21 06:00:00,71.54135031183628
2012-03-21 07:00:00,74.94505018811806
2012-03-21 08:00:00,162.45179283820417
2012-03-21 09:00:00,186.9147517686745
2012-03-21 10:00:00,91.60804341753953
2012-03-21 11:00:00,97.47190297196522
2012-03-21 12:00:00,114.73870093504503
2012-03-21 13:00:00,101.43404942191388
2012-03-21 14:00:00,104.23881576041104
2012-03-21 15:00:00,110.93891686185653
2012-03-21 16:00:00,189.33782671924595
2012-03-21 17:00:00,478.0011227715844
2012-03-21 18:00:00,481.72592520655667
2012-03-21 19:00:00,337.29639048431795
2012-03-21 20:00:00,198.38427054761107
2012-03-21 21:00:00,170.88943636473513
2012-03-21 22:00:00,108.06266443788898
2012-03-21 23:00:00,63.36343769999738
2012-03-22 00:00:00,29.97925521295279
2012-03-22 01:00:00,11.950335714635072
2012-03-22 02:00:00,5.339779960145384
2012-03-22 03:00:00,2.7829123939503844
2012-03-22 04:00:00,2.2520092650276666
2012-03-22 05:00:00,15.03664596421972
2012-03-22 06:00:00,74.230399699563
2012-03-22 07:00:00,175.82522440454647
2012-03-22 08:00:00,379.9690486099709
2012-03-22 09:00:00,170.0527837211512
2012-03-22 10:00:00,63.56089627240746
2012-03-22 11:00:00,78.34516274299953
2012-03-22 12:00:00,105.81297582274455
2012-03-22 13:00:00,152.66516314877148
2012-03-22 14:00:00,140.60514378411096
2012-03-22 15:00:00,152.72529920261587
2012-03-22 16:00:00,242.29723200250672
2012-03-22 17:00:00,457.6063573606518
2012-03-22 18:00:00,472.59661909344385
2012-03-22 19:00:00,352.09808473468894
2012-03-22 20:00:00,209.89040896390725
2012-03-22 21:00:00,172.4772555576043
2012-03-22 22:00:00,118.22264047840366
2012-03-22 23:00:00,76.9949709714579
2012-03-23 00:00:00,37.58098479743128
2012-03-23 01:00:00,16.347058665095016
2012-03-23 02:00:00,6.9503267836522875
2012-03-23 03:00:00,3.258188999148625
2012-03-23 04:00:00,2.4087131902533696
2012-03-23 05:00:00,13.823051350117014
2012-03-23 06:00:00,65.21478327084654
2012-03-23 07:00:00,163.9880567903527
2012-03-23 08:00:00,351.8863755124362
2012-03-23 09:00:00,165.70509251063137
2012-03-23 10:00:00,82.63596089863046
2012-03-23 11:00:00,126.88350097814168
2012-03-23 12:00:00,202.9929024860645
2012-03-23 13:00:00,207.74120410515854
2012-03-23 14:00:00,189.56405939983523
2012-03-23 15:00:00,201.29510632851452
2012-03-23 16:00:00,281.19954541431645
2012-03-23 17:00:00,449.2254471786383
2012-03-23 18:00:00,412.32378882504685
2012-03-23 19:00:00,302.4477454976663
2012-03-23 20:00:00,195.46150538842275
2012-03-23 21:00:00,172.96774307079946
2012-03-23 22:00:00,140.89644340390123
2012-03-23 23:00:00,104.17337899903775
2012-03-24 00:00:00,104.02852400271799
2012-03-24 01:00:00,74.78042084769967
2012-03-24 02:00:00,40.98311865834704
2012-03-24 03:00:00,17.915241735270502
2012-03-24 04:00:00,6.7336164778911884
2012-03-24 05:00:00,7.995134742120799
2012-03-24 06:00:00,17.093260303981353
2012-03-24 07:00:00,37.421794935360744
2012-03-24 08:00:00,82.3105400725595
2012-03-24 09:00:00,179.1769940772367
2012-03-24 10:00:00,212.8237849827066
2012-03-24 11:00:00,222.86546746477882
2012-03-24 12:00:00,119.00929103887755
2012-03-24 13:00:00,124.69312090995615
2012-03-24 14:00:00,122.67065842715157
2012-03-24 15:00:00,96.56587737985114
2012-03-24 16:00:00,96.20235081521403
2012-03-24 17:00:00,168.29375839927027
2012-03-24 18:00:00,106.66647651095785
2012-03-24 19:00:00,108.06492450235892
2012-03-24 20:00:00,62.75450640765951
2012-03-24 21:00:00,53.45651037696241
2012-03-24 22:00:00,38.817292131638744
2012-03-24 23:00:00,62.42313273829211
2012-03-25 00:00:00,63.49835772779343
2012-03-25 01:00:00,44.2091531630056
2012-03-25 02:00:00,18.952668966985293
2012-03-25 03:00:00,7.415492009418866
2012-03-25 04:00:00,4.448072372248212
2012-03-25 05:00:00,4.031579080223541
2012-03-25 06:00:00,6.2355877854060635
2012-03-25 07:00:00,17.15161406119797
2012-03-25 08:00:00,53.582228231048354
2012-03-25 09:00:00,110.85640400539955
2012-03-25 10:00:00,158.64985356148856
2012-03-25 11:00:00,187.53509877294948
2012-03-25 12:00:00,207.7896744290313
2012-03-25 13:00:00,271.90576465288456
2012-03-25 14:00:00,217.98203978375992
2012-03-25 15:00:00,214.78520662843664
2012-03-25 16:00:00,398.64482998239987
2012-03-25 17:00:00,323.90785284037355
2012-03-25 18:00:00,282.33558271478205
2012-03-25 19:00:00,219.70160843752726
2012-03-25 20:00:00,149.82373897333093
2012-03-25 21:00:00,128.53335907872122
2012-03-25 22:00:00,94.49944890192546
2012-03-25 23:00:00,57.65955080273779
2012-03-26 00:00:00,14.66121243871014
2012-03-26 01:00:00,9.240509473268173
2012-03-26 02:00:00,3.404130102046886
2012-03-26 03:00:00,1.830166460383209
2012-03-26 04:00:00,2.1366560900211087
2012-03-26 05:00:00,15.600642257219963
2012-03-26 06:00:00,85.84627573301505
2012-03-26 07:00:00,285.69470598058
2012-03-26 08:00:00,439.76100971887195
2012-03-26 09:00:00,216.63196739285422
2012-03-26 10:00:00,129.56714657924132
2012-03-26 11:00:00,109.50770468806635
2012-03-26 12:00:00,154.7721560831891
2012-03-26 13:00:00,162.5304737010403
2012-03-26 14:00:00,136.19275949996242
2012-03-26 15:00:00,152.87035334392235
2012-03-26 16:00:00,181.76764323070256
2012-03-26 17:00:00,370.2152827849709
2012-03-26 18:00:00,364.20875963749177
2012-03-26 19:00:00,235.92839104840917
2012-03-26 20:00:00,131.96218904129088
2012-03-26 21:00:00,105.37923188963403
2012-03-26 22:00:00,69.94898446263461
2012-03-26 23:00:00,33.67003026828255
2012-03-27 00:00:00,14.823107220523198
2012-03-27 01:00:00,5.42368504330067
2012-03-27 02:00:00,2.667246428239997
2012-03-27 03:00:00,1.4609070509773616
2012-03-27 04:00:00,1.2117467950819396
2012-03-27 05:00:00,10.55647590920274
2012-03-27 06:00:00,62.05236680296396
2012-03-27 07:00:00,165.44901361281305
2012-03-27 08:00:00,302.8395567638063
2012-03-27 09:00:00,187.51990878049554
2012-03-27 10:00:00,88.85327957975696
2012-03-27 11:00:00,97.05651197882673
2012-03-27 12:00:00,132.26284606172868
2012-03-27 13:00:00,143.01116420326986
2012-03-27 14:00:00,137.1739275507843
2012-03-27 15:00:00,170.58171832169813
2012-03-27 16:00:00,219.88532512761452
2012-03-27 17:00:00,405.32829210228346
2012-03-27 18:00:00,386.56149706851534
2012-03-27 19:00:00,268.5808464649758
2012-03-27 20:00:00,166.0004606504463
2012-03-27 21:00:00,126.92957854425079
2012-03-27 22:00:00,83.4749859817652
2012-03-27 23:00:00,46.27427390418297
2012-03-28 00:00:00,18.42801156074275
2012-03-28 01:00:00,6.688101288605387
2012-03-28 02:00:00,3.0202404470167865
2012-03-28 03:00:00,1.8227970609419155
2012-03-28 04:00:00,1.3552602796671067
2012-03-28 05:00:00,13.482816442097242
2012-03-28 06:00:00,82.0557733690703
2012-03-28 07:00:00,231.74293030765213
2012-03-28 08:00:00,448.2572482319331
2012-03-28 09:00:00,221.15915563291531
2012-03-28 10:00:00,120.04256524107855
2012-03-28 11:00:00,130.57701031844186
2012-03-28 12:00:00,151.77475136482303
2012-03-28 13:00:00,159.28633815117618
2012-03-28 14:00:00,153.239587833131
2012-03-28 15:00:00,152.0738919744568
2012-03-28 16:00:00,141.77800783693928
2012-03-28 17:00:00,495.9939331419764
2012-03-28 18:00:00,533.9898329227141
2012-03-28 19:00:00,342.75404200595557
2012-03-28 20:00:00,220.05631613958894
2012-03-28 21:00:00,193.7070688730561
2012-03-28 22:00:00,138.63611237158926
2012-03-28 23:00:00,72.1135148991991
2012-03-29 00:00:00,32.51852576656403
2012-03-29 01:00:00,13.321852898215335
2012-03-29 02:00:00,5.697216440025803
2012-03-29 03:00:00,2.7777782907241804
2012-03-29 04:00:00,2.1896968676545203
2012-03-29 05:00:00,16.177970541778425
2012-03-29 06:00:00,97.57123162046334
2012-03-29 07:00:00,261.5775688353972
2012-03-29 08:00:00,431.5273751673971
2012-03-29 09:00:00,203.50792768054802
2012-03-29 10:00:00,106.73347705125703
2012-03-29 11:00:00,126.25082806832278
2012-03-29 12:00:00,163.00256317146614
2012-03-29 13:00:00,143.32197506097378
2012-03-29 14:00:00,142.47600889456558
2012-03-29 15:00:00,144.83760911207878
2012-03-29 16:00:00,211.6568855781454
2012-03-29 17:00:00,399.0237552490684
2012-03-29 18:00:00,398.42164582460964
2012-03-29 19:00:00,253.38936163611575
2012-03-29 20:00:00,162.23365178446065
2012-03-29 21:00:00,144.68124608531681
2012-03-29 22:00:00,98.09669606719979
2012-03-29 23:00:00,57.84714375957116
2012-03-30 00:00:00,34.72100697576701
2012-03-30 01:00:00,13.833188618040586
2012-03-30 02:00:00,6.355697348403261
2012-03-30 03:00:00,3.0750692904482717
2012-03-30 04:00:00,1.8670883345208384
2012-03-30 05:00:00,13.830948119607474
2012-03-30 06:00:00,68.12769677370345
2012-03-30 07:00:00,194.1200976025684
2012-03-30 08:00:00,440.62473078061674
2012-03-30 09:00:00,230.82099961843562
2012-03-30 10:00:00,109.3674036113108
2012-03-30 11:00:00,137.28403381608558
2012-03-30 12:00:00,175.52580060750364
2012-03-30 13:00:00,95.0678846845916
2012-03-30 14:00:00,95.0560240561131
2012-03-30 15:00:00,100.93240742822475
2012-03-30 16:00:00,116.96297487703679
2012-03-30 17:00:00,399.9098745558316
2012-03-30 18:00:00,347.0416510482541
2012-03-30 19:00:00,235.7111334147989
2012-03-30 20:00:00,155.65285239337854
2012-03-30 21:00:00,117.93704580353588
2012-03-30 22:00:00,94.91026905093281
2012-03-30 23:00:00,75.9840233289726
2012-03-31 00:00:00,83.05685772614459
2012-03-31 01:00:00,47.11312581098461
2012-03-31 02:00:00,31.299355317819227
2012-03-31 03:00:00,12.989417604413605
2012-03-31 04:00:00,4.595129082798193
2012-03-31 05:00:00,6.4439382493904525
2012-03-31 06:00:00,11.185944372930994
2012-03-31 07:00:00,29.182428639027716
2012-03-31 08:00:00,77.68101732917867
2012-03-31 09:00:00,156.91528138543472
2012-03-31 10:00:00,217.49650613776654
2012-03-31 11:00:00,313.8091272058637
2012-03-31 12:00:00,423.48621866772197
2012-03-31 13:00:00,444.4204718802967
2012-03-31 14:00:00,309.47066628375774
2012-03-31 15:00:00,314.37641099327027
2012-03-31 16:00:00,291.7282461717374
2012-03-31 17:00:00,269.8615088460089
2012-03-31 18:00:00,185.82750533443343
2012-03-31 19:00:00,164.68756806288567
2012-03-31 20:00:00,99.37992963532419
2012-03-31 21:00:00,82.64411875731261
2012-03-31 22:00:00,86.65802450897978
2012-03-31 23:00:00,55.265361780410466
2012-04-20 00:00:00,32.59682298421269
2012-04-20 01:00:00,9.05538876433431
2012-04-20 02:00:00,4.268430730220888
2012-04-20 03:00:00,2.183783448996236
2012-04-20 04:00:00,1.4124717287152055
2012-04-20 05:00:00,14.005295873819456
2012-04-20 06:00:00,57.24660446448748
2012-04-20 07:00:00,151.7068650573689
2012-04-20 08:00:00,257.5548989504385
2012-04-20 09:00:00,144.234918723925
2012-04-20 10:00:00,87.44316446007518
2012-04-20 11:00:00,112.9564091075598
2012-04-20 12:00:00,195.79307181151447
2012-04-20 13:00:00,183.1070783345027
2012-04-20 14:00:00,169.98155316452392
2012-04-20 15:00:00,160.53680614599233
2012-04-20 16:00:00,263.08447836476233
2012-04-20 17:00:00,417.6630716332057
2012-04-20 18:00:00,350.6870497498382
2012-04-20 19:00:00,245.84340745055275
2012-04-20 20:00:00,160.84365328557928
2012-04-20 21:00:00,107.6266456693432
2012-04-20 22:00:00,85.98525533690487
2012-04-20 23:00:00,66.97923144581856
2012-04-21 00:00:00,74.62374700362271
2012-04-21 01:00:00,44.022855358849334
2012-04-21 02:00:00,30.26649663231152
2012-04-21 03:00:00,12.1034713210351
2012-04-21 04:00:00,4.302593495836887
2012-04-21 05:00:00,5.551997827482687
2012-04-21 06:00:00,12.987716037153563
2012-04-21 07:00:00,31.44714430780666
2012-04-21 08:00:00,71.32427447625304
2012-04-21 09:00:00,160.9895383079101
2012-04-21 10:00:00,251.48695130821847
2012-04-21 11:00:00,312.01235247638215
2012-04-21 12:00:00,363.3508329601947
2012-04-21 13:00:00,385.60886236487795
2012-04-21 14:00:00,373.2433945247826
2012-04-21 15:00:00,370.4958929817944
2012-04-21 16:00:00,335.3694596545873
2012-04-21 17:00:00,347.96104305715363
2012-04-21 18:00:00,278.408286023691
2012-04-21 19:00:00,109.47099677661241
2012-04-21 20:00:00,80.64725957280959
2012-04-21 21:00:00,53.258588171414374
2012-04-21 22:00:00,89.0815044375389
2012-04-21 23:00:00,54.3312867633251
2012-04-22 00:00:00,59.28660870996828
2012-04-22 01:00:00,37.30788433608457
2012-04-22 02:00:00,32.412591799413924
2012-04-22 03:00:00,16.30281076260691
2012-04-22 04:00:00,5.3961759218934535
2012-04-22 05:00:00,4.956341411504076
2012-04-22 06:00:00,7.765316791770745
2012-04-22 07:00:00,11.712918059646222
2012-04-22 08:00:00,31.619863015196437
2012-04-22 09:00:00,71.9544651857754
2012-04-22 10:00:00,91.77671878986186
2012-04-22 11:00:00,102.17612562604343
2012-04-22 12:00:00,103.01405371083649
2012-04-22 13:00:00,106.19494444881512
2012-04-22 14:00:00,84.605865842572
2012-04-22 15:00:00,75.66033785833109
2012-04-22 16:00:00,68.93546773892383
2012-04-22 17:00:00,58.257065217558996
2012-04-22 18:00:00,51.835794595564
2012-04-22 19:00:00,43.546314371364424
2012-04-22 20:00:00,33.791462949539806
2012-04-22 21:00:00,32.5954313882036
2012-04-22 22:00:00,16.739718157941578
2012-04-22 23:00:00,14.839623698309005
2012-04-23 00:00:00,8.251013842984259
2012-04-23 01:00:00,3.283572687989695
2012-04-23 02:00:00,2.0796384827453656
2012-04-23 03:00:00,1.3496650738715847
2012-04-23 04:00:00,1.0669990026100162
2012-04-23 05:00:00,9.409582114752954
2012-04-23 06:00:00,50.200187997622265
2012-04-23 07:00:00,105.46582559898377
2012-04-23 08:00:00,286.82956353502544
2012-04-23 09:00:00,136.9568399676595
2012-04-23 10:00:00,67.20328457579274
2012-04-23 11:00:00,73.74878655872396
2012-04-23 12:00:00,61.77061084433495
2012-04-23 13:00:00,70.00003128703477
2012-04-23 14:00:00,51.72800731679196
2012-04-23 15:00:00,95.22073747313368
2012-04-23 16:00:00,62.0121462810836
2012-04-23 17:00:00,138.0691082954873
2012-04-23 18:00:00,173.41275909422822
2012-04-23 19:00:00,146.53813114954158
2012-04-23 20:00:00,102.41739030943924
2012-04-23 21:00:00,66.00631336828566
2012-04-23 22:00:00,54.10672153891105
2012-04-23 23:00:00,32.632808243234855
2012-04-24 00:00:00,9.171349279484394
2012-04-24 01:00:00,3.0202457289857856
2012-04-24 02:00:00,1.8775250817846207
2012-04-24 03:00:00,1.0646999825524128
2012-04-24 04:00:00,1.0319466470607934
2012-04-24 05:00:00,12.480425597072635
2012-04-24 06:00:00,60.77457045014335
2012-04-24 07:00:00,152.1971177472157
2012-04-24 08:00:00,321.63607015948526
2012-04-24 09:00:00,187.85811120218463
2012-04-24 10:00:00,97.58645696058238
2012-04-24 11:00:00,120.49914256513165
2012-04-24 12:00:00,157.20550422437373
2012-04-24 13:00:00,155.50443327801003
2012-04-24 14:00:00,157.69310324558163
2012-04-24 15:00:00,150.14834326509435
2012-04-24 16:00:00,196.61323900807088
2012-04-24 17:00:00,414.04484580414305
2012-04-24 18:00:00,338.10965063629845
2012-04-24 19:00:00,254.1044571682783
2012-04-24 20:00:00,156.85816193875607
2012-04-24 21:00:00,127.35876776894929
2012-04-24 22:00:00,83.79901075531137
2012-04-24 23:00:00,44.03428113626707
2012-04-25 00:00:00,21.329735609928292
2012-04-25 01:00:00,7.492813733510026
2012-04-25 02:00:00,2.7377941692166305
2012-04-25 03:00:00,1.7231324853433878
2012-04-25 04:00:00,0.9997584347376365
2012-04-25 05:00:00,17.437552129230607
2012-04-25 06:00:00,75.23301010288527
2012-04-25 07:00:00,208.01066512160534
2012-04-25 08:00:00,387.4713856957396
2012-04-25 09:00:00,191.69517472827187
2012-04-25 10:00:00,106.83938408161882
2012-04-25 11:00:00,125.5291797331887
2012-04-25 12:00:00,158.13981405099997
2012-04-25 13:00:00,149.35304561861346
2012-04-25 14:00:00,136.270810382529
2012-04-25 15:00:00,154.0611393237063
2012-04-25 16:00:00,189.41493895868558
2012-04-25 17:00:00,432.0699953030294
2012-04-25 18:00:00,428.89195706206937
2012-04-25 19:00:00,281.9496260105048
2012-04-25 20:00:00,181.13128392250434
2012-04-25 21:00:00,148.06556537160856
2012-04-25 22:00:00,112.27086057411312
2012-04-25 23:00:00,48.40390226163775
2012-04-26 00:00:00,20.4635626320281
2012-04-26 01:00:00,8.70946598127035
2012-04-26 02:00:00,4.091436847055553
2012-04-26 03:00:00,2.3028058176253716
2012-04-26 04:00:00,1.9941618454959054
2012-04-26 05:00:00,19.002450207385078
2012-04-26 06:00:00,75.9403765461421
2012-04-26 07:00:00,87.78846753732589
2012-04-26 08:00:00,220.7650688854174
2012-04-26 09:00:00,85.86895861672228
2012-04-26 10:00:00,53.19977340713114
2012-04-26 11:00:00,59.6038559812215
2012-04-26 12:00:00,86.74584160011133
2012-04-26 13:00:00,76.82936736981527
2012-04-26 14:00:00,82.72796111295706
2012-04-26 15:00:00,78.83466990228128
2012-04-26 16:00:00,114.75735661163878
2012-04-26 17:00:00,331.7346209389658
2012-04-26 18:00:00,283.59862656613126
2012-04-26 19:00:00,202.54040932002502
2012-04-26 20:00:00,155.0802682478867
2012-04-26 21:00:00,99.54099129184515
2012-04-26 22:00:00,85.03965834761912
2012-04-26 23:00:00,49.17655028907153
2012-04-27 00:00:00,28.435849746560333
2012-04-27 01:00:00,10.426161160990278
2012-04-27 02:00:00,5.592994314821719
2012-04-27 03:00:00,3.5887543893888427
2012-04-27 04:00:00,1.6888587781992794
2012-04-27 05:00:00,13.173283282785887
2012-04-27 06:00:00,55.91400434222874
2012-04-27 07:00:00,155.97700789436442
2012-04-27 08:00:00,303.26298888734374
2012-04-27 09:00:00,206.3214402337639
2012-04-27 10:00:00,117.37577504186675
2012-04-27 11:00:00,125.63848616916933
2012-04-27 12:00:00,179.83598180289005
2012-04-27 13:00:00,170.7489499428363
2012-04-27 14:00:00,153.19347137853262
2012-04-27 15:00:00,148.09937677556766
2012-04-27 16:00:00,227.09872874942639
2012-04-27 17:00:00,382.1715005861827
2012-04-27 18:00:00,300.48649102034204
2012-04-27 19:00:00,218.0435159883345
2012-04-27 20:00:00,129.0789517721791
2012-04-27 21:00:00,100.37467229185837
2012-04-27 22:00:00,84.79697623513908
2012-04-27 23:00:00,55.019285185232036
2012-04-28 00:00:00,47.528087121314556
2012-04-28 01:00:00,28.31241098076447
2012-04-28 02:00:00,21.802538079093953
2012-04-28 03:00:00,9.662527458707746
2012-04-28 04:00:00,3.514592557395897
2012-04-28 05:00:00,4.062708333148983
2012-04-28 06:00:00,9.296315504933327
2012-04-28 07:00:00,27.109508683087356
2012-04-28 08:00:00,64.41633619732374
2012-04-28 09:00:00,125.05629183986393
2012-04-28 10:00:00,170.05354392222822
2012-04-28 11:00:00,181.3720376523735
2012-04-28 12:00:00,255.13721462349213
2012-04-28 13:00:00,244.56329298208422
2012-04-28 14:00:00,240.46317836728647
2012-04-28 15:00:00,258.99236181981985
2012-04-28 16:00:00,237.97142138332234
2012-04-28 17:00:00,219.6270337520188
2012-04-28 18:00:00,126.44090314869074
2012-04-28 19:00:00,94.58892666160833
2012-04-28 20:00:00,94.97277390374485
2012-04-28 21:00:00,47.31191859832648
2012-04-28 22:00:00,67.95520094744255
2012-04-28 23:00:00,50.3228668238634
2012-04-29 00:00:00,37.9911854268366
2012-04-29 01:00:00,41.26321061081032
2012-04-29 02:00:00,27.331196813297883
2012-04-29 03:00:00,12.861766235715383
2012-04-29 04:00:00,3.998026988145596
2012-04-29 05:00:00,4.910747192163398
2012-04-29 06:00:00,7.300973140664986
2012-04-29 07:00:00,17.61642709593197
2012-04-29 08:00:00,60.62176364721019
2012-04-29 09:00:00,134.57303203797167
2012-04-29 10:00:00,204.73430872826324
2012-04-29 11:00:00,242.66256476722043
2012-04-29 12:00:00,358.52856283799827
2012-04-29 13:00:00,340.3862458511655
2012-04-29 14:00:00,300.4968270658354
2012-04-29 15:00:00,343.10694440680453
2012-04-29 16:00:00,353.09417190625084
2012-04-29 17:00:00,283.5474175134316
2012-04-29 18:00:00,235.48210157873606
2012-04-29 19:00:00,180.4876966921356
2012-04-29 20:00:00,126.55336142683721
2012-04-29 21:00:00,101.10711531033645
2012-04-29 22:00:00,70.90971001956466
2012-04-29 23:00:00,43.633934024317554
2012-04-30 00:00:00,16.526264190406497
2012-04-30 01:00:00,6.450212542307982
2012-04-30 02:00:00,3.4263471196256052
2012-04-30 03:00:00,1.7054013705195872
2012-04-30 04:00:00,1.1140095438630375
2012-04-30 05:00:00,12.676058194660811
2012-04-30 06:00:00,62.52008701251619
2012-04-30 07:00:00,206.24318507437172
2012-04-30 08:00:00,344.13284616177606
2012-04-30 09:00:00,177.9271244251568
2012-04-30 10:00:00,96.0682585570393
2012-04-30 11:00:00,108.0549214111376
2012-04-30 12:00:00,135.07475579236913
2012-04-30 13:00:00,140.71287836099637
2012-04-30 14:00:00,117.16327253481244
2012-04-30 15:00:00,156.2145861437242
2012-04-30 16:00:00,196.14317786048935
2012-04-30 17:00:00,410.91847950100913
2012-04-30 18:00:00,369.9701041126119
2012-04-30 19:00:00,218.93611584136616
2012-04-30 20:00:00,160.34422945691523
2012-04-30 21:00:00,118.673914964246
2012-04-30 22:00:00,80.30482652830125
2012-04-30 23:00:00,37.754745071671806
2012-05-20 00:00:00,92.77423856495732
2012-05-20 01:00:00,68.1406793323669
2012-05-20 02:00:00,45.70375991471343
2012-05-20 03:00:00,20.260921203807634
2012-05-20 04:00:00,7.574814384304817
2012-05-20 05:00:00,7.064194063020489
2012-05-20 06:00:00,14.968612054826341
2012-05-20 07:00:00,35.161569431268006
2012-05-20 08:00:00,87.98947041640794
2012-05-20 09:00:00,154.4340168269202
2012-05-20 10:00:00,246.5934944430056
2012-05-20 11:00:00,326.3025897711036
2012-05-20 12:00:00,353.5096393457936
2012-05-20 13:00:00,360.4636356516939
2012-05-20 14:00:00,313.9750836101134
2012-05-20 15:00:00,288.9366036250177
2012-05-20 16:00:00,335.1157439479424
2012-05-20 17:00:00,346.7564092381741
2012-05-20 18:00:00,273.79418606218854
2012-05-20 19:00:00,202.56091403399574
2012-05-20 20:00:00,162.3451112556243
2012-05-20 21:00:00,131.97989005736216
2012-05-20 22:00:00,100.421515182207
2012-05-20 23:00:00,52.01663042350468
2012-05-21 00:00:00,18.595991776913827
2012-05-21 01:00:00,8.57417975126571
2012-05-21 02:00:00,3.342369234691339
2012-05-21 03:00:00,1.3952729352981526
2012-05-21 04:00:00,2.238661685316539
2012-05-21 05:00:00,9.209798972031821
2012-05-21 06:00:00,36.20675290717572
2012-05-21 07:00:00,104.29153223845739
2012-05-21 08:00:00,162.60273519457695
2012-05-21 09:00:00,98.03898584128066
2012-05-21 10:00:00,51.054588305221294
2012-05-21 11:00:00,77.83698400529663
2012-05-21 12:00:00,101.44540606789948
2012-05-21 13:00:00,80.9706177126334
2012-05-21 14:00:00,70.16150782665896
2012-05-21 15:00:00,105.29053173152026
2012-05-21 16:00:00,144.68302647291952
2012-05-21 17:00:00,355.63534624241237
2012-05-21 18:00:00,351.8396409108004
2012-05-21 19:00:00,271.41374317660495
2012-05-21 20:00:00,191.2597011489326
2012-05-21 21:00:00,156.4828006979896
2012-05-21 22:00:00,82.35708427058694
2012-05-21 23:00:00,59.05036693780431
2012-05-22 00:00:00,24.779817855584078
2012-05-22 01:00:00,8.318727854250435
2012-05-22 02:00:00,2.9380063252314224
2012-05-22 03:00:00,1.7661584038759015
2012-05-22 04:00:00,2.061272428058646
2012-05-22 05:00:00,8.905966601156674
2012-05-22 06:00:00,40.57402648773796
2012-05-22 07:00:00,94.53664206860006
2012-05-22 08:00:00,259.6236113059214
2012-05-22 09:00:00,139.9422137754596
2012-05-22 10:00:00,80.8196405798803
2012-05-22 11:00:00,86.67990616195539
2012-05-22 12:00:00,115.17490777540384
2012-05-22 13:00:00,101.24325138586993
2012-05-22 14:00:00,111.3090109530005
2012-05-22 15:00:00,125.52219852102849
2012-05-22 16:00:00,184.7875554110865
2012-05-22 17:00:00,430.4799556474265
2012-05-22 18:00:00,432.11303345458543
2012-05-22 19:00:00,274.97015194110935
2012-05-22 20:00:00,177.04950108443143
2012-05-22 21:00:00,149.06859438988462
2012-05-22 22:00:00,102.71334564806865
2012-05-22 23:00:00,64.06381616947769
2012-05-23 00:00:00,31.580235794738343
2012-05-23 01:00:00,11.061800020236237
2012-05-23 02:00:00,3.4681970740794457
2012-05-23 03:00:00,2.877588334888339
2012-05-23 04:00:00,2.1620862957577796
2012-05-23 05:00:00,10.214165977912693
2012-05-23 06:00:00,85.96295026799014
2012-05-23 07:00:00,234.63197135679707
2012-05-23 08:00:00,380.5481360486509
2012-05-23 09:00:00,158.65235666525652
2012-05-23 10:00:00,86.86681759168034
2012-05-23 11:00:00,104.3381617082444
2012-05-23 12:00:00,135.8037098124125
2012-05-23 13:00:00,119.14898004730499
2012-05-23 14:00:00,138.64349476043836
2012-05-23 15:00:00,126.06254702311841
2012-05-23 16:00:00,153.3463430848601
2012-05-23 17:00:00,341.58354516451175
2012-05-23 18:00:00,304.68556534400943
2012-05-23 19:00:00,218.51971187580244
2012-05-23 20:00:00,153.62485337907586
2012-05-23 21:00:00,131.42682077249148
2012-05-23 22:00:00,89.73785056901552
2012-05-23 23:00:00,67.51391432909978
2012-05-24 00:00:00,38.28230260975692
2012-05-24 01:00:00,13.587459317730143
2012-05-24 02:00:00,6.439914736419425
2012-05-24 03:00:00,2.69197007535132
2012-05-24 04:00:00,2.619868618497673
2012-05-24 05:00:00,18.02166050273544
2012-05-24 06:00:00,86.02274891935998
2012-05-24 07:00:00,270.07791872680406
2012-05-24 08:00:00,403.1811877619014
2012-05-24 09:00:00,169.12873691388063
2012-05-24 10:00:00,102.43992352669726
2012-05-24 11:00:00,128.69871489747766
2012-05-24 12:00:00,183.43660784482307
2012-05-24 13:00:00,180.46375928121
2012-05-24 14:00:00,144.74050844619634
2012-05-24 15:00:00,154.2404920467216
2012-05-24 16:00:00,210.63746361981427
2012-05-24 17:00:00,423.60785947887524
2012-05-24 18:00:00,440.8657447851164
2012-05-24 19:00:00,320.0115567907922
2012-05-24 20:00:00,189.48490475134187
2012-05-24 21:00:00,120.3195324312719
2012-05-24 22:00:00,122.30160700518216
2012-05-24 23:00:00,81.29728996866531
2012-05-25 00:00:00,43.146555025045195
2012-05-25 01:00:00,19.31959435465895
2012-05-25 02:00:00,7.202407777067208
2012-05-25 03:00:00,3.660154794943641
2012-05-25 04:00:00,3.276981044866165
2012-05-25 05:00:00,16.520671604837652
2012-05-25 06:00:00,69.39123409325231
2012-05-25 07:00:00,169.08254797314683
2012-05-25 08:00:00,291.0960212484458
2012-05-25 09:00:00,147.05542501745722
2012-05-25 10:00:00,103.97657207590778
2012-05-25 11:00:00,119.47751998437558
2012-05-25 12:00:00,176.6796483938816
2012-05-25 13:00:00,185.264681329965
2012-05-25 14:00:00,164.02208301978274
2012-05-25 15:00:00,154.66094173815506
2012-05-25 16:00:00,238.6353176870537
2012-05-25 17:00:00,378.71104707351174
2012-05-25 18:00:00,320.0146417241497
2012-05-25 19:00:00,266.7916221795959
2012-05-25 20:00:00,181.24741467201952
2012-05-25 21:00:00,143.62855992803424
2012-05-25 22:00:00,138.1668169291731
2012-05-25 23:00:00,101.72812345112914
2012-05-26 00:00:00,91.48264510671653
2012-05-26 01:00:00,57.673583084461036
2012-05-26 02:00:00,34.849459084507664
2012-05-26 03:00:00,15.319802510678286
2012-05-26 04:00:00,5.723334230694021
2012-05-26 05:00:00,8.760183301901032
2012-05-26 06:00:00,22.31794607682954
2012-05-26 07:00:00,40.179234105299244
2012-05-26 08:00:00,109.1301337310593
2012-05-26 09:00:00,144.14674308793388
2012-05-26 10:00:00,196.99631468705545
2012-05-26 11:00:00,258.27356490725407
2012-05-26 12:00:00,283.6887199890435
2012-05-26 13:00:00,305.4678410812472
2012-05-26 14:00:00,273.8367823779625
2012-05-26 15:00:00,269.95166253060097
2012-05-26 16:00:00,301.2145231198232
2012-05-26 17:00:00,299.4689333746921
2012-05-26 18:00:00,265.75223480745797
2012-05-26 19:00:00,218.07661542950441
2012-05-26 20:00:00,177.66836732785933
2012-05-26 21:00:00,141.3383413353173
2012-05-26 22:00:00,132.61361401256733
2012-05-26 23:00:00,108.33479339138208
2012-05-27 00:00:00,86.47785370257415
2012-05-27 01:00:00,66.90852936390887
2012-05-27 02:00:00,53.48790690684939
2012-05-27 03:00:00,19.594271775238248
2012-05-27 04:00:00,7.417917467146138
2012-05-27 05:00:00,7.594424120933526
2012-05-27 06:00:00,15.523609951513677
2012-05-27 07:00:00,32.96059124656021
2012-05-27 08:00:00,80.0910349037754
2012-05-27 09:00:00,135.15438638032546
2012-05-27 10:00:00,208.81290719895802
2012-05-27 11:00:00,264.5395965453862
2012-05-27 12:00:00,291.60641058891065
2012-05-27 13:00:00,313.59913415692506
2012-05-27 14:00:00,285.86135144284106
2012-05-27 15:00:00,284.9981558596857
2012-05-27 16:00:00,322.3265819350642
2012-05-27 17:00:00,334.81827523128254
2012-05-27 18:00:00,258.2690259679288
2012-05-27 19:00:00,233.22243366960578
2012-05-27 20:00:00,189.98711200480702
2012-05-27 21:00:00,100.0681775550977
2012-05-27 22:00:00,76.45991976804814
2012-05-27 23:00:00,59.427342916972364
2012-05-28 00:00:00,48.79671745011149
2012-05-28 01:00:00,22.48423230596847
2012-05-28 02:00:00,17.267317928183488
2012-05-28 03:00:00,6.702887840020231
2012-05-28 04:00:00,5.2636871845721735
2012-05-28 05:00:00,8.935007994731528
2012-05-28 06:00:00,26.099401008007362
2012-05-28 07:00:00,76.47269002289327
2012-05-28 08:00:00,156.5082606614991
2012-05-28 09:00:00,200.11420665441554
2012-05-28 10:00:00,168.81566192017775
2012-05-28 11:00:00,192.31317064209026
2012-05-28 12:00:00,230.21100660341793
2012-05-28 13:00:00,220.17703482306808
2012-05-28 14:00:00,211.6405382333009
2012-05-28 15:00:00,207.78037052348586
2012-05-28 16:00:00,296.893838840767
2012-05-28 17:00:00,358.94344670104925
2012-05-28 18:00:00,321.0180573701199
2012-05-28 19:00:00,244.25899243691197
2012-05-28 20:00:00,201.90899923124877
2012-05-28 21:00:00,141.4047117413802
2012-05-28 22:00:00,117.86668776439235
2012-05-28 23:00:00,72.17290374094743
2012-05-29 00:00:00,29.630703645390888
2012-05-29 01:00:00,11.824022594242193
2012-05-29 02:00:00,4.1417658224897975
2012-05-29 03:00:00,3.2121598674919323
2012-05-29 04:00:00,3.058434184103649
2012-05-29 05:00:00,15.336744564786638
2012-05-29 06:00:00,79.46041526657594
2012-05-29 07:00:00,221.97828859179197
2012-05-29 08:00:00,294.2985559660275
2012-05-29 09:00:00,152.0713809165173
2012-05-29 10:00:00,89.04175836704667
2012-05-29 11:00:00,110.14439461448416
2012-05-29 12:00:00,144.75110743808793
2012-05-29 13:00:00,139.41610221166445
2012-05-29 14:00:00,124.70976240799881
2012-05-29 15:00:00,135.95613874803277
2012-05-29 16:00:00,200.87185559577463
2012-05-29 17:00:00,419.800964827755
2012-05-29 18:00:00,450.5385984965579
2012-05-29 19:00:00,317.34430037912693
2012-05-29 20:00:00,124.52992497830869
2012-05-29 21:00:00,71.35231567161196
2012-05-29 22:00:00,73.10272321056506
2012-05-29 23:00:00,37.14203054617219
2012-05-30 00:00:00,22.03735628591543
2012-05-30 01:00:00,9.588856860937483
2012-05-30 02:00:00,3.621986728126454
2012-05-30 03:00:00,2.149152275338931
2012-05-30 04:00:00,2.096389961768939
2012-05-30 05:00:00,18.683093545929978
2012-05-30 06:00:00,88.85076630632248
2012-05-30 07:00:00,139.9277298853939
2012-05-30 08:00:00,422.3678162691121
2012-05-30 09:00:00,183.1058822047481
2012-05-30 10:00:00,101.9793762053328
2012-05-30 11:00:00,108.19823964876484
2012-05-30 12:00:00,174.7302443258299
2012-05-30 13:00:00,167.85507399577654
2012-05-30 14:00:00,162.64813259184106
2012-05-30 15:00:00,160.0088591938299
2012-05-30 16:00:00,232.2251653754314
2012-05-30 17:00:00,493.71979324061977
2012-05-30 18:00:00,488.5088273466013
2012-05-30 19:00:00,364.4278744700922
2012-05-30 20:00:00,197.0460047705328
2012-05-30 21:00:00,193.05263224251766
2012-05-30 22:00:00,132.0873863135834
2012-05-30 23:00:00,86.78585693298706
2012-05-31 00:00:00,47.560030297222156
2012-05-31 01:00:00,17.040636060509676
2012-05-31 02:00:00,8.41429931934323
2012-05-31 03:00:00,3.537083572641337
2012-05-31 04:00:00,3.6956206761382564
2012-05-31 05:00:00,20.297730019046128
2012-05-31 06:00:00,104.05576198707918
2012-05-31 07:00:00,279.8363547995134
2012-05-31 08:00:00,414.54191388743436
2012-05-31 09:00:00,188.183562998049
2012-05-31 10:00:00,113.82899313653404
2012-05-31 11:00:00,142.92876888092604
2012-05-31 12:00:00,196.96045088517025
2012-05-31 13:00:00,197.12487880424484
2012-05-31 14:00:00,170.09487866034237
2012-05-31 15:00:00,171.9547972250837
2012-05-31 16:00:00,252.91294266474654
2012-05-31 17:00:00,483.7100740925802
2012-05-31 18:00:00,446.89517007137675
2012-05-31 19:00:00,367.8023583351214
2012-05-31 20:00:00,243.46993386972116
2012-05-31 21:00:00,190.2822735252451
2012-05-31 22:00:00,149.44697951046396
2012-05-31 23:00:00,97.37657661412112
2012-06-20 00:00:00,27.29847785915321
2012-06-20 01:00:00,10.222432106530496
2012-06-20 02:00:00,4.037862285690388
2012-06-20 03:00:00,2.5837809078192744
2012-06-20 04:00:00,3.4860548734742087
2012-06-20 05:00:00,22.818050622660788
2012-06-20 06:00:00,83.19832194542023
2012-06-20 07:00:00,207.9755689899542
2012-06-20 08:00:00,372.9382198062701
2012-06-20 09:00:00,156.87656036831422
2012-06-20 10:00:00,100.98174420594741
2012-06-20 11:00:00,118.93711224241048
2012-06-20 12:00:00,165.97182491676423
2012-06-20 13:00:00,153.4179402822572
2012-06-20 14:00:00,131.7220888506661
2012-06-20 15:00:00,166.99793925444683
2012-06-20 16:00:00,240.2656259122619
2012-06-20 17:00:00,435.2029929778545
2012-06-20 18:00:00,422.32145932149814
2012-06-20 19:00:00,325.02616233910317
2012-06-20 20:00:00,245.0831255140419
2012-06-20 21:00:00,203.83543354387342
2012-06-20 22:00:00,146.85364284612456
2012-06-20 23:00:00,91.53210960410996
2012-06-21 00:00:00,43.249745433155056
2012-06-21 01:00:00,14.623040187214292
2012-06-21 02:00:00,6.878063937947759
2012-06-21 03:00:00,4.117325903665375
2012-06-21 04:00:00,3.692419931900341
2012-06-21 05:00:00,26.055298709161033
2012-06-21 06:00:00,110.88125225731432
2012-06-21 07:00:00,278.70265293998585
2012-06-21 08:00:00,430.05811039913675
2012-06-21 09:00:00,186.94339095300887
2012-06-21 10:00:00,103.43660989171822
2012-06-21 11:00:00,130.1912481357876
2012-06-21 12:00:00,173.8897630310157
2012-06-21 13:00:00,166.81269785144045
2012-06-21 14:00:00,143.34574168726152
2012-06-21 15:00:00,168.76658263186877
2012-06-21 16:00:00,243.7353762646068
2012-06-21 17:00:00,434.41412420935706
2012-06-21 18:00:00,432.07967581783237
2012-06-21 19:00:00,358.97328876837565
2012-06-21 20:00:00,262.4383823896808
2012-06-21 21:00:00,213.20691874863593
2012-06-21 22:00:00,144.96052900396867
2012-06-21 23:00:00,99.10634978146273
2012-06-22 00:00:00,47.48217080734453
2012-06-22 01:00:00,25.70643298389605
2012-06-22 02:00:00,11.458896304676198
2012-06-22 03:00:00,6.044239138140965
2012-06-22 04:00:00,5.502460139520576
2012-06-22 05:00:00,26.813752401194847
2012-06-22 06:00:00,88.33868213170112
2012-06-22 07:00:00,238.43762845364353
2012-06-22 08:00:00,403.6913703407288
2012-06-22 09:00:00,227.06741515513448
2012-06-22 10:00:00,155.46352016005167
2012-06-22 11:00:00,178.4930771169934
2012-06-22 12:00:00,221.69719782014602
2012-06-22 13:00:00,218.0954880166623
2012-06-22 14:00:00,204.4340111629333
2012-06-22 15:00:00,215.70178499585873
2012-06-22 16:00:00,277.42105749847025
2012-06-22 17:00:00,503.7887072605833
2012-06-22 18:00:00,431.54352128338996
2012-06-22 19:00:00,302.4618494566787
2012-06-22 20:00:00,215.1979729247423
2012-06-22 21:00:00,121.51880155400097
2012-06-22 22:00:00,151.42921088397864
2012-06-22 23:00:00,109.2759605700582
2012-06-23 00:00:00,93.09437277213884
2012-06-23 01:00:00,66.75212592275332
2012-06-23 02:00:00,41.29363251647569
2012-06-23 03:00:00,20.065950138379346
2012-06-23 04:00:00,7.926408205992722
2012-06-23 05:00:00,10.297316255301812
2012-06-23 06:00:00,21.08655001246761
2012-06-23 07:00:00,40.7860493850083
2012-06-23 08:00:00,106.559267341372
2012-06-23 09:00:00,188.75578871357578
2012-06-23 10:00:00,264.7467494114853
2012-06-23 11:00:00,373.5647073242064
2012-06-23 12:00:00,370.768873818464
2012-06-23 13:00:00,370.8464807321976
2012-06-23 14:00:00,385.5639069223725
2012-06-23 15:00:00,391.02961949963475
2012-06-23 16:00:00,356.42254740158165
2012-06-23 17:00:00,348.59234672610546
2012-06-23 18:00:00,305.9690852690837
2012-06-23 19:00:00,270.04247778302965
2012-06-23 20:00:00,218.8783334885932
2012-06-23 21:00:00,181.35617899429835
2012-06-23 22:00:00,144.11080165313513
2012-06-23 23:00:00,125.6980178904891
2012-06-24 00:00:00,106.82897686903753
2012-06-24 01:00:00,80.87319936870989
2012-06-24 02:00:00,60.71701690435927
2012-06-24 03:00:00,28.60853250817405
2012-06-24 04:00:00,10.888061710175876
2012-06-24 05:00:00,9.01397362110303
2012-06-24 06:00:00,15.558884111142362
2012-06-24 07:00:00,32.085502766503005
2012-06-24 08:00:00,83.12465826552888
2012-06-24 09:00:00,142.3673112699941
2012-06-24 10:00:00,219.7340228858579
2012-06-24 11:00:00,325.05762987575633
2012-06-24 12:00:00,359.3501460087822
2012-06-24 13:00:00,362.58621330697326
2012-06-24 14:00:00,338.09741611820743
2012-06-24 15:00:00,341.0385900964654
2012-06-24 16:00:00,345.7357195508421
2012-06-24 17:00:00,317.3872548494014
2012-06-24 18:00:00,270.4994356773264
2012-06-24 19:00:00,238.3190504779794
2012-06-24 20:00:00,202.42787044059915
2012-06-24 21:00:00,155.43167212275324
2012-06-24 22:00:00,120.78846963938767
2012-06-24 23:00:00,78.60978825261343
2012-06-25 00:00:00,35.8398610291694
2012-06-25 01:00:00,12.794016958662779
2012-06-25 02:00:00,5.731249312558067
2012-06-25 03:00:00,3.8129454552388236
2012-06-25 04:00:00,3.966106314416848
2012-06-25 05:00:00,23.67437250766553
2012-06-25 06:00:00,97.92576257790832
2012-06-25 07:00:00,271.323110837074
2012-06-25 08:00:00,397.1185331504222
2012-06-25 09:00:00,201.43128975197317
2012-06-25 10:00:00,109.11023406792057
2012-06-25 11:00:00,140.97632752915817
2012-06-25 12:00:00,184.80424515231525
2012-06-25 13:00:00,182.24068409081187
2012-06-25 14:00:00,151.97358515887578
2012-06-25 15:00:00,186.01811096152716
2012-06-25 16:00:00,243.73254489302985
2012-06-25 17:00:00,467.88235825578687
2012-06-25 18:00:00,489.51559654657683
2012-06-25 19:00:00,332.619875429643
2012-06-25 20:00:00,260.2043940729694
2012-06-25 21:00:00,206.49908143928732
2012-06-25 22:00:00,129.3114621893636
2012-06-25 23:00:00,68.38631819044974
2012-06-26 00:00:00,40.88717312399014
2012-06-26 01:00:00,15.41041705158943
2012-06-26 02:00:00,7.248086066002374
2012-06-26 03:00:00,4.577003584568328
2012-06-26 04:00:00,4.656037413444661
2012-06-26 05:00:00,29.566722742547242
2012-06-26 06:00:00,138.0942710553242
2012-06-26 07:00:00,347.5914105668671
2012-06-26 08:00:00,490.28689730255974
2012-06-26 09:00:00,253.16956756351382
2012-06-26 10:00:00,140.0255906935754
2012-06-26 11:00:00,167.94237485496592
2012-06-26 12:00:00,221.93855385934205
2012-06-26 13:00:00,221.5205723786771
2012-06-26 14:00:00,190.16303417467856
2012-06-26 15:00:00,222.2239285697305
2012-06-26 16:00:00,293.3304646117641
2012-06-26 17:00:00,574.1976130407834
2012-06-26 18:00:00,587.6210697490732
2012-06-26 19:00:00,379.9437074126695
2012-06-26 20:00:00,278.45745579818043
2012-06-26 21:00:00,236.0638185649709
2012-06-26 22:00:00,152.8628304244677
2012-06-26 23:00:00,85.32029353961815
2012-06-27 00:00:00,35.29736076746334
2012-06-27 01:00:00,12.189573173503458
2012-06-27 02:00:00,5.647985174994527
2012-06-27 03:00:00,3.7016499814487283
2012-06-27 04:00:00,3.2199558686513043
2012-06-27 05:00:00,27.357114870729067
2012-06-27 06:00:00,121.35010373008119
2012-06-27 07:00:00,330.3307102939493
2012-06-27 08:00:00,520.0166187183389
2012-06-27 09:00:00,197.83011918719077
2012-06-27 10:00:00,109.36650039973077
2012-06-27 11:00:00,130.6673080261812
2012-06-27 12:00:00,174.0368745837738
2012-06-27 13:00:00,157.71239743078388
2012-06-27 14:00:00,140.54401139359328
2012-06-27 15:00:00,169.78617654069424
2012-06-27 16:00:00,234.94672294685265
2012-06-27 17:00:00,445.8058610823672
2012-06-27 18:00:00,459.28433537663994
2012-06-27 19:00:00,337.00983041805125
2012-06-27 20:00:00,268.74143547613534
2012-06-27 21:00:00,204.49653300446278
2012-06-27 22:00:00,149.92332975757293
2012-06-27 23:00:00,86.80924342201635
2012-06-28 00:00:00,40.954336891405276
2012-06-28 01:00:00,14.863901539781045
2012-06-28 02:00:00,7.539478748852257
2012-06-28 03:00:00,3.5915029387072055
2012-06-28 04:00:00,3.610061410927508
2012-06-28 05:00:00,26.155132927723365
2012-06-28 06:00:00,107.5617065638099
2012-06-28 07:00:00,303.3578274234483
2012-06-28 08:00:00,443.3648288982641
2012-06-28 09:00:00,200.02934530201608
2012-06-28 10:00:00,104.0391898487923
2012-06-28 11:00:00,131.87770253297643
2012-06-28 12:00:00,173.14147770359395
2012-06-28 13:00:00,164.06201849190506
2012-06-28 14:00:00,141.3528228179644
2012-06-28 15:00:00,167.6102220696641
2012-06-28 16:00:00,237.39869242436276
2012-06-28 17:00:00,450.96849328972183
2012-06-28 18:00:00,411.7874830307365
2012-06-28 19:00:00,351.1408756173831
2012-06-28 20:00:00,261.3776629807311
2012-06-28 21:00:00,215.34083747393026
2012-06-28 22:00:00,143.5203192280444
2012-06-28 23:00:00,97.92316064135467
2012-06-29 00:00:00,59.08955731995807
2012-06-29 01:00:00,25.39610597137053
2012-06-29 02:00:00,12.850922465536064
2012-06-29 03:00:00,6.354705316559661
2012-06-29 04:00:00,5.046240186723748
2012-06-29 05:00:00,25.62162797411473
2012-06-29 06:00:00,93.26469618833562
2012-06-29 07:00:00,240.00032729115762
2012-06-29 08:00:00,418.4951901575899
2012-06-29 09:00:00,219.7432420220307
2012-06-29 10:00:00,154.72962480771074
2012-06-29 11:00:00,179.9106544876962
2012-06-29 12:00:00,222.9078445036004
2012-06-29 13:00:00,212.15496979589864
2012-06-29 14:00:00,200.87113052512848
2012-06-29 15:00:00,218.4177308842685
2012-06-29 16:00:00,291.31452157689233
2012-06-29 17:00:00,435.2705245953683
2012-06-29 18:00:00,336.64136759425264
2012-06-29 19:00:00,334.6803077977316
2012-06-29 20:00:00,228.1661142047786
2012-06-29 21:00:00,189.88455315521912
2012-06-29 22:00:00,118.01771597695911
2012-06-29 23:00:00,110.8525002673291
2012-06-30 00:00:00,48.84397489934223
2012-06-30 01:00:00,47.570291409056615
2012-06-30 02:00:00,35.891539702891166
2012-06-30 03:00:00,17.72311843847286
2012-06-30 04:00:00,7.77839665794153
2012-06-30 05:00:00,11.141625138728738
2012-06-30 06:00:00,20.10972583543922
2012-06-30 07:00:00,38.508277564726036
2012-06-30 08:00:00,92.92683587804386
2012-06-30 09:00:00,158.29148969391935
2012-06-30 10:00:00,237.4248450797466
2012-06-30 11:00:00,336.1643266239911
2012-06-30 12:00:00,340.23043251810583
2012-06-30 13:00:00,360.2036108319934
2012-06-30 14:00:00,367.7942242596178
2012-06-30 15:00:00,389.7426342862982
2012-06-30 16:00:00,330.48149046645653
2012-06-30 17:00:00,329.30083943497726
2012-06-30 18:00:00,274.42164297327184
2012-06-30 19:00:00,289.41605639200367
2012-06-30 20:00:00,228.0841888610025
2012-06-30 21:00:00,191.51747879542683
2012-06-30 22:00:00,150.71567798118403
2012-06-30 23:00:00,132.21747184444558
2012-07-20 00:00:00,27.835990801470007
2012-07-20 01:00:00,16.97743720446807
2012-07-20 02:00:00,8.846177513236878
2012-07-20 03:00:00,4.195788869408324
2012-07-20 04:00:00,4.376915601790883
2012-07-20 05:00:00,20.398485968478667
2012-07-20 06:00:00,82.94743949388763
2012-07-20 07:00:00,200.25993199564638
2012-07-20 08:00:00,363.04330066253743
2012-07-20 09:00:00,211.6220752116646
2012-07-20 10:00:00,126.53864610228436
2012-07-20 11:00:00,127.58142106783006
2012-07-20 12:00:00,97.14750274941086
2012-07-20 13:00:00,92.69782724910765
2012-07-20 14:00:00,88.03984789616452
2012-07-20 15:00:00,151.1734591531663
2012-07-20 16:00:00,233.6121345935677
2012-07-20 17:00:00,312.77054654038454
2012-07-20 18:00:00,381.7187951852868
2012-07-20 19:00:00,241.225306211114
2012-07-20 20:00:00,109.34817371743
2012-07-20 21:00:00,107.86954897811839
2012-07-20 22:00:00,120.79901184961864
2012-07-20 23:00:00,88.00792681255942
2012-07-21 00:00:00,53.494745659456406
2012-07-21 01:00:00,56.77449760748452
2012-07-21 02:00:00,31.576442074379457
2012-07-21 03:00:00,11.934368026863316
2012-07-21 04:00:00,4.41461216134265
2012-07-21 05:00:00,6.1390486926010395
2012-07-21 06:00:00,13.305363105282362
2012-07-21 07:00:00,38.25465585968197
2012-07-21 08:00:00,89.53925262539872
2012-07-21 09:00:00,137.9307596073915
2012-07-21 10:00:00,113.39727324596157
2012-07-21 11:00:00,243.1734524239935
2012-07-21 12:00:00,163.4304511217008
2012-07-21 13:00:00,145.9162172233154
2012-07-21 14:00:00,179.96201151031744
2012-07-21 15:00:00,152.87161476299818
2012-07-21 16:00:00,130.01388499565567
2012-07-21 17:00:00,164.7894096259198
2012-07-21 18:00:00,181.64415622772162
2012-07-21 19:00:00,183.55142411395903
2012-07-21 20:00:00,113.84514730703907
2012-07-21 21:00:00,131.92554129203705
2012-07-21 22:00:00,119.01024896413408
2012-07-21 23:00:00,93.25711566151756
2012-07-22 00:00:00,91.52481324211634
2012-07-22 01:00:00,70.70138119501935
2012-07-22 02:00:00,60.96772230687734
2012-07-22 03:00:00,21.66692143448145
2012-07-22 04:00:00,8.030743718848164
2012-07-22 05:00:00,7.922000700389159
2012-07-22 06:00:00,12.710238090440395
2012-07-22 07:00:00,27.97815209941332
2012-07-22 08:00:00,72.21468679142313
2012-07-22 09:00:00,141.94499114616855
2012-07-22 10:00:00,223.1428624860691
2012-07-22 11:00:00,272.3238394816247
2012-07-22 12:00:00,311.2503472483072
2012-07-22 13:00:00,316.8430270403763
2012-07-22 14:00:00,269.9313375688002
2012-07-22 15:00:00,259.68399816503495
2012-07-22 16:00:00,277.0791515859379
2012-07-22 17:00:00,256.7165112172574
2012-07-22 18:00:00,220.2137924269935
2012-07-22 19:00:00,199.89354102824757
2012-07-22 20:00:00,169.28817415002365
2012-07-22 21:00:00,137.3839527750151
2012-07-22 22:00:00,107.7500997005397
2012-07-22 23:00:00,68.26105514270583
2012-07-23 00:00:00,27.148366430475992
2012-07-23 01:00:00,9.333748132935638
2012-07-23 02:00:00,4.323996784540671
2012-07-23 03:00:00,1.879793823581287
2012-07-23 04:00:00,2.689752321216089
2012-07-23 05:00:00,15.353285558841296
2012-07-23 06:00:00,71.07017950257298
2012-07-23 07:00:00,220.01729071243508
2012-07-23 08:00:00,303.2557733839407
2012-07-23 09:00:00,175.284323602393
2012-07-23 10:00:00,92.40181187609667
2012-07-23 11:00:00,125.82037019610968
2012-07-23 12:00:00,169.72341446072505
2012-07-23 13:00:00,156.36777922825607
2012-07-23 14:00:00,139.27102605616008
2012-07-23 15:00:00,137.28053098037006
2012-07-23 16:00:00,194.61284898370403
2012-07-23 17:00:00,379.8350725481334
2012-07-23 18:00:00,378.11345422881215
2012-07-23 19:00:00,284.3057567579145
2012-07-23 20:00:00,239.64597176368264
2012-07-23 21:00:00,197.00746148480297
2012-07-23 22:00:00,119.68190885231125
2012-07-23 23:00:00,75.34195824126483
2012-07-24 00:00:00,32.03335163003919
2012-07-24 01:00:00,10.485169907395782
2012-07-24 02:00:00,4.7767642040473985
2012-07-24 03:00:00,2.7759163319891433
2012-07-24 04:00:00,3.334707531709787
2012-07-24 05:00:00,18.550146034346902
2012-07-24 06:00:00,92.92062626992268
2012-07-24 07:00:00,267.7088892255334
2012-07-24 08:00:00,343.8833130936741
2012-07-24 09:00:00,165.57428209788338
2012-07-24 10:00:00,107.22710346597324
2012-07-24 11:00:00,132.71847620002833
2012-07-24 12:00:00,174.15575413303986
2012-07-24 13:00:00,164.32301229993277
2012-07-24 14:00:00,146.3391671620394
2012-07-24 15:00:00,160.99315652882623
2012-07-24 16:00:00,229.25692290248867
2012-07-24 17:00:00,472.41256801285346
2012-07-24 18:00:00,470.53644227869216
2012-07-24 19:00:00,357.3693103311433
2012-07-24 20:00:00,258.49813865347596
2012-07-24 21:00:00,210.2630666060441
2012-07-24 22:00:00,140.85730917569023
2012-07-24 23:00:00,92.73312313116323
2012-07-25 00:00:00,38.288044257397786
2012-07-25 01:00:00,12.801485380955166
2012-07-25 02:00:00,5.675271621163345
2012-07-25 03:00:00,3.7792653701106556
2012-07-25 04:00:00,2.8388983555370233
2012-07-25 05:00:00,24.526506511891398
2012-07-25 06:00:00,111.82537222114782
2012-07-25 07:00:00,285.9346389761238
2012-07-25 08:00:00,412.16146397563114
2012-07-25 09:00:00,204.9786575695819
2012-07-25 10:00:00,101.74872768296872
2012-07-25 11:00:00,121.40194236407926
2012-07-25 12:00:00,166.5839263535973
2012-07-25 13:00:00,160.0399293596834
2012-07-25 14:00:00,134.7761056652974
2012-07-25 15:00:00,161.5376063820613
2012-07-25 16:00:00,249.10562139399062
2012-07-25 17:00:00,425.32907654305893
2012-07-25 18:00:00,409.3661466481612
2012-07-25 19:00:00,328.2963534693175
2012-07-25 20:00:00,250.54575083133733
2012-07-25 21:00:00,221.12003026505852
2012-07-25 22:00:00,149.35502013762982
2012-07-25 23:00:00,91.93166082532655
2012-07-26 00:00:00,44.671076468853826
2012-07-26 01:00:00,14.266365893373276
2012-07-26 02:00:00,8.031689135470236
2012-07-26 03:00:00,3.628822150253302
2012-07-26 04:00:00,2.9603888737544826
2012-07-26 05:00:00,24.362484490258606
2012-07-26 06:00:00,110.85774479390761
2012-07-26 07:00:00,269.7039096177052
2012-07-26 08:00:00,444.58608003628007
2012-07-26 09:00:00,198.42862761842161
2012-07-26 10:00:00,97.24444360592025
2012-07-26 11:00:00,114.75522856813807
2012-07-26 12:00:00,151.76773778222065
2012-07-26 13:00:00,144.8849695467784
2012-07-26 14:00:00,120.26108855782248
2012-07-26 15:00:00,137.66747289443154
2012-07-26 16:00:00,207.3197283517621
2012-07-26 17:00:00,405.56652853991164
2012-07-26 18:00:00,403.32394892121414
2012-07-26 19:00:00,290.1486000162796
2012-07-26 20:00:00,235.1131684826056
2012-07-26 21:00:00,211.7337706418603
2012-07-26 22:00:00,141.28640540281685
2012-07-26 23:00:00,98.30910055246993
2012-07-27 00:00:00,52.825406093088944
2012-07-27 01:00:00,23.04371679813036
2012-07-27 02:00:00,10.69194186009329
2012-07-27 03:00:00,5.884769280307132
2012-07-27 04:00:00,3.964645194762846
2012-07-27 05:00:00,21.14206070155944
2012-07-27 06:00:00,82.604566393017
2012-07-27 07:00:00,222.23608147397638
2012-07-27 08:00:00,312.52414879076326
2012-07-27 09:00:00,189.3942388676716
2012-07-27 10:00:00,109.91422084374986
2012-07-27 11:00:00,160.11867279737473
2012-07-27 12:00:00,206.35598423537274
2012-07-27 13:00:00,190.75921699655086
2012-07-27 14:00:00,165.93248071639033
2012-07-27 15:00:00,183.80549207493706
2012-07-27 16:00:00,260.1299958808312
2012-07-27 17:00:00,421.62896984798317
2012-07-27 18:00:00,353.4667272089187
2012-07-27 19:00:00,286.34894741129875
2012-07-27 20:00:00,221.48516222198128
2012-07-27 21:00:00,179.58614100021208
2012-07-27 22:00:00,157.10510285883578
2012-07-27 23:00:00,124.13150107085086
2012-07-28 00:00:00,95.8168567083115
2012-07-28 01:00:00,54.8681623997808
2012-07-28 02:00:00,42.423048459371365
2012-07-28 03:00:00,15.961961684131339
2012-07-28 04:00:00,6.3977628616979265
2012-07-28 05:00:00,9.717506190949475
2012-07-28 06:00:00,21.657595382407248
2012-07-28 07:00:00,43.82841460922518
2012-07-28 08:00:00,95.58529002287874
2012-07-28 09:00:00,130.80158952950302
2012-07-28 10:00:00,187.08632403714148
2012-07-28 11:00:00,269.2877309380158
2012-07-28 12:00:00,278.6507165845109
2012-07-28 13:00:00,289.46537000785355
2012-07-28 14:00:00,274.6211597823542
2012-07-28 15:00:00,275.0146735382554
2012-07-28 16:00:00,273.5202257738666
2012-07-28 17:00:00,277.6755310494847
2012-07-28 18:00:00,255.68110500818847
2012-07-28 19:00:00,212.85384801925002
2012-07-28 20:00:00,170.46083382403737
2012-07-28 21:00:00,152.20126660244424
2012-07-28 22:00:00,131.3030581536701
2012-07-28 23:00:00,106.18509305326724
2012-07-29 00:00:00,91.52490817615468
2012-07-29 01:00:00,59.839827811604984
2012-07-29 02:00:00,60.12039521604727
2012-07-29 03:00:00,23.494056027713818
2012-07-29 04:00:00,7.418994188127153
2012-07-29 05:00:00,7.617544515456503
2012-07-29 06:00:00,14.540801149769534
2012-07-29 07:00:00,33.76666440245259
2012-07-29 08:00:00,78.45730988756
2012-07-29 09:00:00,128.1461637817969
2012-07-29 10:00:00,203.53372796842373
2012-07-29 11:00:00,277.2660472972347
2012-07-29 12:00:00,296.8617920217921
2012-07-29 13:00:00,297.9401044493503
2012-07-29 14:00:00,268.2775289099136
2012-07-29 15:00:00,272.9846355346884
2012-07-29 16:00:00,291.3383138444461
2012-07-29 17:00:00,284.441304243766
2012-07-29 18:00:00,244.77207203167714
2012-07-29 19:00:00,207.87457350746948
2012-07-29 20:00:00,175.67050965231655
2012-07-29 21:00:00,143.33776302720366
2012-07-29 22:00:00,112.04370827677285
2012-07-29 23:00:00,81.45960360394204
2012-07-30 00:00:00,30.410940784223325
2012-07-30 01:00:00,10.746853757895664
2012-07-30 02:00:00,5.736145016276774
2012-07-30 03:00:00,2.166526032023756
2012-07-30 04:00:00,3.028656085053121
2012-07-30 05:00:00,18.0630756290498
2012-07-30 06:00:00,86.39485512523908
2012-07-30 07:00:00,231.63235352196668
2012-07-30 08:00:00,321.1999280178096
2012-07-30 09:00:00,165.41543739037385
2012-07-30 10:00:00,113.38596752841316
2012-07-30 11:00:00,127.35639976798564
2012-07-30 12:00:00,163.38454838135902
2012-07-30 13:00:00,146.97621072151128
2012-07-30 14:00:00,122.05320761519067
2012-07-30 15:00:00,141.97111937483845
2012-07-30 16:00:00,208.92572427072935
2012-07-30 17:00:00,435.2049986614282
2012-07-30 18:00:00,402.06616628022647
2012-07-30 19:00:00,273.4677958550988
2012-07-30 20:00:00,237.08516831807574
2012-07-30 21:00:00,195.82638288248245
2012-07-30 22:00:00,114.14835436733763
2012-07-30 23:00:00,71.45260004230424
2012-07-31 00:00:00,31.32084921389808
2012-07-31 01:00:00,9.55271011253161
2012-07-31 02:00:00,4.6469358460951
2012-07-31 03:00:00,2.5196972066396075
2012-07-31 04:00:00,3.334707531709787
2012-07-31 05:00:00,19.241120159309784
2012-07-31 06:00:00,86.09285356269021
2012-07-31 07:00:00,262.0278491308463
2012-07-31 08:00:00,323.6047382600903
2012-07-31 09:00:00,176.73413393329565
2012-07-31 10:00:00,88.89880228371787
2012-07-31 11:00:00,109.00917257929586
2012-07-31 12:00:00,152.05979558017162
2012-07-31 13:00:00,149.27199794834186
2012-07-31 14:00:00,140.6361661167519
2012-07-31 15:00:00,148.349787573641
2012-07-31 16:00:00,235.60546105878623
2012-07-31 17:00:00,469.14010006933665
2012-07-31 18:00:00,486.1476260601047
2012-07-31 19:00:00,257.99761123270594
2012-07-31 20:00:00,152.97539472417543
2012-07-31 21:00:00,179.69501228713227
2012-07-31 22:00:00,141.42561371246518
2012-07-31 23:00:00,71.72933939237559
2012-08-20 00:00:00,18.092000008746265
2012-08-20 01:00:00,11.481611268657472
2012-08-20 02:00:00,4.429167530500302
2012-08-20 03:00:00,2.549169292288203
2012-08-20 04:00:00,3.6787425819977537
2012-08-20 05:00:00,16.65515026461302
2012-08-20 06:00:00,77.65549978387155
2012-08-20 07:00:00,227.82956170651252
2012-08-20 08:00:00,372.2369895733586
2012-08-20 09:00:00,196.91112103028456
2012-08-20 10:00:00,114.94475067367004
2012-08-20 11:00:00,139.49178242158035
2012-08-20 12:00:00,173.65331960191588
2012-08-20 13:00:00,181.17514011767966
2012-08-20 14:00:00,153.52030883517216
2012-08-20 15:00:00,161.25344350172696
2012-08-20 16:00:00,270.222711534578
2012-08-20 17:00:00,477.4723067772199
2012-08-20 18:00:00,378.08035635643654
2012-08-20 19:00:00,244.84742380060314
2012-08-20 20:00:00,151.26335838135978
2012-08-20 21:00:00,150.9403189494484
2012-08-20 22:00:00,82.49471653305339
2012-08-20 23:00:00,46.06458983935664
2012-08-21 00:00:00,19.583671990425103
2012-08-21 01:00:00,8.500037036038906
2012-08-21 02:00:00,3.827525104190083
2012-08-21 03:00:00,1.8979804223807224
2012-08-21 04:00:00,3.697789879309811
2012-08-21 05:00:00,21.116075900755472
2012-08-21 06:00:00,100.75984669603018
2012-08-21 07:00:00,286.3098794201312
2012-08-21 08:00:00,380.0987008452078
2012-08-21 09:00:00,203.14276294262842
2012-08-21 10:00:00,132.85302097555112
2012-08-21 11:00:00,128.4986625691409
2012-08-21 12:00:00,178.0111022488591
2012-08-21 13:00:00,161.9316772054623
2012-08-21 14:00:00,174.9910290162724
2012-08-21 15:00:00,184.92290888308662
2012-08-21 16:00:00,298.0099552668399
2012-08-21 17:00:00,571.6226740660117
2012-08-21 18:00:00,594.5026494276161
2012-08-21 19:00:00,184.37458846294393
2012-08-21 20:00:00,210.0480399563457
2012-08-21 21:00:00,170.90691398146853
2012-08-21 22:00:00,112.67374781432477
2012-08-21 23:00:00,60.13208455923695
2012-08-22 00:00:00,28.528484644498562
2012-08-22 01:00:00,12.275121637819037
2012-08-22 02:00:00,4.855266120339836
2012-08-22 03:00:00,3.3284373118343424
2012-08-22 04:00:00,3.3642649797085573
2012-08-22 05:00:00,24.224514875307527
2012-08-22 06:00:00,103.4942651383876
2012-08-22 07:00:00,278.8746918612141
2012-08-22 08:00:00,490.0586688633363
2012-08-22 09:00:00,217.8310347268209
2012-08-22 10:00:00,128.09178166622956
2012-08-22 11:00:00,143.0979901256828
2012-08-22 12:00:00,200.06740541862675
2012-08-22 13:00:00,182.69142322542692
2012-08-22 14:00:00,161.23194723716765
2012-08-22 15:00:00,175.59918329698226
2012-08-22 16:00:00,201.31145423093682
2012-08-22 17:00:00,420.553401330964
2012-08-22 18:00:00,329.0214287841807
2012-08-22 19:00:00,320.0773540192663
2012-08-22 20:00:00,238.1465393304545
2012-08-22 21:00:00,188.55822129619602
2012-08-22 22:00:00,143.09223069878394
2012-08-22 23:00:00,77.07517646607798
2012-08-23 00:00:00,41.22253768861833
2012-08-23 01:00:00,15.192294911648663
2012-08-23 02:00:00,6.700053109323901
2012-08-23 03:00:00,3.8064978665074234
2012-08-23 04:00:00,4.3199610299705204
2012-08-23 05:00:00,24.338599192485717
2012-08-23 06:00:00,88.86002599720304
2012-08-23 07:00:00,246.7682666777938
2012-08-23 08:00:00,452.16098011843263
2012-08-23 09:00:00,216.89756670736452
2012-08-23 10:00:00,120.85710082787506
2012-08-23 11:00:00,147.10258723343532
2012-08-23 12:00:00,204.15047215511953
2012-08-23 13:00:00,205.58449316435397
2012-08-23 14:00:00,156.14240262382236
2012-08-23 15:00:00,171.42331093618836
2012-08-23 16:00:00,272.18463348564524
2012-08-23 17:00:00,522.8800507279735
2012-08-23 18:00:00,494.9175616314231
2012-08-23 19:00:00,365.8437881017247
2012-08-23 20:00:00,268.0186357269713
2012-08-23 21:00:00,205.60080236058852
2012-08-23 22:00:00,150.60619545287764
2012-08-23 23:00:00,93.48081674549539
2012-08-24 00:00:00,42.65325821144209
2012-08-24 01:00:00,22.107862287884554
2012-08-24 02:00:00,11.125238934566607
2012-08-24 03:00:00,5.210430154579324
2012-08-24 04:00:00,4.021660707957592
2012-08-24 05:00:00,18.760443563438333
2012-08-24 06:00:00,64.83420774942022
2012-08-24 07:00:00,174.613898713756
2012-08-24 08:00:00,307.8387153026772
2012-08-24 09:00:00,214.27789836142298
2012-08-24 10:00:00,151.6227113710295
2012-08-24 11:00:00,178.17222357732962
2012-08-24 12:00:00,236.61058361045184
2012-08-24 13:00:00,229.11239411887294
2012-08-24 14:00:00,199.19886975743515
2012-08-24 15:00:00,214.76457433357473
2012-08-24 16:00:00,325.7620091340022
2012-08-24 17:00:00,485.5181228205312
2012-08-24 18:00:00,402.7214970278618
2012-08-24 19:00:00,289.50747951528973
2012-08-24 20:00:00,182.5657691981604
2012-08-24 21:00:00,162.87609061061022
2012-08-24 22:00:00,133.19790490918422
2012-08-24 23:00:00,96.6326330830823
2012-08-25 00:00:00,96.87089967738677
2012-08-25 01:00:00,74.55254455527933
2012-08-25 02:00:00,53.10868862959199
2012-08-25 03:00:00,21.799897389486887
2012-08-25 04:00:00,8.500417994782328
2012-08-25 05:00:00,8.81871379319772
2012-08-25 06:00:00,16.255844167950436
2012-08-25 07:00:00,37.33161718334395
2012-08-25 08:00:00,83.6104611363796
2012-08-25 09:00:00,154.3507715412181
2012-08-25 10:00:00,235.53034022640222
2012-08-25 11:00:00,280.87957498788603
2012-08-25 12:00:00,279.39326241524424
2012-08-25 13:00:00,317.8335523275294
2012-08-25 14:00:00,220.29862453564127
2012-08-25 15:00:00,246.53780647598646
2012-08-25 16:00:00,269.05468237434076
2012-08-25 17:00:00,262.0783994678055
2012-08-25 18:00:00,252.46370745946402
2012-08-25 19:00:00,182.0498865007893
2012-08-25 20:00:00,90.97694543937487
2012-08-25 21:00:00,113.86515832697717
2012-08-25 22:00:00,115.25409557044732
2012-08-25 23:00:00,86.59303333601459
2012-08-26 00:00:00,74.12663631839696
2012-08-26 01:00:00,69.29981152425346
2012-08-26 02:00:00,47.53008908166483
2012-08-26 03:00:00,19.87442559099887
2012-08-26 04:00:00,8.371342938591718
2012-08-26 05:00:00,5.982276301415684
2012-08-26 06:00:00,9.031221348496715
2012-08-26 07:00:00,23.04655559045889
2012-08-26 08:00:00,64.82101489621766
2012-08-26 09:00:00,129.49426440549516
2012-08-26 10:00:00,220.4588983766831
2012-08-26 11:00:00,272.460706735851
2012-08-26 12:00:00,185.18661244730563
2012-08-26 13:00:00,172.1928118896469
2012-08-26 14:00:00,225.89004180274043
2012-08-26 15:00:00,121.4055023499477
2012-08-26 16:00:00,125.92371574064146
2012-08-26 17:00:00,172.60299711138643
2012-08-26 18:00:00,161.45607158990646
2012-08-26 19:00:00,128.14494621283356
2012-08-26 20:00:00,115.83758697955729
2012-08-26 21:00:00,108.89958597461936
2012-08-26 22:00:00,77.85990323933329
2012-08-26 23:00:00,52.564006516449766
2012-08-27 00:00:00,22.393497006827563
2012-08-27 01:00:00,10.763684074448852
2012-08-27 02:00:00,4.401549898275915
2012-08-27 03:00:00,2.4901077724531993
2012-08-27 04:00:00,3.985689387128729
2012-08-27 05:00:00,16.709882942238362
2012-08-27 06:00:00,79.61148554227302
2012-08-27 07:00:00,220.90529694803368
2012-08-27 08:00:00,337.6279181284849
2012-08-27 09:00:00,191.50470518947412
2012-08-27 10:00:00,111.852331976188
2012-08-27 11:00:00,136.3961193688602
2012-08-27 12:00:00,164.26517469403473
2012-08-27 13:00:00,177.6637786811399
2012-08-27 14:00:00,145.22814655405898
2012-08-27 15:00:00,157.76995765440947
2012-08-27 16:00:00,255.44317564658724
2012-08-27 17:00:00,489.2523127655127
2012-08-27 18:00:00,497.65165011163856
2012-08-27 19:00:00,324.4062576242621
2012-08-27 20:00:00,250.31771984734328
2012-08-27 21:00:00,182.66264942343616
2012-08-27 22:00:00,108.37505652529705
2012-08-27 23:00:00,60.485025475865946
2012-08-28 00:00:00,29.876708835024225
2012-08-28 01:00:00,10.01483910320614
2012-08-28 02:00:00,4.722143300640345
2012-08-28 03:00:00,2.4684033275334833
2012-08-28 04:00:00,3.9802769502180313
2012-08-28 05:00:00,21.12975744042568
2012-08-28 06:00:00,79.96378283881512
2012-08-28 07:00:00,232.3642632187027
2012-08-28 08:00:00,366.98464961439663
2012-08-28 09:00:00,211.4841477015197
2012-08-28 10:00:00,139.53523165983734
2012-08-28 11:00:00,153.65496044254502
2012-08-28 12:00:00,199.10227499786143
2012-08-28 13:00:00,200.4409641204707
2012-08-28 14:00:00,185.8213639737079
2012-08-28 15:00:00,188.3902687295586
2012-08-28 16:00:00,324.0065083644909
2012-08-28 17:00:00,589.825716316445
2012-08-28 18:00:00,596.6212498855551
2012-08-28 19:00:00,387.43000281846497
2012-08-28 20:00:00,281.4517860907455
2012-08-28 21:00:00,216.10136174917312
2012-08-28 22:00:00,142.44803213938454
2012-08-28 23:00:00,76.95652575071068
2012-08-29 00:00:00,35.21435319550937
2012-08-29 01:00:00,14.192557740777064
2012-08-29 02:00:00,5.2363306809813475
2012-08-29 03:00:00,4.075350588583841
2012-08-29 04:00:00,3.488159129989257
2012-08-29 05:00:00,25.043774938631557
2012-08-29 06:00:00,112.84730812568094
2012-08-29 07:00:00,308.23679886715007
2012-08-29 08:00:00,501.12721374101795
2012-08-29 09:00:00,231.5655069413312
2012-08-29 10:00:00,128.26807494671095
2012-08-29 11:00:00,143.60217891290995
2012-08-29 12:00:00,203.2826747682538
2012-08-29 13:00:00,183.69284621292672
2012-08-29 14:00:00,158.8668130479782
2012-08-29 15:00:00,178.2594184887631
2012-08-29 16:00:00,272.1752835944347
2012-08-29 17:00:00,517.9931144043542
2012-08-29 18:00:00,485.3655771998656
2012-08-29 19:00:00,372.82764639291736
2012-08-29 20:00:00,279.91629858875706
2012-08-29 21:00:00,208.27781613899276
2012-08-29 22:00:00,160.54720449329002
2012-08-29 23:00:00,91.19510151045588
2012-08-30 00:00:00,43.854409943562025
2012-08-30 01:00:00,18.31927117964253
2012-08-30 02:00:00,7.666927085326236
2012-08-30 03:00:00,3.8913159287742456
2012-08-30 04:00:00,4.177076278833092
2012-08-30 05:00:00,24.75817996087936
2012-08-30 06:00:00,101.3583462801973
2012-08-30 07:00:00,274.8891242713298
2012-08-30 08:00:00,432.8771904295213
2012-08-30 09:00:00,216.2417941975459
2012-08-30 10:00:00,118.78262973487037
2012-08-30 11:00:00,150.8402573508797
2012-08-30 12:00:00,209.3239989114224
2012-08-30 13:00:00,194.86656795838942
2012-08-30 14:00:00,159.63663831504343
2012-08-30 15:00:00,169.16068646565466
2012-08-30 16:00:00,273.9593412634226
2012-08-30 17:00:00,524.8870566979422
2012-08-30 18:00:00,452.5077431333795
2012-08-30 19:00:00,377.07210753237706
2012-08-30 20:00:00,274.3278845265479
2012-08-30 21:00:00,208.05646549327102
2012-08-30 22:00:00,160.19592020003358
2012-08-30 23:00:00,100.71545552335488
2012-08-31 00:00:00,46.23852861343473
2012-08-31 01:00:00,20.414326278864987
2012-08-31 02:00:00,8.93846622139603
2012-08-31 03:00:00,4.098208724637653
2012-08-31 04:00:00,4.068677050096883
2012-08-31 05:00:00,16.69339918482436
2012-08-31 06:00:00,62.510532703640465
2012-08-31 07:00:00,164.5568744672958
2012-08-31 08:00:00,303.7835762649278
2012-08-31 09:00:00,175.20771332451451
2012-08-31 10:00:00,144.06861679986957
2012-08-31 11:00:00,164.64542213997166
2012-08-31 12:00:00,220.26089040955378
2012-08-31 13:00:00,234.00590575744528
2012-08-31 14:00:00,201.72518834589158
2012-08-31 15:00:00,194.93156160328715
2012-08-31 16:00:00,296.9360969026165
2012-08-31 17:00:00,447.41070415603053
2012-08-31 18:00:00,410.80054322960484
2012-08-31 19:00:00,304.7867610725396
2012-08-31 20:00:00,213.4527436619578
2012-08-31 21:00:00,163.53525010578753
2012-08-31 22:00:00,145.1890462183327
2012-08-31 23:00:00,109.43075665775737
2012-09-20 00:00:00,31.123930774030768
2012-09-20 01:00:00,11.536633098336052
2012-09-20 02:00:00,6.018403475232832
2012-09-20 03:00:00,3.460784514602583
2012-09-20 04:00:00,3.3418140272453165
2012-09-20 05:00:00,23.454121679278213
2012-09-20 06:00:00,103.19123977773408
2012-09-20 07:00:00,301.4258223738648
2012-09-20 08:00:00,461.2660926612478
2012-09-20 09:00:00,217.58669685253307
2012-09-20 10:00:00,114.51658740815027
2012-09-20 11:00:00,138.27849102411054
2012-09-20 12:00:00,204.68757193031266
2012-09-20 13:00:00,183.30350210647623
2012-09-20 14:00:00,161.40656229565553
2012-09-20 15:00:00,173.0094289355638
2012-09-20 16:00:00,273.6265979956053
2012-09-20 17:00:00,482.4855389459579
2012-09-20 18:00:00,480.1699282311702
2012-09-20 19:00:00,316.87371592719427
2012-09-20 20:00:00,249.1671208427502
2012-09-20 21:00:00,192.72084871716677
2012-09-20 22:00:00,123.80895453649916
2012-09-20 23:00:00,87.35941971886092
2012-09-21 00:00:00,45.25160929501205
2012-09-21 01:00:00,18.921055528200238
2012-09-21 02:00:00,9.214088789315523
2012-09-21 03:00:00,4.538580348011378
2012-09-21 04:00:00,3.433946294948811
2012-09-21 05:00:00,19.806849594011208
2012-09-21 06:00:00,79.97305987931587
2012-09-21 07:00:00,248.19193959396804
2012-09-21 08:00:00,397.9982243222754
2012-09-21 09:00:00,210.16707788887106
2012-09-21 10:00:00,144.49946170260458
2012-09-21 11:00:00,183.49961656788423
2012-09-21 12:00:00,235.340906111253
2012-09-21 13:00:00,206.93743438095555
2012-09-21 14:00:00,195.13655606705512
2012-09-21 15:00:00,224.41352644245043
2012-09-21 16:00:00,311.88276676267174
2012-09-21 17:00:00,453.8797971747982
2012-09-21 18:00:00,388.96845190496174
2012-09-21 19:00:00,280.0516239294034
2012-09-21 20:00:00,209.45550406583212
2012-09-21 21:00:00,148.63440424024293
2012-09-21 22:00:00,156.6992088199138
2012-09-21 23:00:00,97.45284472920805
2012-09-22 00:00:00,110.68037297804355
2012-09-22 01:00:00,67.76219444251939
2012-09-22 02:00:00,43.08325564111166
2012-09-22 03:00:00,22.376136003582868
2012-09-22 04:00:00,5.5261832963096
2012-09-22 05:00:00,8.055733011571082
2012-09-22 06:00:00,17.607438432892796
2012-09-22 07:00:00,47.31171766643297
2012-09-22 08:00:00,96.71216743777507
2012-09-22 09:00:00,160.10429634143102
2012-09-22 10:00:00,257.65161521152265
2012-09-22 11:00:00,344.96897448441507
2012-09-22 12:00:00,368.9590827751426
2012-09-22 13:00:00,369.03912666892626
2012-09-22 14:00:00,384.1024232016861
2012-09-22 15:00:00,328.52961111615934
2012-09-22 16:00:00,338.1780889699771
2012-09-22 17:00:00,339.3874611318261
2012-09-22 18:00:00,321.97694496985963
2012-09-22 19:00:00,279.19841875460713
2012-09-22 20:00:00,219.58271998351015
2012-09-22 21:00:00,166.3371373784647
2012-09-22 22:00:00,148.02150682029156
2012-09-22 23:00:00,117.31023636941484
2012-09-23 00:00:00,111.05095767341639
2012-09-23 01:00:00,76.05710186607683
2012-09-23 02:00:00,53.353313974372675
2012-09-23 03:00:00,32.71931543785616
2012-09-23 04:00:00,7.941348024734626
2012-09-23 05:00:00,8.810243714755677
2012-09-23 06:00:00,11.87263019007681
2012-09-23 07:00:00,31.9461184190642
2012-09-23 08:00:00,75.08627323647978
2012-09-23 09:00:00,123.3450593432017
2012-09-23 10:00:00,237.37515129784347
2012-09-23 11:00:00,345.9790708013175
2012-09-23 12:00:00,379.32027955875253
2012-09-23 13:00:00,372.0376691446675
2012-09-23 14:00:00,366.6252454512144
2012-09-23 15:00:00,347.563845539414
2012-09-23 16:00:00,365.5691736332912
2012-09-23 17:00:00,258.00528305232604
2012-09-23 18:00:00,213.25038020277913
2012-09-23 19:00:00,170.55890343778907
2012-09-23 20:00:00,131.41372763691044
2012-09-23 21:00:00,108.20195401257496
2012-09-23 22:00:00,84.64400603748382
2012-09-23 23:00:00,50.63148027291053
2012-09-24 00:00:00,19.665981193763745
2012-09-24 01:00:00,7.069346061451636
2012-09-24 02:00:00,2.5964388737709645
2012-09-24 03:00:00,2.247260659658624
2012-09-24 04:00:00,2.293489474755503
2012-09-24 05:00:00,17.054262094085306
2012-09-24 06:00:00,83.81354542088837
2012-09-24 07:00:00,276.45401703964365
2012-09-24 08:00:00,386.409670792598
2012-09-24 09:00:00,180.63520192015804
2012-09-24 10:00:00,83.97234747646702
2012-09-24 11:00:00,110.32753991135388
2012-09-24 12:00:00,133.8850841195804
2012-09-24 13:00:00,140.5143757053437
2012-09-24 14:00:00,118.99075867720204
2012-09-24 15:00:00,129.10327736242076
2012-09-24 16:00:00,199.17877848060763
2012-09-24 17:00:00,325.99133788907017
2012-09-24 18:00:00,342.47900853820477
2012-09-24 19:00:00,216.51391505071464
2012-09-24 20:00:00,183.5052653097522
2012-09-24 21:00:00,126.90480387097158
2012-09-24 22:00:00,79.97659952663307
2012-09-24 23:00:00,42.1371964646281
2012-09-25 00:00:00,19.42453558249901
2012-09-25 01:00:00,5.824663108059318
2012-09-25 02:00:00,2.1779075545076867
2012-09-25 03:00:00,1.4475618388244937
2012-09-25 04:00:00,2.770626307561123
2012-09-25 05:00:00,17.860938697760474
2012-09-25 06:00:00,107.25836711767086
2012-09-25 07:00:00,262.5339208115529
2012-09-25 08:00:00,420.24871953469113
2012-09-25 09:00:00,191.293543938626
2012-09-25 10:00:00,92.781818550676
2012-09-25 11:00:00,121.22124826839439
2012-09-25 12:00:00,158.2820791791508
2012-09-25 13:00:00,145.50322950481177
2012-09-25 14:00:00,142.60003496678274
2012-09-25 15:00:00,158.00613639225057
2012-09-25 16:00:00,239.1564867754675
2012-09-25 17:00:00,395.0722115951552
2012-09-25 18:00:00,414.26292333788643
2012-09-25 19:00:00,272.96797544720175
2012-09-25 20:00:00,222.1528626258967
2012-09-25 21:00:00,164.382010398999
2012-09-25 22:00:00,111.06556194646917
2012-09-25 23:00:00,64.72228460738667
2012-09-26 00:00:00,22.5915637340342
2012-09-26 01:00:00,8.582262877061758
2012-09-26 02:00:00,3.020215982264186
2012-09-26 03:00:00,3.3127021020030067
2012-09-26 04:00:00,2.822595810867591
2012-09-26 05:00:00,23.201950432672906
2012-09-26 06:00:00,105.83162325241783
2012-09-26 07:00:00,275.8499032432702
2012-09-26 08:00:00,443.79060975178913
2012-09-26 09:00:00,188.30464750494198
2012-09-26 10:00:00,96.90933877173966
2012-09-26 11:00:00,117.56428272970936
2012-09-26 12:00:00,144.2634680507833
2012-09-26 13:00:00,141.7101277711962
2012-09-26 14:00:00,126.97174522535609
2012-09-26 15:00:00,141.95487292238738
2012-09-26 16:00:00,227.53836929588226
2012-09-26 17:00:00,403.0910940758054
2012-09-26 18:00:00,430.84869395654226
2012-09-26 19:00:00,284.39132917473347
2012-09-26 20:00:00,220.02103231428336
2012-09-26 21:00:00,161.0581014882803
2012-09-26 22:00:00,65.02444086071716
2012-09-26 23:00:00,53.532386869993374
2012-09-27 00:00:00,24.935271237685022
2012-09-27 01:00:00,11.40761981625683
2012-09-27 02:00:00,4.45173166297771
2012-09-27 03:00:00,3.2952754704710854
2012-09-27 04:00:00,3.0552597558001233
2012-09-27 05:00:00,21.439907660681612
2012-09-27 06:00:00,97.10479787699575
2012-09-27 07:00:00,268.0245033057603
2012-09-27 08:00:00,396.68250447660847
2012-09-27 09:00:00,161.8790338640582
2012-09-27 10:00:00,96.02639263719072
2012-09-27 11:00:00,116.52684544362278
2012-09-27 12:00:00,151.62250228504095
2012-09-27 13:00:00,143.7486644890542
2012-09-27 14:00:00,126.75081595216096
2012-09-27 15:00:00,152.4688310364796
2012-09-27 16:00:00,240.8884604809849
2012-09-27 17:00:00,385.55257380483795
2012-09-27 18:00:00,381.4253462845432
2012-09-27 19:00:00,247.872307821371
2012-09-27 20:00:00,217.2291645979302
2012-09-27 21:00:00,79.44337666355119
2012-09-27 22:00:00,59.60365558158493
2012-09-27 23:00:00,43.300439771549414
2012-09-28 00:00:00,23.060981778277554
2012-09-28 01:00:00,12.499020883006203
2012-09-28 02:00:00,5.513130220941456
2012-09-28 03:00:00,4.547232937580686
2012-09-28 04:00:00,2.888734440151559
2012-09-28 05:00:00,18.36095927852589
2012-09-28 06:00:00,69.36554748943304
2012-09-28 07:00:00,157.33412576907995
2012-09-28 08:00:00,357.58826203811606
2012-09-28 09:00:00,182.9495374277656
2012-09-28 10:00:00,111.96427963408951
2012-09-28 11:00:00,131.07965997375035
2012-09-28 12:00:00,227.78238539730373
2012-09-28 13:00:00,220.29802099679523
2012-09-28 14:00:00,193.24388389928146
2012-09-28 15:00:00,208.37910454600208
2012-09-28 16:00:00,350.2084317666316
2012-09-28 17:00:00,486.45952385146745
2012-09-28 18:00:00,420.87968091496595
2012-09-28 19:00:00,228.6337149350737
2012-09-28 20:00:00,147.21224738647777
2012-09-28 21:00:00,125.55671508809671
2012-09-28 22:00:00,121.72122997427648
2012-09-28 23:00:00,81.85360368620346
2012-09-29 00:00:00,96.98707854878151
2012-09-29 01:00:00,70.00534865404475
2012-09-29 02:00:00,40.883679642079215
2012-09-29 03:00:00,20.910721387172046
2012-09-29 04:00:00,7.374200209046631
2012-09-29 05:00:00,9.875657676559175
2012-09-29 06:00:00,21.569351414737547
2012-09-29 07:00:00,51.565036284284254
2012-09-29 08:00:00,105.12104137072212
2012-09-29 09:00:00,164.15778449518055
2012-09-29 10:00:00,252.04836674610803
2012-09-29 11:00:00,389.4489693410284
2012-09-29 12:00:00,382.6830861082939
2012-09-29 13:00:00,383.2440344388944
2012-09-29 14:00:00,387.0322679916499
2012-09-29 15:00:00,368.74603753772806
2012-09-29 16:00:00,369.04675573408593
2012-09-29 17:00:00,335.41700226713647
2012-09-29 18:00:00,284.6200829688562
2012-09-29 19:00:00,210.84921764592988
2012-09-29 20:00:00,166.17835148921728
2012-09-29 21:00:00,145.55605659218764
2012-09-29 22:00:00,120.0325546342178
2012-09-29 23:00:00,103.51267772148971
2012-09-30 00:00:00,103.9370338173905
2012-09-30 01:00:00,75.89192080127886
2012-09-30 02:00:00,49.3519636788579
2012-09-30 03:00:00,29.967844559433647
2012-09-30 04:00:00,7.9955593410704235
2012-09-30 05:00:00,8.46051502341703
2012-09-30 06:00:00,11.400255144817782
2012-09-30 07:00:00,27.856478138689603
2012-09-30 08:00:00,74.04600355159471
2012-09-30 09:00:00,134.08746957186875
2012-09-30 10:00:00,253.20634971044691
2012-09-30 11:00:00,368.7075017678585
2012-09-30 12:00:00,378.70175011159336
2012-09-30 13:00:00,361.2260002597492
2012-09-30 14:00:00,362.85299194858374
2012-09-30 15:00:00,350.411410223074
2012-09-30 16:00:00,379.625778470705
2012-09-30 17:00:00,294.5788340420836
2012-09-30 18:00:00,182.03967642123195
2012-09-30 19:00:00,121.81054908207813
2012-09-30 20:00:00,91.3598898753339
2012-09-30 21:00:00,106.19562700671828
2012-09-30 22:00:00,79.30170883656413
2012-09-30 23:00:00,54.85225895154553
2012-10-20 00:00:00,87.06083459482839
2012-10-20 01:00:00,50.33181257010659
2012-10-20 02:00:00,34.10360475693782
2012-10-20 03:00:00,14.965877606078575
2012-10-20 04:00:00,8.032549601134624
2012-10-20 05:00:00,10.301669509632056
2012-10-20 06:00:00,19.697663175717896
2012-10-20 07:00:00,47.35569364728903
2012-10-20 08:00:00,105.81453758155043
2012-10-20 09:00:00,175.05300305321032
2012-10-20 10:00:00,221.41537048814791
2012-10-20 11:00:00,322.385294000908
2012-10-20 12:00:00,343.84632844437164
2012-10-20 13:00:00,351.98639817123893
2012-10-20 14:00:00,333.84734833969463
2012-10-20 15:00:00,370.4009002139749
2012-10-20 16:00:00,364.9394215837546
2012-10-20 17:00:00,342.9134939090252
2012-10-20 18:00:00,271.4661548502404
2012-10-20 19:00:00,205.54944059581834
2012-10-20 20:00:00,155.17523717174728
2012-10-20 21:00:00,140.9996744290361
2012-10-20 22:00:00,112.89821009776573
2012-10-20 23:00:00,102.57069845408097
2012-10-21 00:00:00,79.11225732367004
2012-10-21 01:00:00,53.158916246619484
2012-10-21 02:00:00,42.634805702289015
2012-10-21 03:00:00,22.203761239684344
2012-10-21 04:00:00,7.342553689366609
2012-10-21 05:00:00,7.215353107678098
2012-10-21 06:00:00,12.364518447975705
2012-10-21 07:00:00,33.942886885616076
2012-10-21 08:00:00,73.49100375669154
2012-10-21 09:00:00,140.2475580464959
2012-10-21 10:00:00,216.9068117340077
2012-10-21 11:00:00,290.82410685079304
2012-10-21 12:00:00,349.07217290307443
2012-10-21 13:00:00,347.30171780763123
2012-10-21 14:00:00,325.5014531584633
2012-10-21 15:00:00,313.1723912144579
2012-10-21 16:00:00,342.8306833529217
2012-10-21 17:00:00,273.4084327709588
2012-10-21 18:00:00,234.57277682338648
2012-10-21 19:00:00,175.83363947029545
2012-10-21 20:00:00,138.82476763712336
2012-10-21 21:00:00,100.7799299773371
2012-10-21 22:00:00,80.69669094820914
2012-10-21 23:00:00,52.72603430851324
2012-10-22 00:00:00,19.252958894523587
2012-10-22 01:00:00,7.788475985035188
2012-10-22 02:00:00,2.7948317143244155
2012-10-22 03:00:00,2.4510326415210235
2012-10-22 04:00:00,4.059713334578764
2012-10-22 05:00:00,19.972453891137395
2012-10-22 06:00:00,93.35851428777055
2012-10-22 07:00:00,283.750239533259
2012-10-22 08:00:00,410.3962776324758
2012-10-22 09:00:00,239.42937623403728
2012-10-22 10:00:00,112.67392077628155
2012-10-22 11:00:00,146.98159548695926
2012-10-22 12:00:00,174.7295554059582
2012-10-22 13:00:00,183.32642528895005
2012-10-22 14:00:00,157.675364153737
2012-10-22 15:00:00,179.44685915576648
2012-10-22 16:00:00,277.85562864422076
2012-10-22 17:00:00,466.80917680112134
2012-10-22 18:00:00,430.5713939018344
2012-10-22 19:00:00,294.5373751058905
2012-10-22 20:00:00,221.0786812659193
2012-10-22 21:00:00,144.774808682852
2012-10-22 22:00:00,79.90716516788427
2012-10-22 23:00:00,44.691801520508236
2012-10-23 00:00:00,19.719610574004783
2012-10-23 01:00:00,7.8282040777301525
2012-10-23 02:00:00,2.4178650769595422
2012-10-23 03:00:00,2.1756560169227868
2012-10-23 04:00:00,4.275444379645072
2012-10-23 05:00:00,23.951844065314496
2012-10-23 06:00:00,109.51631008877224
2012-10-23 07:00:00,263.71512593493276
2012-10-23 08:00:00,430.1288616798385
2012-10-23 09:00:00,202.88840385286568
2012-10-23 10:00:00,108.91063593635485
2012-10-23 11:00:00,136.8042686265408
2012-10-23 12:00:00,179.3665795444838
2012-10-23 13:00:00,145.075733691975
2012-10-23 14:00:00,182.22548971581395
2012-10-23 15:00:00,206.21817757981074
2012-10-23 16:00:00,304.0399660881058
2012-10-23 17:00:00,542.4957318148865
2012-10-23 18:00:00,541.9274083483577
2012-10-23 19:00:00,371.72163660908376
2012-10-23 20:00:00,278.38285264871797
2012-10-23 21:00:00,171.0873015477419
2012-10-23 22:00:00,133.27891317256575
2012-10-23 23:00:00,66.94969524849768
2012-10-24 00:00:00,30.576534696117925
2012-10-24 01:00:00,12.189324675617408
2012-10-24 02:00:00,4.112418076373237
2012-10-24 03:00:00,4.000686431203118
2012-10-24 04:00:00,4.058860616811627
2012-10-24 05:00:00,29.530120771119016
2012-10-24 06:00:00,119.95356700835234
2012-10-24 07:00:00,301.0499047504722
2012-10-24 08:00:00,419.873359216301
2012-10-24 09:00:00,217.3229848432662
2012-10-24 10:00:00,113.60711628731687
2012-10-24 11:00:00,130.79622165840414
2012-10-24 12:00:00,177.10568379604322
2012-10-24 13:00:00,166.0418166125464
2012-10-24 14:00:00,163.93315706972655
2012-10-24 15:00:00,204.3715756345294
2012-10-24 16:00:00,296.2384723421316
2012-10-24 17:00:00,528.8872122229128
2012-10-24 18:00:00,447.0422299996398
2012-10-24 19:00:00,402.9841229359193
2012-10-24 20:00:00,296.1712055300495
2012-10-24 21:00:00,201.07834229226273
2012-10-24 22:00:00,144.87220179560984
2012-10-24 23:00:00,70.5947968046776
2012-10-25 00:00:00,34.236087543923745
2012-10-25 01:00:00,14.734341017275423
2012-10-25 02:00:00,5.478107223022236
2012-10-25 03:00:00,2.9760383137517357
2012-10-25 04:00:00,4.225773399452765
2012-10-25 05:00:00,22.220364104550534
2012-10-25 06:00:00,96.45163909224836
2012-10-25 07:00:00,263.7895634844353
2012-10-25 08:00:00,413.27927094570197
2012-10-25 09:00:00,210.23324192327533
2012-10-25 10:00:00,102.71193151533836
2012-10-25 11:00:00,121.25128653541223
2012-10-25 12:00:00,156.68257194607756
2012-10-25 13:00:00,120.68285289115789
2012-10-25 14:00:00,152.41071365678684
2012-10-25 15:00:00,178.34329973853252
2012-10-25 16:00:00,275.03248928888
2012-10-25 17:00:00,474.215634330053
2012-10-25 18:00:00,364.8314796696453
2012-10-25 19:00:00,246.21659682166003
2012-10-25 20:00:00,171.06457843950508
2012-10-25 21:00:00,128.85944639141812
2012-10-25 22:00:00,110.65164962054051
2012-10-25 23:00:00,59.034937796686044
2012-10-26 00:00:00,35.76514129547319
2012-10-26 01:00:00,12.601360924763728
2012-10-26 02:00:00,5.520508165500729
2012-10-26 03:00:00,3.3044394871717486
2012-10-26 04:00:00,4.492278971983659
2012-10-26 05:00:00,18.030806846017754
2012-10-26 06:00:00,72.67314472028298
2012-10-26 07:00:00,167.13189035214265
2012-10-26 08:00:00,319.6909632716903
2012-10-26 09:00:00,200.80706682445165
2012-10-26 10:00:00,99.47193986339968
2012-10-26 11:00:00,146.1736762339346
2012-10-26 12:00:00,204.54219453996444
2012-10-26 13:00:00,187.40252986099873
2012-10-26 14:00:00,189.63882260168057
2012-10-26 15:00:00,228.19545794674372
2012-10-26 16:00:00,271.1521783899949
2012-10-26 17:00:00,393.5644644217875
2012-10-26 18:00:00,317.15775523167616
2012-10-26 19:00:00,194.0630490404782
2012-10-26 20:00:00,142.96380102766727
2012-10-26 21:00:00,116.39386887801692
2012-10-26 22:00:00,98.36345103087932
2012-10-26 23:00:00,84.33341887607875
2012-10-27 00:00:00,90.87901687663597
2012-10-27 01:00:00,51.13810484302534
2012-10-27 02:00:00,29.518643217640392
2012-10-27 03:00:00,16.630029846474407
2012-10-27 04:00:00,7.4432216372433935
2012-10-27 05:00:00,8.834439855358305
2012-10-27 06:00:00,17.0134061197955
2012-10-27 07:00:00,46.0436026560059
2012-10-27 08:00:00,101.62608632100908
2012-10-27 09:00:00,162.58605605158584
2012-10-27 10:00:00,224.02163508259704
2012-10-27 11:00:00,335.2182117883255
2012-10-27 12:00:00,365.8017112701852
2012-10-27 13:00:00,382.58723255187755
2012-10-27 14:00:00,369.50496939815713
2012-10-27 15:00:00,318.5707268930852
2012-10-27 16:00:00,326.80009315087096
2012-10-27 17:00:00,297.5542120574004
2012-10-27 18:00:00,260.73224330821284
2012-10-27 19:00:00,168.23613049491337
2012-10-27 20:00:00,131.23812654155728
2012-10-27 21:00:00,110.49488322858578
2012-10-27 22:00:00,96.73678717367778
2012-10-27 23:00:00,78.89767802783018
2012-10-28 00:00:00,73.14491955655107
2012-10-28 01:00:00,54.573008760844175
2012-10-28 02:00:00,41.28333555261754
2012-10-28 03:00:00,21.862217817851274
2012-10-28 04:00:00,8.40122241558914
2012-10-28 05:00:00,7.530679913051369
2012-10-28 06:00:00,11.623430034763647
2012-10-28 07:00:00,34.19853998384956
2012-10-28 08:00:00,68.96860691814967
2012-10-28 09:00:00,122.93584260354834
2012-10-28 10:00:00,172.5703704629844
2012-10-28 11:00:00,248.15904372391086
2012-10-28 12:00:00,216.93729411166564
2012-10-28 13:00:00,229.42675083721554
2012-10-28 14:00:00,212.70370468424798
2012-10-28 15:00:00,195.54644555518178
2012-10-28 16:00:00,159.74978467744933
2012-10-28 17:00:00,138.61713832638924
2012-10-28 18:00:00,74.79194687773652
2012-10-28 19:00:00,63.49744908888424
2012-10-28 20:00:00,44.85769326050013
2012-10-28 21:00:00,44.44024095165322
2012-10-28 22:00:00,38.167374704257654
2012-10-28 23:00:00,26.283881224057566
2012-10-29 00:00:00,13.323801766864012
2012-10-30 13:00:00,67.36367101291931
2012-10-30 14:00:00,61.22452957089298
2012-10-30 15:00:00,53.56274661037846
2012-10-30 16:00:00,86.81506219122798
2012-10-30 17:00:00,211.14874477174052
2012-10-30 18:00:00,148.96184252165014
2012-10-30 19:00:00,292.6501592292039
2012-10-30 20:00:00,126.04110104267254
2012-10-30 21:00:00,76.58390452684772
2012-10-30 22:00:00,66.42825382967689
2012-10-30 23:00:00,38.25882093297226
2012-10-31 00:00:00,15.728135084546789
2012-10-31 01:00:00,6.1764292238321605
2012-10-31 02:00:00,2.743305331817433
2012-10-31 03:00:00,2.4568298063673426
2012-10-31 04:00:00,2.9627533913672712
2012-10-31 05:00:00,20.2882280329952
2012-10-31 06:00:00,89.4460695555102
2012-10-31 07:00:00,195.48289968613736
2012-10-31 08:00:00,454.5360332234602
2012-10-31 09:00:00,248.38795668900863
2012-10-31 10:00:00,109.33240180155822
2012-10-31 11:00:00,131.94047312887727
2012-10-31 12:00:00,170.78317933556508
2012-10-31 13:00:00,180.69049123207233
2012-10-31 14:00:00,145.9174788055074
2012-10-31 15:00:00,182.08510659925548
2012-10-31 16:00:00,233.7953655584677
2012-10-31 17:00:00,459.1508271818627
2012-10-31 18:00:00,455.3640582569141
2012-10-31 19:00:00,316.4608538062659
2012-10-31 20:00:00,216.44786411842122
2012-10-31 21:00:00,156.09988644777613
2012-10-31 22:00:00,105.25327247414525
2012-10-31 23:00:00,59.41238307088741
2012-11-20 00:00:00,15.113220887672256
2012-11-20 01:00:00,5.9651036255715315
2012-11-20 02:00:00,2.0282358479497913
2012-11-20 03:00:00,1.5974508183921667
2012-11-20 04:00:00,3.0290619188629684
2012-11-20 05:00:00,19.670406017118992
2012-11-20 06:00:00,85.23246181418978
2012-11-20 07:00:00,229.24698488917952
2012-11-20 08:00:00,429.307684151225
2012-11-20 09:00:00,167.7795803203104
2012-11-20 10:00:00,85.46962564369088
2012-11-20 11:00:00,94.06544329185927
2012-11-20 12:00:00,112.53204852288349
2012-11-20 13:00:00,102.05276545124411
2012-11-20 14:00:00,121.6241408508924
2012-11-20 15:00:00,124.8502179049029
2012-11-20 16:00:00,172.1903754908568
2012-11-20 17:00:00,343.4959822253547
2012-11-20 18:00:00,318.1519129061726
2012-11-20 19:00:00,193.73997141268228
2012-11-20 20:00:00,119.0052104722624
2012-11-20 21:00:00,109.63144037242077
2012-11-20 22:00:00,70.25637402223767
2012-11-20 23:00:00,42.367569414864235
2012-11-21 00:00:00,13.653250174540618
2012-11-21 01:00:00,6.246906201558711
2012-11-21 02:00:00,2.5824610675789796
2012-11-21 03:00:00,1.9782569034742572
2012-11-21 04:00:00,2.462745447502754
2012-11-21 05:00:00,18.40003415326535
2012-11-21 06:00:00,68.44252205356999
2012-11-21 07:00:00,196.8709071130685
2012-11-21 08:00:00,382.6329581977147
2012-11-21 09:00:00,202.4196529913892
2012-11-21 10:00:00,84.37169628252181
2012-11-21 11:00:00,122.73096258131685
2012-11-21 12:00:00,147.2710825120564
2012-11-21 13:00:00,134.39394828644444
2012-11-21 14:00:00,112.75046268720516
2012-11-21 15:00:00,136.89206849860724
2012-11-21 16:00:00,183.02737507708724
2012-11-21 17:00:00,343.76967933131874
2012-11-21 18:00:00,344.10087662845194
2012-11-21 19:00:00,211.472635407676
2012-11-21 20:00:00,156.37740004965494
2012-11-21 21:00:00,122.69298446603015
2012-11-21 22:00:00,76.6994626338142
2012-11-21 23:00:00,48.04781283375136
2012-11-22 00:00:00,38.74506659884114
2012-11-22 01:00:00,18.709530935071456
2012-11-22 02:00:00,10.921257738915847
2012-11-22 03:00:00,4.8313449757567
2012-11-22 04:00:00,2.5948707700132783
2012-11-22 05:00:00,10.594395116114114
2012-11-22 06:00:00,24.555664404158765
2012-11-22 07:00:00,67.01829030888761
2012-11-22 08:00:00,153.35221400129697
2012-11-22 09:00:00,166.08537293367064
2012-11-22 10:00:00,145.48467592968407
2012-11-22 11:00:00,177.78909426620663
2012-11-22 12:00:00,199.41986445440784
2012-11-22 13:00:00,179.82819147293586
2012-11-22 14:00:00,180.74101745461752
2012-11-22 15:00:00,195.81260494635347
2012-11-22 16:00:00,245.5107640343058
2012-11-22 17:00:00,265.2651485596002
2012-11-22 18:00:00,239.94484759833853
2012-11-22 19:00:00,184.08214361041138
2012-11-22 20:00:00,134.1631887840675
2012-11-22 21:00:00,96.04078994822157
2012-11-22 22:00:00,82.02048156450155
2012-11-22 23:00:00,49.879809102284284
2012-11-23 00:00:00,25.077302502617986
2012-11-23 01:00:00,10.829119917076392
2012-11-23 02:00:00,4.5401573614911985
2012-11-23 03:00:00,2.7424639523403775
2012-11-23 04:00:00,2.7052962990149565
2012-11-23 05:00:00,18.133618680604414
2012-11-23 06:00:00,64.93505463553697
2012-11-23 07:00:00,172.053807879188
2012-11-23 08:00:00,329.81158664977863
2012-11-23 09:00:00,217.62860231990624
2012-11-23 10:00:00,104.44411871450956
2012-11-23 11:00:00,148.8299888483796
2012-11-23 12:00:00,186.2320064577134
2012-11-23 13:00:00,181.49276751257514
2012-11-23 14:00:00,166.30336457442652
2012-11-23 15:00:00,177.53056039730146
2012-11-23 16:00:00,246.57341987823048
2012-11-23 17:00:00,373.6225218493996
2012-11-23 18:00:00,304.34537838425365
2012-11-23 19:00:00,228.8451607844014
2012-11-23 20:00:00,139.8163532101729
2012-11-23 21:00:00,126.07488570067771
2012-11-23 22:00:00,99.3660046620379
2012-11-23 23:00:00,69.66073892268251
2012-11-24 00:00:00,56.92874612748881
2012-11-24 01:00:00,33.93086522116149
2012-11-24 02:00:00,21.242045277501933
2012-11-24 03:00:00,11.73063470672814
2012-11-24 04:00:00,4.349326422733054
2012-11-24 05:00:00,3.6232200809668544
2012-11-24 06:00:00,9.67055865122058
2012-11-24 07:00:00,28.189321671949855
2012-11-24 08:00:00,65.74114102742396
2012-11-24 09:00:00,101.25923152093463
2012-11-24 10:00:00,141.44071516238878
2012-11-24 11:00:00,166.99495731808435
2012-11-24 12:00:00,206.92986161439435
2012-11-24 13:00:00,218.792309055484
2012-11-24 14:00:00,190.31844139722529
2012-11-24 15:00:00,207.72289647173955
2012-11-24 16:00:00,170.7755895621955
2012-11-24 17:00:00,149.24705886204083
2012-11-24 18:00:00,122.66031363270613
2012-11-24 19:00:00,102.67527244784597
2012-11-24 20:00:00,70.67194011804139
2012-11-24 21:00:00,65.33277882867733
2012-11-24 22:00:00,58.693584809425786
2012-11-24 23:00:00,50.71654478192557
2012-11-25 00:00:00,41.69605775312358
2012-11-25 01:00:00,31.94204442998617
2012-11-25 02:00:00,20.793465933992714
2012-11-25 03:00:00,17.35334683890316
2012-11-25 04:00:00,4.603421628283996
2012-11-25 05:00:00,4.232709445841235
2012-11-25 06:00:00,7.33379639864388
2012-11-25 07:00:00,22.45846103868636
2012-11-25 08:00:00,55.924178488269284
2012-11-25 09:00:00,87.0040414618396
2012-11-25 10:00:00,129.95597928005694
2012-11-25 11:00:00,159.9357614624405
2012-11-25 12:00:00,229.07544042900142
2012-11-25 13:00:00,216.21578417535375
2012-11-25 14:00:00,186.59237431560055
2012-11-25 15:00:00,204.56384962075683
2012-11-25 16:00:00,200.05381433516123
2012-11-25 17:00:00,149.7617797300672
2012-11-25 18:00:00,125.35924258981342
2012-11-25 19:00:00,106.64416746576995
2012-11-25 20:00:00,78.84027613143132
2012-11-25 21:00:00,65.73548565418854
2012-11-25 22:00:00,47.464278235639576
2012-11-25 23:00:00,31.187192615788952
2012-11-26 00:00:00,11.189904681306736
2012-11-26 01:00:00,5.387579314268997
2012-11-26 02:00:00,2.0435314008293086
2012-11-26 03:00:00,1.4217428855186278
2012-11-26 04:00:00,2.6341264289239263
2012-11-26 05:00:00,17.21024746279337
2012-11-26 06:00:00,78.83589774466166
2012-11-26 07:00:00,209.06551817780667
2012-11-26 08:00:00,400.0635126799662
2012-11-26 09:00:00,205.09592608399828
2012-11-26 10:00:00,85.54655408744357
2012-11-26 11:00:00,109.9619765987772
2012-11-26 12:00:00,134.1582504407364
2012-11-26 13:00:00,130.26323181357432
2012-11-26 14:00:00,111.93393650735554
2012-11-26 15:00:00,133.39416351851395
2012-11-26 16:00:00,172.90956405005747
2012-11-26 17:00:00,317.5097273352236
2012-11-26 18:00:00,313.54195469878846
2012-11-26 19:00:00,219.382219353048
2012-11-26 20:00:00,155.51662082363046
2012-11-26 21:00:00,119.06931877473063
2012-11-26 22:00:00,61.43048972860414
2012-11-26 23:00:00,33.83736464203879
2012-11-27 00:00:00,12.401959948465409
2012-11-27 01:00:00,5.232383118949758
2012-11-27 02:00:00,2.2838321007700966
2012-11-27 03:00:00,1.147650175954663
2012-11-27 04:00:00,1.9152792419425606
2012-11-27 05:00:00,17.667204895480108
2012-11-27 06:00:00,80.33225043684281
2012-11-27 07:00:00,119.29024738225958
2012-11-27 08:00:00,205.2184209870834
2012-11-27 09:00:00,176.54194101758173
2012-11-27 10:00:00,45.01690267909896
2012-11-27 11:00:00,40.26471733444886
2012-11-27 12:00:00,40.15430068991231
2012-11-27 13:00:00,40.173386456740445
2012-11-27 14:00:00,38.91338324614796
2012-11-27 15:00:00,93.5280343616682
2012-11-27 16:00:00,124.50264377948876
2012-11-27 17:00:00,254.9970434297558
2012-11-27 18:00:00,245.63358386287447
2012-11-27 19:00:00,175.37614637442178
2012-11-27 20:00:00,119.98025480812535
2012-11-27 21:00:00,89.35433805809815
2012-11-27 22:00:00,52.40586397083245
2012-11-27 23:00:00,29.4659123933213
2012-11-28 00:00:00,11.054833282404864
2012-11-28 01:00:00,5.8501541341706815
2012-11-28 02:00:00,2.86726321361445
2012-11-28 03:00:00,2.350532197968696
2012-11-28 04:00:00,2.491100377697052
2012-11-28 05:00:00,19.92819946417041
2012-11-28 06:00:00,78.58676265653895
2012-11-28 07:00:00,241.43250598269157
2012-11-28 08:00:00,369.0547145063546
2012-11-28 09:00:00,203.70983001905287
2012-11-28 10:00:00,90.91997399534938
2012-11-28 11:00:00,109.0486272803818
2012-11-28 12:00:00,125.02499653428535
2012-11-28 13:00:00,131.53118629910813
2012-11-28 14:00:00,98.5203487815783
2012-11-28 15:00:00,118.20217705259326
2012-11-28 16:00:00,152.61584305772135
2012-11-28 17:00:00,300.34931567553576
2012-11-28 18:00:00,279.7999968438805
2012-11-28 19:00:00,184.29910162227188
2012-11-28 20:00:00,129.69308378294323
2012-11-28 21:00:00,103.33636167165442
2012-11-28 22:00:00,67.16354134876336
2012-11-28 23:00:00,41.05958996586814
2012-11-29 00:00:00,16.99379910397489
2012-11-29 01:00:00,7.466071150203643
2012-11-29 02:00:00,2.942159866597849
2012-11-29 04:00:00,2.5001134030712624
2012-11-29 05:00:00,19.666178275073445
2012-11-29 06:00:00,85.18304591704675
2012-11-29 07:00:00,205.64250141543198
2012-11-29 08:00:00,386.5223536455182
2012-11-29 09:00:00,183.1343522908837
2012-11-29 10:00:00,86.2065078062002
2012-11-29 11:00:00,105.69192422901263
2012-11-29 12:00:00,131.50753957169238
2012-11-29 13:00:00,116.38293628993755
2012-11-29 14:00:00,105.05321826026237
2012-11-29 15:00:00,120.78776100720329
2012-11-29 16:00:00,169.8537669577057
2012-11-29 17:00:00,305.5692562910078
2012-11-29 18:00:00,304.37052795770364
2012-11-29 19:00:00,188.88878376744853
2012-11-29 20:00:00,131.61434081311364
2012-11-29 21:00:00,109.55017043929264
2012-11-29 22:00:00,71.99460462451698
2012-11-29 23:00:00,60.00673020928514
2012-11-30 00:00:00,24.51633362122656
2012-11-30 01:00:00,11.006699171453196
2012-11-30 02:00:00,3.987290784043827
2012-11-30 03:00:00,2.5617669222563193
2012-11-30 04:00:00,2.4813637947466325
2012-11-30 05:00:00,17.469819659342633
2012-11-30 06:00:00,59.388444114655215
2012-11-30 07:00:00,168.18031993742372
2012-11-30 08:00:00,343.26486567826345
2012-11-30 09:00:00,210.52131598999608
2012-11-30 10:00:00,100.17357413784677
2012-11-30 11:00:00,141.70962478257138
2012-11-30 12:00:00,168.09731973332057
2012-11-30 13:00:00,183.39696818615306
2012-11-30 14:00:00,151.5635511754744
2012-11-30 15:00:00,178.01667831631258
2012-11-30 16:00:00,235.25006713617432
2012-11-30 17:00:00,331.1832525677041
2012-11-30 18:00:00,263.33987215024274
2012-11-30 19:00:00,186.40683636407388
2012-11-30 20:00:00,124.22020480824004
2012-11-30 21:00:00,92.1874710204697
2012-11-30 22:00:00,76.58718397211422
2012-11-30 23:00:00,52.623970177177576
2012-12-20 00:00:00,24.16163731679005
2012-12-20 01:00:00,11.339582409949976
2012-12-20 02:00:00,4.665362410423328
2012-12-20 03:00:00,2.7206695999877604
2012-12-20 04:00:00,2.6519781416049883
2012-12-20 05:00:00,20.975640259171634
2012-12-20 06:00:00,79.62827133627518
2012-12-20 07:00:00,242.5107753818296
2012-12-20 08:00:00,445.049253006624
2012-12-20 09:00:00,205.03401399617704
2012-12-20 10:00:00,94.11978186960032
2012-12-20 11:00:00,115.13813105633167
2012-12-20 12:00:00,139.22147066902397
2012-12-20 13:00:00,123.7814132797515
2012-12-20 14:00:00,107.92940438004543
2012-12-20 15:00:00,130.05709912371947
2012-12-20 16:00:00,168.9287240272043
2012-12-20 17:00:00,337.12588530677266
2012-12-20 18:00:00,277.0294276451892
2012-12-20 19:00:00,103.69955369766028
2012-12-20 20:00:00,85.10820434955599
2012-12-20 21:00:00,64.67453679233543
2012-12-20 22:00:00,41.530759358158264
2012-12-20 23:00:00,33.69312167055924
2012-12-21 00:00:00,16.780711569449778
2012-12-21 01:00:00,7.077608017860818
2012-12-21 02:00:00,3.2917223081935294
2012-12-21 03:00:00,1.4035403291340907
2012-12-21 04:00:00,1.7072066641433494
2012-12-21 05:00:00,13.1324994641912
2012-12-21 06:00:00,51.71854471412574
2012-12-21 07:00:00,140.0194095658555
2012-12-21 08:00:00,302.5370989504187
2012-12-21 09:00:00,154.11433525009855
2012-12-21 10:00:00,83.13417663331647
2012-12-21 11:00:00,93.85528209614267
2012-12-21 12:00:00,112.78667581584962
2012-12-21 13:00:00,118.62954694230206
2012-12-21 14:00:00,86.64265628834522
2012-12-21 15:00:00,101.38823529466913
2012-12-21 16:00:00,139.37690038188688
2012-12-21 17:00:00,239.4318551796503
2012-12-21 18:00:00,190.85790085328904
2012-12-21 19:00:00,139.183349200227
2012-12-21 20:00:00,87.30563756701883
2012-12-21 21:00:00,55.85878844655402
2012-12-21 22:00:00,52.369666888865716
2012-12-21 23:00:00,42.8682620004258
2012-12-22 00:00:00,31.52680851800949
2012-12-22 01:00:00,25.78095011972439
2012-12-22 02:00:00,15.61525727870923
2012-12-22 03:00:00,9.135950381105829
2012-12-22 04:00:00,1.7856488353464552
2012-12-22 05:00:00,2.1461778224722297
2012-12-22 06:00:00,4.95308305200012
2012-12-22 07:00:00,12.32348859487431
2012-12-22 08:00:00,29.77782513516793
2012-12-22 09:00:00,63.08331857129242
2012-12-22 10:00:00,108.48927209786825
2012-12-22 11:00:00,130.6840957347466
2012-12-22 12:00:00,132.96909092896362
2012-12-22 13:00:00,143.58843418711416
2012-12-22 14:00:00,131.9958272469899
2012-12-22 15:00:00,126.9045225973152
2012-12-22 16:00:00,119.89129790597607
2012-12-22 17:00:00,100.4738180622005
2012-12-22 18:00:00,70.41990655510656
2012-12-22 19:00:00,58.609284104441244
2012-12-22 20:00:00,50.471538567946745
2012-12-22 21:00:00,36.68542813784862
2012-12-22 22:00:00,38.15343490535097
2012-12-22 23:00:00,31.83135845660796
2012-12-23 00:00:00,25.985774662503292
2012-12-23 01:00:00,29.309355314629475
2012-12-23 02:00:00,26.575009074593773
2012-12-23 03:00:00,12.465966831847858
2012-12-23 04:00:00,1.713779073549563
2012-12-23 05:00:00,1.6706626289767108
2012-12-23 06:00:00,2.745653136050132
2012-12-23 07:00:00,8.761036180765378
2012-12-23 08:00:00,25.056838056564924
2012-12-23 09:00:00,59.5803617790403
2012-12-23 10:00:00,91.16046710329827
2012-12-23 11:00:00,110.6943776127596
2012-12-23 12:00:00,181.5319942496646
2012-12-23 13:00:00,170.54754392422018
2012-12-23 14:00:00,133.15078618001075
2012-12-23 15:00:00,147.10484885229565
2012-12-23 16:00:00,140.51531986680405
2012-12-23 17:00:00,113.09361164733401
2012-12-23 18:00:00,83.78546695443951
2012-12-23 19:00:00,68.17485890923096
2012-12-23 20:00:00,52.10143579979254
2012-12-23 21:00:00,33.47119175042747
2012-12-23 22:00:00,27.362729893475603
2012-12-23 23:00:00,18.558335846554353
2012-12-24 00:00:00,12.011651782769192
2012-12-24 01:00:00,5.939142464384568
2012-12-24 02:00:00,2.15216210858085
2012-12-24 03:00:00,1.4138459351689554
2012-12-24 05:00:00,12.460671350945725
2012-12-24 06:00:00,49.73762689239151
2012-12-24 07:00:00,149.28446988561558
2012-12-24 08:00:00,303.58101500900415
2012-12-24 09:00:00,147.12015285678532
2012-12-24 10:00:00,67.90518035623936
2012-12-24 11:00:00,72.82969887827926
2012-12-24 12:00:00,86.51506941641995
2012-12-24 13:00:00,59.380277363846176
2012-12-24 14:00:00,52.311765148614874
2012-12-24 15:00:00,43.61209775037204
2012-12-24 16:00:00,67.33218759013053
2012-12-24 17:00:00,131.69096988636556
2012-12-24 18:00:00,116.22453426639542
2012-12-24 19:00:00,132.7714705611199
2012-12-24 20:00:00,53.30547246150815
2012-12-24 21:00:00,42.627206014553884
2012-12-24 22:00:00,44.42683725580036
2012-12-24 23:00:00,19.765406185163947
2012-12-25 00:00:00,19.502745468552497
2012-12-25 01:00:00,13.523753952615666
2012-12-25 02:00:00,9.543536025977732
2012-12-25 04:00:00,2.7201313579087687
2012-12-25 05:00:00,6.745107069489398
2012-12-25 06:00:00,10.353578360221515
2012-12-25 07:00:00,23.980266110384633
2012-12-25 08:00:00,67.56101907578324
2012-12-25 09:00:00,135.94174449387853
2012-12-25 10:00:00,112.64831384926688
2012-12-25 11:00:00,141.5078767963212
2012-12-25 12:00:00,159.04170301719722
2012-12-25 13:00:00,182.50354870142138
2012-12-25 14:00:00,161.7732687298621
2012-12-25 15:00:00,183.4658055008107
2012-12-25 16:00:00,211.43928492063975
2012-12-25 17:00:00,232.71293462782285
2012-12-25 18:00:00,211.00633611702824
2012-12-25 19:00:00,171.1652469214935
2012-12-25 20:00:00,115.21975554625645
2012-12-25 21:00:00,80.57394002807497
2012-12-25 22:00:00,62.99711230365083
2012-12-25 23:00:00,32.267907829706246
2012-12-26 00:00:00,12.987125545738305
2012-12-26 01:00:00,4.963539053589092
2012-12-26 02:00:00,2.5242442224031896
2012-12-26 03:00:00,1.7082311107375023
2012-12-26 04:00:00,0.8207637305625497
2012-12-26 05:00:00,14.33806827701972
2012-12-26 06:00:00,49.29752655579216
2012-12-26 07:00:00,53.68967338366655
2012-12-26 08:00:00,122.9281743991253
2012-12-26 09:00:00,77.4853110345189
2012-12-26 10:00:00,37.198818184102095
2012-12-26 11:00:00,25.40392558434194
2012-12-26 12:00:00,27.84804321266001
2012-12-26 13:00:00,33.78195193454431
2012-12-26 14:00:00,31.701580435542148
2012-12-26 15:00:00,32.02084339797953
2012-12-26 16:00:00,43.20002000410703
2012-12-26 17:00:00,95.09736832375519
2012-12-26 18:00:00,86.09408507219946
2012-12-26 19:00:00,84.17823967629717
2012-12-26 20:00:00,51.922105064713946
2012-12-26 21:00:00,64.13315599042353
2012-12-26 22:00:00,21.156311711136198
2012-12-26 23:00:00,16.306905321637064
2012-12-27 00:00:00,8.506075620647884
2012-12-27 01:00:00,2.7359394796790695
2012-12-27 02:00:00,2.4476471023103037
2012-12-27 03:00:00,1.9451345475158002
2012-12-27 04:00:00,1.6510092241391843
2012-12-27 05:00:00,13.330495415450752
2012-12-27 06:00:00,49.665291884214284
2012-12-27 07:00:00,165.68121685045188
2012-12-27 08:00:00,328.55861379078596
2012-12-27 09:00:00,149.50357139862658
2012-12-27 10:00:00,66.83170522471033
2012-12-27 11:00:00,79.10208426965289
2012-12-27 12:00:00,99.58572352259641
2012-12-27 13:00:00,100.10457794681908
2012-12-27 14:00:00,64.87975638541809
2012-12-27 15:00:00,74.2971717997517
2012-12-27 16:00:00,123.14735162056763
2012-12-27 17:00:00,262.5702691153298
2012-12-27 18:00:00,244.26442107093447
2012-12-27 19:00:00,151.44254137851763
2012-12-27 20:00:00,116.14899511776888
2012-12-27 21:00:00,78.26110478348228
2012-12-27 22:00:00,54.904516890243514
2012-12-27 23:00:00,36.94427138807887
2012-12-28 00:00:00,20.094856254902002
2012-12-28 01:00:00,9.265862387823972
2012-12-28 02:00:00,4.216946183243226
2012-12-28 03:00:00,2.240818895296725
2012-12-28 04:00:00,1.306453301338681
2012-12-28 05:00:00,12.392081680649293
2012-12-28 06:00:00,44.46230561370944
2012-12-28 07:00:00,129.2667584013506
2012-12-28 08:00:00,290.65702215443093
2012-12-28 09:00:00,162.1776139100804
2012-12-28 10:00:00,83.1423944958245
2012-12-28 11:00:00,102.02464246316865
2012-12-28 12:00:00,130.24588428016384
2012-12-28 13:00:00,128.4751908519795
2012-12-28 14:00:00,104.49994364036608
2012-12-28 15:00:00,127.0293809472179
2012-12-28 16:00:00,165.90087246535043
2012-12-28 17:00:00,250.90354377820148
2012-12-28 18:00:00,198.91575979679683
2012-12-28 19:00:00,139.54297565153243
2012-12-28 20:00:00,93.18527649480741
2012-12-28 21:00:00,64.29105938284746
2012-12-28 22:00:00,57.12832439189179
2012-12-28 23:00:00,45.296561068787284
2012-12-29 00:00:00,43.04336022448574
2012-12-29 01:00:00,40.38274899562658
2012-12-29 02:00:00,28.126700078682507
2012-12-29 03:00:00,13.449916559802393
2012-12-29 04:00:00,2.2348330610100517
2012-12-29 05:00:00,2.42991756351442
2012-12-29 06:00:00,5.10436700707128
2012-12-29 07:00:00,14.429158813263447
2012-12-29 08:00:00,38.767210558406866
2012-12-29 09:00:00,80.828238889538
2012-12-29 10:00:00,69.1112467267814
2012-12-29 11:00:00,56.547996356521665
2012-12-29 12:00:00,51.5364716283529
2012-12-29 13:00:00,54.3567837990405
2012-12-29 14:00:00,123.55454424554506
2012-12-29 15:00:00,115.00556328357965
2012-12-29 16:00:00,156.51628736957517
2012-12-29 17:00:00,110.94688485384233
2012-12-29 18:00:00,95.07805999272203
2012-12-29 19:00:00,76.29100666422087
2012-12-29 20:00:00,38.82570690924481
2012-12-29 21:00:00,34.092313619694345
2012-12-29 22:00:00,32.008092289736595
2012-12-29 23:00:00,31.768689265712275
2012-12-30 00:00:00,30.572583771471532
2012-12-30 01:00:00,27.832869850985546
2012-12-30 02:00:00,24.28835077585001
2012-12-30 03:00:00,11.991671853573731
2012-12-30 04:00:00,2.034198970628206
2012-12-30 05:00:00,1.6038326293840774
2012-12-30 06:00:00,2.5835127066702346
2012-12-30 07:00:00,8.689742396485856
2012-12-30 08:00:00,22.960554828676365
2012-12-30 09:00:00,52.98691899856103
2012-12-30 10:00:00,76.28157457565494
2012-12-30 11:00:00,105.64023513218297
2012-12-30 12:00:00,111.66803413154827
2012-12-30 13:00:00,113.60495899093941
2012-12-30 14:00:00,113.35196483970458
2012-12-30 15:00:00,126.77481905876448
2012-12-30 16:00:00,98.99504100973263
2012-12-30 17:00:00,84.76726934485254
2012-12-30 18:00:00,70.64523567763968
2012-12-30 19:00:00,81.5819263839453
2012-12-30 20:00:00,34.91478439819188
2012-12-30 21:00:00,29.213781865958513
2012-12-30 22:00:00,24.262207115408348
2012-12-30 23:00:00,16.410111019340288
2012-12-31 00:00:00,10.745430683779098
2012-12-31 01:00:00,4.505086383085186
2012-12-31 02:00:00,2.281311459654492
2012-12-31 03:00:00,1.255724421999083
2012-12-31 04:00:00,1.336063164343043
2012-12-31 05:00:00,9.963042457693543
2012-12-31 06:00:00,46.33992529095611
2012-12-31 07:00:00,137.25736529023303
2012-12-31 08:00:00,292.95293121422367
2012-12-31 09:00:00,141.04060706799422
2012-12-31 10:00:00,63.516304814882986
2012-12-31 11:00:00,67.6191500719247
2012-12-31 12:00:00,76.29215369640669
2012-12-31 13:00:00,88.46062510509819
2012-12-31 14:00:00,77.46530181128645
2012-12-31 15:00:00,92.51528873553097
2012-12-31 16:00:00,116.86873937665139
2012-12-31 17:00:00,249.3930610521657
2012-12-31 18:00:00,248.1699298385843
2012-12-31 19:00:00,152.06375574874963
2012-12-31 20:00:00,103.3557301257083
2012-12-31 21:00:00,85.068183236375
2012-12-31 22:00:00,59.19394925472676
2012-12-31 23:00:00,30.393977990121087
